Posting Date,Transaction Date,Amount,Credit Debit Indicator,type,Type Group,Reference,Instructed Currency,Currency Exchange Rate,Instructed Amount,Description,Category,Check Serial Number,Card Ending
11/14/2025,11/14/2025,30.00,Debit,ACH Debit,ACH Debit,,,,,Payment to Synchrony Bank,Dues and Subscriptions,4220268,
11/14/2025,11/14/2025,253.81,Debit,Transfer,Transfer,,,,,Transfer To Credit Card -8715,Dues and Subscriptions,,
11/14/2025,11/14/2025,200.00,Debit,Transfer,Transfer,,,,,Transfer To Checking -5873,Dues and Subscriptions,,
11/14/2025,11/14/2025,70.00,Debit,Transfer,Transfer,,,,,Transfer To Checking -2740,Dues and Subscriptions,,
11/14/2025,11/14/2025,25.00,Debit,Transfer,Transfer,,,,,Transfer To Savings -3298,Dues and Subscriptions,,
11/14/2025,11/14/2025,120.00,Debit,POS,POS,,,,,DEBIT-DC 4581 VENMO *Claudaya St New York NY US,Transfers,,
11/14/2025,11/14/2025,100.00,Credit,Transfer,Transfer,,,,,Transfer From Checking -5873,Dues and Subscriptions,,
11/13/2025,11/13/2025,21.12,Debit,POS,POS,,,,,Walmart,Dues and Subscriptions,,
11/13/2025,11/13/2025,4805.05,Credit,ACH Credit,ACH Credit,,,,,Microsoft Deposit,Paychecks/Salary,11100001,
11/12/2025,11/12/2025,94.99,Debit,ACH Debit,ACH Debit,,,,,Payment to Verizon,Dues and Subscriptions,3100003,
11/12/2025,11/11/2025,47.30,Debit,POS,POS,,,,,Walmart,Dues and Subscriptions,,
11/12/2025,11/10/2025,25.86,Debit,POS,POS,,,,,China Wok,Dues and Subscriptions,,
11/12/2025,11/12/2025,80.00,Credit,Transfer,Transfer,,,,,Transfer From Checking -2298,Dues and Subscriptions,,
11/12/2025,11/12/2025,70.00,Credit,Transfer,Transfer,,,,,Transfer from Zelle,Dues and Subscriptions,,
11/10/2025,11/10/2025,100.00,Debit,ACH Debit,ACH Debit,,,,,Lowe's,Dues and Subscriptions,4220268,
11/10/2025,11/10/2025,43.00,Debit,ACH Debit,ACH Debit,,,,,Lowe's,Dues and Subscriptions,4220268,
11/10/2025,11/10/2025,1.00,Debit,ACH Debit,ACH Debit,,,,,Transfer to Venmo,Dues and Subscriptions,2100002,
11/10/2025,11/08/2025,180.51,Debit,POS,POS,,,,,Walmart,Dues and Subscriptions,,
11/10/2025,11/09/2025,81.87,Debit,POS,POS,,,,,Walmart,Dues and Subscriptions,,
11/10/2025,11/08/2025,51.71,Debit,POS,POS,,,,,Target,Dues and Subscriptions,,
11/10/2025,11/08/2025,42.85,Debit,POS,POS,,,,,Lowe's,Dues and Subscriptions,,
11/10/2025,11/07/2025,41.49,Debit,POS,POS,,,,,Totswap,Dues and Subscriptions,,
11/10/2025,11/07/2025,41.43,Debit,POS,POS,,,,,Michaels,Dues and Subscriptions,,
11/10/2025,11/09/2025,36.55,Debit,POS,POS,,,,,Tractor Supply Company,Dues and Subscriptions,,
11/10/2025,11/08/2025,36.23,Debit,POS,POS,,,,,Michaels,Dues and Subscriptions,,
11/10/2025,11/08/2025,28.06,Debit,POS,POS,,,,,Michaels,Dues and Subscriptions,,
11/10/2025,11/08/2025,16.29,Debit,POS,POS,,,,,Giant Food,Dues and Subscriptions,,
11/10/2025,11/08/2025,15.89,Debit,POS,POS,,,,,Payment to Amazon Prime,Dues and Subscriptions,,
11/10/2025,11/08/2025,12.26,Debit,POS,POS,,,,,Sprouts Farmers Market,Dues and Subscriptions,,
11/10/2025,11/08/2025,8.97,Debit,POS,POS,,,,,Food Lion,Dues and Subscriptions,,
11/10/2025,11/08/2025,6.32,Debit,POS,POS,,,,,Lowe's,Dues and Subscriptions,,
11/10/2025,11/08/2025,3.06,Debit,POS,POS,,,,,McDonald's,Dues and Subscriptions,,
11/10/2025,11/10/2025,250.00,Credit,Transfer,Transfer,,,,,Transfer From Savings -0387,Dues and Subscriptions,,
11/10/2025,11/10/2025,185.00,Credit,Transfer,Transfer,,,,,Transfer From Savings -0387,Dues and Subscriptions,,
11/07/2025,11/06/2025,51.48,Debit,POS,POS,,,,,Wegmans,Dues and Subscriptions,,
11/07/2025,11/06/2025,40.50,Debit,POS,POS,,,,,ALDI,Dues and Subscriptions,,
11/06/2025,11/04/2025,159.00,Debit,POS,POS,,,,,DEBIT-DC 8678 OTF GAMBRILLS XX7925 MD,Dues and Subscriptions,,
11/06/2025,11/05/2025,42.65,Debit,POS,POS,,,,,Sam's Club,Dues and Subscriptions,,
11/06/2025,11/05/2025,22.23,Debit,POS,POS,,,,,Target,Dues and Subscriptions,,
11/06/2025,11/06/2025,500.00,Credit,Transfer,Transfer,,,,,Transfer From Savings -0387,Dues and Subscriptions,,
11/06/2025,11/05/2025,17.60,Credit,Credit,Credit,,,,,Target,Dues and Subscriptions,,
11/05/2025,11/05/2025,285.00,Debit,ACH Debit,ACH Debit,,,,,- Catonsville Coop Catonsvill XX7636,Dues and Subscriptions,27397636,
11/05/2025,11/05/2025,60.00,Debit,POS,POS,,,,,DEBIT-DC 4581 VENMO *Claudaya St Visa Direct NY US,Transfers,,
11/05/2025,11/03/2025,45.00,Debit,POS,POS,,,,,DEBIT-DC 4581 EASTMOON ASIAN BIS GLEN BURNIE MD,Dues and Subscriptions,,
11/04/2025,11/04/2025,187.17,Debit,ACH Debit,ACH Debit,,,,,Payment to AT&T,Dues and Subscriptions,3110020,
11/04/2025,11/04/2025,79.45,Debit,POS,POS,,,,,Harris Teeter,Dues and Subscriptions,,
11/04/2025,11/04/2025,76.73,Debit,POS,POS,,,,,Target,Dues and Subscriptions,,
11/04/2025,11/03/2025,31.59,Debit,POS,POS,,,,,Lowe's,Dues and Subscriptions,,
11/04/2025,11/02/2025,13.86,Debit,POS,POS,,,,,Goodwill,Dues and Subscriptions,,
11/04/2025,11/03/2025,8.63,Debit,POS,POS,,,,,Michaels,Gifts,,
11/04/2025,11/03/2025,4.32,Debit,POS,POS,,,,,Michaels,Dues and Subscriptions,,
11/04/2025,11/04/2025,746.07,Credit,Transfer,Transfer,,,,,Transfer From Savings -0387,Dues and Subscriptions,,
11/04/2025,11/04/2025,0.09,Credit,ACH Credit,ACH Credit,,,,,"Deposit Jovial, Spc. Acctverify",Deposits,27397636,
11/04/2025,11/04/2025,0.06,Credit,ACH Credit,ACH Credit,,,,,"Deposit Jovial, Spc. Acctverify",Deposits,27397636,
11/03/2025,11/03/2025,4500.00,Debit,ACH Debit,ACH Debit,,,,,Payment to Service Finance Company,Loans,5310112,
11/03/2025,11/03/2025,2239.11,Debit,ACH Debit,ACH Debit,,,,,- Jpmorgan Chase Chase Ach XX0002,Mortgages,2100002,
11/03/2025,11/03/2025,500.00,Debit,ACH Debit,ACH Debit,,,,,Payment to Service Finance Company,Dues and Subscriptions,5310112,
11/03/2025,11/03/2025,400.00,Debit,ACH Debit,ACH Debit,,,,,Payment to Apple Card,Dues and Subscriptions,12408508,
11/03/2025,11/03/2025,50.00,Debit,ACH Debit,ACH Debit,,,,,Payment to Chase,Dues and Subscriptions,2100002,
11/03/2025,11/03/2025,100.00,Debit,Transfer,Transfer,,,,,Transfer To Checking -5873,Dues and Subscriptions,,
11/03/2025,11/01/2025,141.99,Debit,POS,POS,,,,,Politics And Prose,Dues and Subscriptions,,
11/03/2025,11/01/2025,91.00,Debit,POS,POS,,,,,DEBIT-DC 4581 MORNINGSTAR STORAG XX1626 MD,Dues and Subscriptions,,
11/03/2025,10/31/2025,78.00,Debit,POS,POS,,,,,DEBIT-DC 4581 WWW.LUMINISHE* LUM LUMINISHEALTH MD,Dues and Subscriptions,,
11/03/2025,10/31/2025,60.00,Debit,POS,POS,,,,,DEBIT-DC 4581 VENMO *Claudaya St Visa Direct NY US,Transfers,,
11/03/2025,10/31/2025,56.87,Debit,POS,POS,,,,,DEBIT-DC 4581 LAKESHOREPETHOSPIT XX2028 MD,Dues and Subscriptions,,
11/03/2025,11/01/2025,52.99,Debit,POS,POS,,,,,Payment to Peloton,Dues and Subscriptions,,
11/03/2025,11/01/2025,44.63,Debit,POS,POS,,,,,Giant Food,Dues and Subscriptions,,
11/03/2025,10/31/2025,43.81,Debit,POS,POS,,,,,DEBIT-DC 8678 OTF GAMBRILLS XX7925 MD,Dues and Subscriptions,,
11/03/2025,10/31/2025,39.00,Debit,POS,POS,,,,,DEBIT-DC 8678 TST*ATWATERS - CAT CATONSVILLE MD,Dues and Subscriptions,,
11/03/2025,11/01/2025,33.85,Debit,POS,POS,,,,,Royal Farms,Dues and Subscriptions,,
11/03/2025,10/31/2025,33.04,Debit,POS,POS,,,,,Giant Food,Dues and Subscriptions,,
11/03/2025,11/01/2025,21.14,Debit,POS,POS,,,,,DEBIT-DC 8678 SQ *DIABLO DOUGHNU NOTTINGHAM MD,Dues and Subscriptions,,
11/03/2025,11/02/2025,20.00,Debit,POS,POS,,,,,Humble Bundle,Dues and Subscriptions,,
11/03/2025,11/01/2025,17.26,Debit,POS,POS,,,,,Chick-fil-A,Dues and Subscriptions,,
11/03/2025,11/02/2025,16.94,Debit,POS,POS,,,,,Tractor Supply Company,Dues and Subscriptions,,
11/03/2025,11/03/2025,16.72,Debit,POS,POS,,,,,Walmart,Dues and Subscriptions,,
11/03/2025,11/02/2025,10.00,Debit,POS,POS,,,,,Royal Farms,Dues and Subscriptions,,
11/03/2025,11/02/2025,10.00,Debit,POS,POS,,,,,Humble Bundle,Dues and Subscriptions,,
11/03/2025,11/02/2025,6.33,Debit,POS,POS,,,,,Walmart,Dues and Subscriptions,,
11/03/2025,11/02/2025,5.02,Debit,POS,POS,,,,,Shoppers Food & Pharmacy,Dues and Subscriptions,,
11/03/2025,11/03/2025,35.00,Credit,Transfer,Transfer,,,,,Transfer From Checking -5873,Dues and Subscriptions,,
10/31/2025,10/31/2025,0.38,Credit,Credit,Credit,,,,,Dividend,Investment Income,,
10/31/2025,10/31/2025,1600.00,Debit,Transfer,Transfer,,,,,Transfer To Savings -0387,Savings,,
10/31/2025,10/31/2025,600.00,Debit,Transfer,Transfer,,,,,Transfer To Checking -2740,Dues and Subscriptions,,
10/31/2025,10/31/2025,575.00,Debit,Transfer,Transfer,,,,,Transfer To Checking -2298,Dues and Subscriptions,,
10/31/2025,10/31/2025,100.00,Debit,Transfer,Transfer,,,,,Transfer To Credit Card -7148,Dues and Subscriptions,,
10/31/2025,10/31/2025,500.00,Debit,ATM,ATM,,,,,ATM Withdrawal,Dues and Subscriptions,,
10/30/2025,10/30/2025,359.00,Debit,ACH Debit,ACH Debit,,,,,Payment to Baltimore Gas and Electric Company,Dues and Subscriptions,9100001,
10/30/2025,10/30/2025,12534.54,Credit,ACH Credit,ACH Credit,,,,,Microsoft Deposit,Paychecks/Salary,11100001,
10/29/2025,10/27/2025,7.85,Debit,POS,POS,,,,,Chick-fil-A,Dues and Subscriptions,,
10/28/2025,10/28/2025,88.12,Debit,ACH Debit,ACH Debit,,,,,Payment to Citizens Bank,Loans,4330513,
10/28/2025,10/27/2025,76.26,Debit,POS,POS,,,,,ALDI,Groceries,,
10/28/2025,10/27/2025,38.90,Debit,POS,POS,,,,,Sam's Club,General Merchandise,,
10/28/2025,10/27/2025,15.92,Debit,POS,POS,,,,,Giant Food,Groceries,,
10/28/2025,10/28/2025,123.45,Credit,Transfer,Transfer,,,,,Transfer From Savings,Transfers,,
10/27/2025,10/25/2025,125.00,Debit,POS,POS,,,,,DEBIT-DC 4581 CASH APP*LESLIE GE OAKLAND CA,Transfers,,
10/27/2025,10/24/2025,36.00,Debit,POS,POS,,,,,DEBIT-DC 4581 JERKHOUSE EATERY SILVER SPRING MD,Restaurants/Dining,,
10/27/2025,10/18/2025,26.50,Debit,POS,POS,,,,,DEBIT-DC 8678 SQ *AZTK COCINA DAVIDSONVILLE MD,Restaurants/Dining,,
10/27/2025,10/24/2025,25.34,Debit,POS,POS,,,,,Giant Food,Groceries,,
10/27/2025,10/25/2025,20.84,Debit,POS,POS,,,,,DEBIT-DC 8678 TST*SCITTINOS ITAL CATONSVILLE MD,Restaurants/Dining,,
10/27/2025,10/25/2025,16.96,Debit,POS,POS,,,,,DEBIT-DC 8678 SQ *SALTY GIRL BOO MILLERSVILLE MD,Restaurants/Dining,,
10/27/2025,10/18/2025,14.84,Debit,POS,POS,,,,,Lola's,Restaurants/Dining,,
10/27/2025,10/26/2025,14.74,Debit,POS,POS,,,,,Apple,Electronics,,
10/27/2025,10/17/2025,11.39,Debit,POS,POS,,,,,Rise Up Coffee,Restaurants/Dining,,
10/27/2025,10/25/2025,10.54,Debit,POS,POS,,,,,Rise Up Coffee,Restaurants/Dining,,
10/27/2025,10/25/2025,10.00,Debit,POS,POS,,,,,Colonial Parking,Travel,,
10/27/2025,10/25/2025,3.85,Debit,POS,POS,,,,,DEBIT-DC 8678 TST*SCITTINOS ITAL CATONSVILLE MD,Restaurants/Dining,,
10/27/2025,10/18/2025,3.75,Debit,POS,POS,,,,,Homestead,Online Services,,
10/27/2025,10/24/2025,2.51,Debit,POS,POS,,,,,USPS,Postage and Shipping,,
10/27/2025,10/27/2025,125.00,Credit,Transfer,Transfer,,,,,Transfer From Savings -0387,Transfers,,
10/27/2025,10/27/2025,100.00,Credit,Transfer,Transfer,,,,,Transfer From Savings -0387,Transfers,,
10/24/2025,10/24/2025,250.00,Debit,ACH Debit,ACH Debit,,,,,Payment to Chase,Credit Card Payments,2100002,
10/24/2025,10/23/2025,109.07,Debit,POS,POS,,,,,Sam's Club,General Merchandise,,
10/24/2025,10/23/2025,29.85,Debit,POS,POS,,,,,Sam's Club,Gasoline/Fuel,,
10/24/2025,10/22/2025,6.13,Debit,POS,POS,,,,,Chick-fil-A,Restaurants/Dining,,
10/24/2025,10/24/2025,400.00,Credit,Transfer,Transfer,,,,,Transfer from Zelle,Transfers,,
10/24/2025,10/23/2025,13.80,Credit,Credit,Credit,,,,,Crate & Barrel,General Merchandise,,
10/23/2025,10/22/2025,113.23,Debit,POS,POS,,,,,Target,General Merchandise,,
10/23/2025,10/23/2025,67.57,Debit,POS,POS,,,,,Walmart,General Merchandise,,
10/23/2025,10/22/2025,21.41,Debit,POS,POS,,,,,Szechuan Cafe,Restaurants/Dining,,
10/23/2025,10/22/2025,18.29,Debit,POS,POS,,,,,Giant Food,Groceries,,
10/23/2025,10/22/2025,5.89,Debit,POS,POS,,,,,Giant Food,Groceries,,
10/22/2025,10/22/2025,260.08,Debit,ACH Debit,ACH Debit,,,,,Payment to Liberty Mutual,Insurance,2100002,
10/22/2025,10/21/2025,60.00,Debit,POS,POS,,,,,DEBIT-DC 8678 FIREBIRDS WOOD FIR ANNAPOLIS MD,Restaurants/Dining,,
10/22/2025,10/21/2025,40.53,Debit,POS,POS,,,,,Sam's Club,General Merchandise,,
10/22/2025,10/21/2025,24.57,Debit,POS,POS,,,,,Wegmans,Groceries,,
10/22/2025,10/20/2025,17.20,Debit,POS,POS,,,,,Cold Stone Creamery,Restaurants/Dining,,
10/22/2025,10/22/2025,8.47,Debit,POS,POS,,,,,Netflix,Entertainment,,
10/22/2025,10/22/2025,200.00,Credit,Transfer,Transfer,,,,,Transfer From Savings -0387,Transfers,,
10/21/2025,10/21/2025,10.00,Debit,Debit,Debit,,,,,Chking Service Fee,Service Charges/Fees,,
10/21/2025,10/20/2025,43.60,Debit,POS,POS,,,,,Return To Oz,Child/Dependent Expenses,,
10/21/2025,10/19/2025,34.66,Debit,POS,POS,,,,,Szechuan Cafe,Restaurants/Dining,,
10/21/2025,10/18/2025,31.77,Debit,POS,POS,,,,,Old Navy,Clothing/Shoes,,
10/21/2025,10/21/2025,21.19,Debit,POS,POS,,,,,Old Navy,Clothing/Shoes,,
10/21/2025,10/20/2025,14.30,Debit,POS,POS,,,,,Cottonwood,Restaurants/Dining,,
10/21/2025,10/20/2025,14.00,Debit,POS,POS,,,,,DEBIT-DC 8678 OTF GAMBRILLS XX7925 MD,Clothing/Shoes,,
10/21/2025,10/20/2025,13.01,Debit,POS,POS,,,,,McDonald's,Restaurants/Dining,,
10/20/2025,10/17/2025,218.23,Debit,POS,POS,,,,,J.Crew,Clothing/Shoes,,
10/20/2025,10/17/2025,78.00,Debit,POS,POS,,,,,DEBIT-DC 4581 WWW.LUMINISHE* LUM LUMINISHEALTH MD,Healthcare/Medical,,
10/20/2025,10/18/2025,60.00,Debit,POS,POS,,,,,Szechuan Cafe,Restaurants/Dining,,
10/20/2025,10/17/2025,33.80,Debit,POS,POS,,,,,Wegmans,Groceries,,
10/20/2025,10/18/2025,30.35,Debit,POS,POS,,,,,Green Tree Gas,Gasoline/Fuel,,
10/20/2025,10/18/2025,27.48,Debit,POS,POS,,,,,Yard House,Restaurants/Dining,,
10/20/2025,10/19/2025,25.00,Debit,POS,POS,,,,,Rise Up Coffee,Restaurants/Dining,,
10/20/2025,10/17/2025,16.80,Debit,POS,POS,,,,,Uber Bagels,Restaurants/Dining,,
10/20/2025,10/18/2025,15.90,Debit,POS,POS,,,,,DEBIT-DC 8678 TST*BENNYS FOOD TR EDGEWATER BEA MD,Restaurants/Dining,,
10/20/2025,10/18/2025,14.82,Debit,POS,POS,,,,,Homestead,Online Services,,
10/20/2025,10/18/2025,7.99,Debit,POS,POS,,,,,Apple,Electronics,,
10/20/2025,10/18/2025,7.16,Debit,POS,POS,,,,,Cinemark Theatres,Entertainment,,
10/17/2025,10/16/2025,100.16,Debit,POS,POS,,,,,Target,General Merchandise,,
10/17/2025,10/15/2025,31.80,Debit,POS,POS,,,,,Oscar's Alehouse,Restaurants/Dining,,
10/17/2025,10/16/2025,28.07,Debit,POS,POS,,,,,Old Navy,Clothing/Shoes,,
10/17/2025,10/16/2025,27.10,Debit,POS,POS,,,,,Transfer to Apple Cash,Transfers,,
10/17/2025,10/16/2025,23.32,Debit,POS,POS,,,,,DEBIT-DC 8678 TST* KNEADS ARTISA BALTIMORE MD,Restaurants/Dining,,
10/17/2025,10/15/2025,17.31,Debit,POS,POS,,,,,Chick-fil-A,Restaurants/Dining,,
10/17/2025,10/16/2025,11.07,Debit,POS,POS,,,,,Rise Up Coffee,Restaurants/Dining,,
10/17/2025,10/15/2025,6.41,Debit,POS,POS,,,,,Chick-fil-A,Restaurants/Dining,,
10/16/2025,10/16/2025,900.00,Debit,ACH Debit,ACH Debit,,,,,Toyota,Automotive Expenses,2800008,
10/16/2025,10/16/2025,616.54,Debit,ACH Debit,ACH Debit,,,,,Payment to New York Life,Insurance,2100002,
10/16/2025,10/16/2025,289.00,Debit,ACH Debit,ACH Debit,,,,,Payment to Discover Bank,Credit Card Payments,9100001,
10/16/2025,10/16/2025,100.88,Debit,ACH Debit,ACH Debit,,,,,Payment to ECSI,Loans,4300012,
10/16/2025,10/15/2025,103.33,Debit,POS,POS,,,,,Petco,Pets/Pet Care,,
10/16/2025,10/15/2025,62.80,Debit,POS,POS,,,,,J.Crew,Clothing/Shoes,,
10/16/2025,10/15/2025,46.35,Debit,POS,POS,,,,,Sam's Club,Gasoline/Fuel,,
10/16/2025,10/15/2025,39.87,Debit,POS,POS,,,,,DEBIT-DC 8678 MOMS OF SEVERNA PARK SEVERNA PARK MD US,Groceries,,
10/16/2025,10/15/2025,9.59,Debit,POS,POS,,,,,DEBIT-DC 8678 SQ *ONEDO COFFEE R BALTIMORE MD,Restaurants/Dining,,
10/16/2025,10/15/2025,6.09,Debit,POS,POS,,,,,Rise Up Coffee,Restaurants/Dining,,
10/16/2025,10/16/2025,4.79,Debit,POS,POS,,,,,Harris Teeter,Groceries,,
10/16/2025,10/15/2025,1.50,Debit,POS,POS,,,,,Wegmans,Groceries,,
10/15/2025,10/15/2025,388.00,Debit,ACH Debit,ACH Debit,,,,,Tax Payment to IRS,Taxes,6103601,
10/15/2025,10/15/2025,164.80,Debit,ACH Debit,ACH Debit,,,,,Payment to The Guardian Life Insurance Company of America,Insurance,2100002,
10/15/2025,10/14/2025,36.00,Debit,POS,POS,,,,,Texas Roadhouse,Restaurants/Dining,,
10/15/2025,10/14/2025,11.39,Debit,POS,POS,,,,,DEBIT-DC 8678 SQ *CURATE ANNAPOL ANNAPOLIS MD,Other Expenses,,
10/14/2025,10/14/2025,485.88,Debit,ACH Debit,ACH Debit,,,,,Payment to Volvo Car Financial Services,Loans,2100002,
10/14/2025,10/14/2025,300.00,Debit,ACH Debit,ACH Debit,,,,,Payment to Synchrony Bank,Credit Card Payments,4220268,
10/14/2025,10/14/2025,94.99,Debit,ACH Debit,ACH Debit,,,,,Payment to Verizon,Telephone Services,3100003,
10/14/2025,10/14/2025,30.00,Debit,ACH Debit,ACH Debit,,,,,Transfer to Cash App,Transfers,9100001,
10/14/2025,10/10/2025,42.49,Debit,POS,POS,,,,,Journeys,Clothing/Shoes,,
10/14/2025,10/10/2025,27.54,Debit,POS,POS,,,,,DEBIT-DC 8678 TST* SOUTHERN BLUE HANOVER MD,Restaurants/Dining,,
10/14/2025,10/10/2025,25.15,Debit,POS,POS,,,,,DEBIT-DC 4581 ARUNDEL MILLS G HANOVER US,Other Expenses,,
10/14/2025,10/11/2025,24.00,Debit,POS,POS,,,,,DEBIT-DC 8678 SQ *PEREGRINE ESPR WASHINGTON DC,Restaurants/Dining,,
10/14/2025,10/11/2025,21.70,Debit,POS,POS,,,,,DEBIT-DC 8678 TST*SCITTINOS ITAL CATONSVILLE MD,Restaurants/Dining,,
10/14/2025,10/12/2025,9.52,Debit,POS,POS,,,,,DEBIT-DC 8678 SSA - MARYLAND ZOO BALTIMORE MD,Entertainment,,
10/14/2025,10/11/2025,4.45,Debit,POS,POS,,,,,McDonald's,Restaurants/Dining,,
10/14/2025,10/14/2025,50.00,Debit,Transfer,Transfer,,,,,Transfer to Zelle,Transfers,,
10/14/2025,10/14/2025,130.00,Debit,Debit,Debit,,,,,Dispute - Temp Credit Reversal,Other Expenses,,
10/14/2025,10/14/2025,4994.80,Credit,ACH Credit,ACH Credit,,,,,Microsoft Deposit,Deposits,11100001,
10/10/2025,10/10/2025,100.00,Debit,ACH Debit,ACH Debit,,,,,Transfer to Venmo,Transfers,2100002,
10/10/2025,10/09/2025,288.70,Debit,POS,POS,,,,,DEBIT-DC 4581 ANNEARUNDELCO-NONU XX-1144 MD,Other Expenses,,
10/10/2025,10/09/2025,118.32,Debit,POS,POS,,,,,DEBIT-DC 4581 SQ *OAK AND IRON B OWING MILLS MD,Other Expenses,,
10/10/2025,10/09/2025,64.37,Debit,POS,POS,,,,,Wegmans,Groceries,,
10/10/2025,10/09/2025,32.05,Debit,POS,POS,,,,,DEBIT-DC 4581 DI PASQUALES MARKE BALTIMORE MD,Groceries,,
10/09/2025,10/09/2025,32.00,Debit,ACH Debit,ACH Debit,,,,,Lowe's,Home Improvement,4220268,
10/09/2025,10/08/2025,85.06,Debit,POS,POS,,,,,Wegmans,Groceries,,
10/09/2025,10/08/2025,23.93,Debit,POS,POS,,,,,Target,General Merchandise,,
10/09/2025,10/08/2025,15.89,Debit,POS,POS,,,,,Amazon,General Merchandise,,
10/09/2025,10/09/2025,954.95,Credit,Transfer,Transfer,,,,,Transfer From Savings -0387,Transfers,,
10/08/2025,10/07/2025,42.86,Debit,POS,POS,,,,,Giant Food,Groceries,,
10/08/2025,10/07/2025,29.90,Debit,POS,POS,,,,,DEBIT-DC 8678 SQ *MONTPELIER FAR UPPER MARLBOR MD,Groceries,,
10/08/2025,10/07/2025,7.37,Debit,POS,POS,,,,,DEBIT-DC 8678 SQ *MONTPELIER FAR UPPER MARLBOR MD,Groceries,,
10/07/2025,10/06/2025,15.90,Debit,POS,POS,,,,,Playa Bowls,Restaurants/Dining,,
10/07/2025,10/07/2025,500.00,Credit,Transfer,Transfer,,,,,Transfer From Savings -0387,Transfers,,
10/06/2025,10/06/2025,279.05,Debit,ACH Debit,ACH Debit,,,,,Payment to Chase,Credit Card Payments,2100002,
10/06/2025,10/06/2025,186.97,Debit,ACH Debit,ACH Debit,,,,,Payment to AT&T,Telephone Services,3110020,
10/06/2025,10/04/2025,159.00,Debit,POS,POS,,,,,DEBIT-DC 8678 OTF GAMBRILLS XX7925 MD,Clothing/Shoes,,
10/06/2025,10/03/2025,81.70,Debit,POS,POS,,,,,DEBIT-DC 4581 JIANG COURT XX6698 MD,Other Expenses,,
10/06/2025,10/03/2025,78.00,Debit,POS,POS,,,,,DEBIT-DC 4581 WWW.LUMINISHE* LUM LUMINISHEALTH MD,Healthcare/Medical,,
10/06/2025,10/03/2025,58.00,Debit,POS,POS,,,,,DEBIT-DC 4581 DI PASQUALES MARKE BALTIMORE MD,Groceries,,
10/06/2025,10/05/2025,45.56,Debit,POS,POS,,,,,Office Depot,Office Supplies,,
10/06/2025,10/03/2025,33.05,Debit,POS,POS,,,,,Sunoco,Gasoline/Fuel,,
10/06/2025,10/03/2025,31.55,Debit,POS,POS,,,,,Giant Food,Groceries,,
10/06/2025,10/03/2025,29.62,Debit,POS,POS,,,,,Ace Hardware,Home Improvement,,
10/06/2025,10/03/2025,21.20,Debit,POS,POS,,,,,DEBIT-DC 8678 SQ *ONEDO COFFEE R BALTIMORE MD,Restaurants/Dining,,
10/06/2025,10/04/2025,13.78,Debit,POS,POS,,,,,Rise Up Coffee,Restaurants/Dining,,
10/06/2025,10/05/2025,10.77,Debit,POS,POS,,,,,Zazzle,General Merchandise,,
10/06/2025,10/03/2025,7.78,Debit,POS,POS,,,,,DEBIT-DC 8678 SQ *ONEDO COFFEE R BALTIMORE MD,Restaurants/Dining,,
10/06/2025,10/04/2025,4.23,Debit,POS,POS,,,,,Target,General Merchandise,,
10/06/2025,10/06/2025,173.51,Credit,Transfer,Transfer,,,,,Transfer From Savings,Transfers,,
10/03/2025,10/03/2025,2239.11,Debit,ACH Debit,ACH Debit,,,,,- Jpmorgan Chase Chase Ach XX0002,Other Expenses,2100002,
10/03/2025,10/03/2025,1500.00,Debit,Transfer,Transfer,,,,,Transfer To Savings -0387,Savings,,
10/03/2025,10/03/2025,150.00,Debit,Transfer,Transfer,,,,,Transfer To Credit Card -7148,Transfers,,
10/03/2025,10/02/2025,137.96,Debit,POS,POS,,,,,Wegmans,Groceries,,
10/03/2025,10/01/2025,91.00,Debit,POS,POS,,,,,DEBIT-DC 4581 MORNINGSTAR STORAG XX1626 MD,Rent,,
10/03/2025,10/01/2025,61.42,Debit,POS,POS,,,,,Sam's Club,General Merchandise,,
10/03/2025,10/02/2025,36.00,Debit,POS,POS,,,,,DEBIT-DC 8678 TST*ATWATERS - CAT CATONSVILLE MD,Restaurants/Dining,,
10/03/2025,10/02/2025,22.75,Debit,POS,POS,,,,,Michaels,Hobbies,,
10/03/2025,10/03/2025,15.06,Debit,POS,POS,,,,,Target,General Merchandise,,
10/03/2025,10/02/2025,11.65,Debit,POS,POS,,,,,Papa John's Pizza,Restaurants/Dining,,
10/03/2025,10/03/2025,10.58,Debit,POS,POS,,,,,Target,General Merchandise,,
10/03/2025,10/03/2025,3000.00,Credit,Transfer,Transfer,,,,,Transfer From Savings -0387,Transfers,,
10/02/2025,10/02/2025,500.00,Debit,ACH Debit,ACH Debit,,,,,Payment to Apple Card,Credit Card Payments,12408508,
10/02/2025,10/02/2025,500.00,Debit,ACH Debit,ACH Debit,,,,,Payment to Service Finance Company,Loans,5310112,
10/02/2025,10/02/2025,600.00,Debit,Transfer,Transfer,,,,,Transfer To Checking -2740,Transfers,,
10/02/2025,09/30/2025,63.58,Debit,POS,POS,,,,,Sam's Club,General Merchandise,,
10/02/2025,10/01/2025,46.64,Debit,POS,POS,,,,,Payment to Peloton,Personal Care,,
10/02/2025,10/01/2025,43.81,Debit,POS,POS,,,,,DEBIT-DC 8678 OTF GAMBRILLS XX7925 MD,Clothing/Shoes,,
10/02/2025,10/01/2025,41.50,Debit,POS,POS,,,,,Sam's Club,General Merchandise,,
10/02/2025,10/01/2025,34.97,Debit,POS,POS,,,,,Target,General Merchandise,,
10/02/2025,10/01/2025,32.86,Debit,POS,POS,,,,,DEBIT-DC 8678 SP JUNGLE LOOM XX1097 DC,Other Expenses,,
10/02/2025,10/01/2025,19.21,Debit,POS,POS,,,,,Rise Up Coffee,Restaurants/Dining,,
10/02/2025,09/30/2025,12.70,Debit,POS,POS,,,,,Auntie Anne's,Restaurants/Dining,,
10/02/2025,10/02/2025,500.00,Debit,ATM,ATM,,,,,ATM Withdrawal,ATM/Cash Withdrawals,,
10/01/2025,10/01/2025,104.00,Debit,POS,POS,,,,,Shop Fund,Charitable Giving,,
10/01/2025,09/30/2025,72.92,Debit,POS,POS,,,,,Wegmans,Groceries,,
10/01/2025,10/01/2025,53.38,Debit,POS,POS,,,,,Harris Teeter,Groceries,,
10/01/2025,09/30/2025,50.88,Debit,POS,POS,,,,,Lululemon Athletica,Clothing/Shoes,,
10/01/2025,09/29/2025,31.28,Debit,POS,POS,,,,,DEBIT-DC 8678 TST*SCITTINOS ITAL CATONSVILLE MD,Restaurants/Dining,,
10/01/2025,10/01/2025,7.00,Debit,POS,POS,,,,,Sprouts Farmers Market,Groceries,,
10/01/2025,10/01/2025,0.01,Credit,Credit,Credit,,,,,Adjustment - Credit,Refunds/Adjustments,,
09/30/2025,09/30/2025,1.00,Credit,Credit,Credit,,,,,Dividend,Investment Income,,
09/30/2025,09/30/2025,305.00,Debit,ACH Debit,ACH Debit,,,,,Payment to Baltimore Gas and Electric Company,Utilities,9100001,
09/30/2025,09/30/2025,88.12,Debit,ACH Debit,ACH Debit,,,,,Payment to Citizens Bank,Loans,4330513,
09/30/2025,09/30/2025,100.00,Debit,Transfer,Transfer,,,,,Transfer To Checking -5873,Transfers,,
09/30/2025,09/27/2025,232.65,Debit,POS,POS,,,,,Boot Barn,Clothing/Shoes,,
09/30/2025,09/29/2025,74.94,Debit,POS,POS,,,,,Sam's Club,General Merchandise,,
09/30/2025,09/28/2025,50.33,Debit,POS,POS,,,,,DEBIT-DC 4581 LEDO PIZZA - MILLE XX3333 MD,Restaurants/Dining,,
09/30/2025,09/30/2025,10.00,Debit,POS,POS,,,,,DEBIT-DC 4581 VENMO *Claudaya St Visa Direct NY US,Online Services,,
09/30/2025,09/29/2025,6.09,Debit,POS,POS,,,,,Rise Up Coffee,Restaurants/Dining,,
09/30/2025,09/29/2025,1.59,Debit,POS,POS,,,,,Sam's Club,General Merchandise,,
09/29/2025,09/29/2025,20.00,Debit,ACH Debit,ACH Debit,,,,,Transfer to Venmo,Transfers,2100002,
09/29/2025,09/28/2025,104.79,Debit,POS,POS,,,,,DEBIT-DC 8678 KENT ISLAND CRAB C PASADENA MD,Restaurants/Dining,,
09/29/2025,09/27/2025,55.00,Debit,POS,POS,,,,,DEBIT-DC 4581 SQ *CA(N)E COLLECT BEL AIR MD,Travel,,
09/29/2025,09/26/2025,54.05,Debit,POS,POS,,,,,DEBIT-DC 8678 FAITHGATEWA XX-4000 TN,Other Expenses,,
09/29/2025,09/27/2025,38.00,Debit,POS,POS,,,,,DEBIT-DC 8678 SQ *NOVEMBERBORNAR GAMBRILLS MD,Other Expenses,,
09/29/2025,09/26/2025,32.85,Debit,POS,POS,,,,,Politics And Prose,Hobbies,,
09/29/2025,09/27/2025,27.56,Debit,POS,POS,,,,,DEBIT-DC 4581 SQ *ISLAND SPICE G EDGEWOOD MD,Restaurants/Dining,,
09/29/2025,09/28/2025,22.21,Debit,POS,POS,,,,,REI,General Merchandise,,
09/29/2025,09/27/2025,21.14,Debit,POS,POS,,,,,DEBIT-DC 8678 SQ *STONY MAN COFF CROFTON MD,Restaurants/Dining,,
09/29/2025,09/29/2025,20.00,Debit,POS,POS,,,,,Royal Farms,Groceries,,
09/29/2025,09/27/2025,15.90,Debit,POS,POS,,,,,DEBIT-DC 4581 SQ *CROFTON FARMER CROFTON MD,Restaurants/Dining,,
09/29/2025,09/27/2025,4.36,Debit,POS,POS,,,,,DEBIT-DC 4581 SQ *COZY COOKIES BEL AIR MD,Restaurants/Dining,,
09/29/2025,09/29/2025,192.09,Credit,Transfer,Transfer,,,,,Transfer From Savings -0387,Transfers,,
09/29/2025,09/29/2025,115.00,Credit,Transfer,Transfer,,,,,Transfer From Savings -0387,Transfers,,
09/29/2025,09/29/2025,5180.23,Credit,ACH Credit,ACH Credit,,,,,Microsoft Deposit,Deposits,11100001,
09/29/2025,09/29/2025,50.00,Credit,ACH Credit,ACH Credit,,,,,Transfer from Venmo,Transfers,2100002,
09/26/2025,09/25/2025,72.00,Debit,POS,POS,,,,,DEBIT-DC 4581 INDEPENDENT AUTO C PASADENA MD,Automotive Expenses,,
09/26/2025,09/25/2025,69.78,Debit,POS,POS,,,,,Wegmans,Groceries,,
09/26/2025,09/25/2025,54.79,Debit,POS,POS,,,,,Ace Hardware,Home Improvement,,
09/26/2025,09/25/2025,37.48,Debit,POS,POS,,,,,Target,General Merchandise,,
09/26/2025,09/24/2025,5.49,Debit,POS,POS,,,,,Burger King,Restaurants/Dining,,
09/26/2025,09/26/2025,400.00,Credit,Transfer,Transfer,,,,,Transfer from Zelle,Transfers,,
09/25/2025,09/24/2025,86.12,Debit,POS,POS,,,,,Sprouts Farmers Market,Groceries,,
09/25/2025,09/24/2025,78.47,Debit,POS,POS,,,,,Wegmans,Groceries,,
09/25/2025,09/23/2025,11.12,Debit,POS,POS,,,,,DEBIT-DC 8678 LEDO PIZZA - MILLE XX3333 MD,Restaurants/Dining,,
09/25/2025,09/24/2025,5.78,Debit,POS,POS,,,,,DEBIT-DC 8678 SQ *BLAS MARKET PR GLEN BURNIE MD,Groceries,,
09/25/2025,09/25/2025,200.00,Credit,Transfer,Transfer,,,,,Transfer From Savings -0387,Transfers,,
09/24/2025,09/24/2025,260.08,Debit,ACH Debit,ACH Debit,,,,,Payment to Liberty Mutual,Insurance,2100002,
09/24/2025,09/23/2025,88.01,Debit,POS,POS,,,,,DEBIT-DC 8678 LS SERVICE PHOTO S XX6200 MD,Hobbies,,
09/24/2025,09/23/2025,72.45,Debit,POS,POS,,,,,DEBIT-DC 8678 BLUE MOON CAFE LIG BALTIMORE MD,Restaurants/Dining,,
09/24/2025,09/23/2025,31.91,Debit,POS,POS,,,,,Blick Art Materials,Hobbies,,
09/24/2025,09/22/2025,28.81,Debit,POS,POS,,,,,Chick-fil-A,Restaurants/Dining,,
09/24/2025,09/23/2025,17.06,Debit,POS,POS,,,,,Papa John's Pizza,Restaurants/Dining,,
09/24/2025,09/22/2025,5.30,Debit,POS,POS,,,,,Taco Bell,Restaurants/Dining,,
09/24/2025,09/24/2025,40.00,Debit,Transfer,Transfer,,,,,Transfer to Zelle,Transfers,,
09/23/2025,09/22/2025,140.00,Debit,POS,POS,,,,,DEBIT-DC 8678 TST*MARIPOSA LATIN SEDONA AZ,Restaurants/Dining,,
09/23/2025,09/22/2025,79.55,Debit,POS,POS,,,,,DEBIT-DC 8678 SQ *FREEFORM COFFE LAS VEGAS NV,Restaurants/Dining,,
09/23/2025,09/22/2025,35.81,Debit,POS,POS,,,,,Etsy,General Merchandise,,
09/23/2025,09/22/2025,13.77,Debit,POS,POS,,,,,Apple,Electronics,,
09/23/2025,09/22/2025,5.00,Debit,POS,POS,,,,,Sedonuts,Restaurants/Dining,,
09/22/2025,09/22/2025,200.00,Debit,Transfer,Transfer,,,,,Transfer To Credit Card -8715,Transfers,,
09/22/2025,09/20/2025,85.00,Debit,POS,POS,,,,,Fat Olives,Restaurants/Dining,,
09/22/2025,09/19/2025,78.00,Debit,POS,POS,,,,,DEBIT-DC 4581 WWW.LUMINISHE* LUM LUMINISHEALTH MD,Healthcare/Medical,,
09/22/2025,09/19/2025,61.47,Debit,POS,POS,,,,,Tractor Supply Company,Home Improvement,,
09/22/2025,09/20/2025,58.49,Debit,POS,POS,,,,,DEBIT-DC 8678 PINK JEEP STORE SE SEDONA AZ,Gasoline/Fuel,,
09/22/2025,09/20/2025,56.00,Debit,POS,POS,,,,,DEBIT-DC 8678 SQ *FREEFORM COFFE LAS VEGAS NV,Restaurants/Dining,,
09/22/2025,09/20/2025,41.08,Debit,POS,POS,,,,,7-Eleven,Groceries,,
09/22/2025,09/19/2025,35.00,Debit,POS,POS,,,,,Grand Canyon University,Education,,
09/22/2025,09/21/2025,25.00,Debit,POS,POS,,,,,DEBIT-DC 8678 UEP*SZECHUAN RESTA SEDONA AZ,Restaurants/Dining,,
09/22/2025,09/19/2025,23.90,Debit,POS,POS,,,,,Dutch Bros. Coffee,Restaurants/Dining,,
09/22/2025,09/19/2025,19.30,Debit,POS,POS,,,,,Chick-fil-A,Restaurants/Dining,,
09/22/2025,09/20/2025,17.66,Debit,POS,POS,,,,,Alt Gallery,Other Expenses,,
09/22/2025,09/21/2025,8.83,Debit,POS,POS,,,,,DEBIT-DC 8678 PP*ALT GALLERY LLC SEDONA AZ,Online Services,,
09/22/2025,09/19/2025,6.34,Debit,POS,POS,,,,,DEBIT-DC 8678 PY *ONSITE NEWS - BALTIMORE MD,Hobbies,,
09/22/2025,09/20/2025,5.52,Debit,POS,POS,,,,,DEBIT-DC 8678 SP GARLANDS XX4070 AZ,Clothing/Shoes,,
09/22/2025,09/22/2025,40.00,Debit,Transfer,Transfer,,,,,Transfer to Zelle,Transfers,,
09/19/2025,09/19/2025,100.00,Debit,ACH Debit,ACH Debit,,,,,Transfer to Venmo,Transfers,2100002,
09/19/2025,09/18/2025,127.20,Debit,POS,POS,,,,,Banana Republic,Clothing/Shoes,,
09/19/2025,09/17/2025,112.16,Debit,POS,POS,,,,,Sam's Club,General Merchandise,,
09/19/2025,09/18/2025,101.22,Debit,POS,POS,,,,,Target,General Merchandise,,
09/19/2025,09/17/2025,57.24,Debit,POS,POS,,,,,Lululemon Athletica,Clothing/Shoes,,
09/19/2025,09/18/2025,7.99,Debit,POS,POS,,,,,Apple,Electronics,,
09/19/2025,09/18/2025,6.95,Debit,POS,POS,,,,,Target,General Merchandise,,
09/18/2025,09/16/2025,337.82,Debit,POS,POS,,,,,DEBIT-DC 8678 PINK JEEP TOURS IN XX9000 AZ,Travel,,
09/18/2025,09/17/2025,234.58,Debit,POS,POS,,,,,Wegmans,Groceries,,
09/18/2025,09/17/2025,140.95,Debit,POS,POS,,,,,Banana Republic,Clothing/Shoes,,
09/18/2025,09/17/2025,45.45,Debit,POS,POS,,,,,Sam's Club,General Merchandise,,
09/18/2025,09/16/2025,39.79,Debit,POS,POS,,,,,Ace Hardware,Home Improvement,,
09/18/2025,09/17/2025,29.52,Debit,POS,POS,,,,,Giant Food,Groceries,,
09/18/2025,09/18/2025,16.94,Debit,POS,POS,,,,,Target,General Merchandise,,
09/18/2025,09/18/2025,3.90,Debit,POS,POS,,,,,DEBIT-DC 8678 COLLEGE TRANSCRIPT CLOVER.COM VA,Education,,
09/17/2025,09/17/2025,4982.96,Debit,ACH Debit,ACH Debit,,,,,Payment to Discover Bank,Credit Card Payments,9100001,
09/17/2025,09/16/2025,255.00,Debit,POS,POS,,,,,DEBIT-DC 8678 SQ *SACRED REMEMBE GOSQ.COM AZ,Other Expenses,,
09/17/2025,09/15/2025,51.87,Debit,POS,POS,,,,,Ace Hardware,Home Improvement,,
09/17/2025,09/16/2025,7.09,Debit,POS,POS,,,,,Rise Up Coffee,Restaurants/Dining,,
09/16/2025,09/16/2025,900.00,Debit,ACH Debit,ACH Debit,,,,,Toyota,Automotive Expenses,2800008,
09/16/2025,09/16/2025,616.54,Debit,ACH Debit,ACH Debit,,,,,Payment to New York Life,Insurance,2100002,
09/16/2025,09/16/2025,394.00,Debit,ACH Debit,ACH Debit,,,,,Payment to Discover Bank,Credit Card Payments,9100001,
09/16/2025,09/16/2025,150.00,Debit,ACH Debit,ACH Debit,,,,,Payment to Chase,Credit Card Payments,2100002,
09/16/2025,09/16/2025,100.88,Debit,ACH Debit,ACH Debit,,,,,Payment to ECSI,Loans,4300012,
09/16/2025,09/16/2025,150.00,Debit,Transfer,Transfer,,,,,Transfer To Savings -0387,Savings,,
09/16/2025,09/15/2025,78.53,Debit,POS,POS,,,,,Target,General Merchandise,,
09/16/2025,09/15/2025,60.00,Debit,POS,POS,,,,,DEBIT-DC 4581 VENMO *Claudaya St Visa Direct NY US,Online Services,,
09/16/2025,09/15/2025,40.27,Debit,POS,POS,,,,,Target,General Merchandise,,
09/16/2025,09/16/2025,30.00,Debit,POS,POS,,,,,DEBIT-DC 4581 NEBULA SUBSCRIPTIO NEBULA.TV CO,Gasoline/Fuel,,
09/16/2025,09/15/2025,13.41,Debit,POS,POS,,,,,Rise Up Coffee,Restaurants/Dining,,
09/16/2025,09/15/2025,5.50,Debit,POS,POS,,,,,DEBIT-DC 8678 BRUSTERS REAL ICE GLEN BURNIE MD,Restaurants/Dining,,
09/16/2025,09/15/2025,5.00,Debit,POS,POS,,,,,Target,General Merchandise,,
09/16/2025,09/16/2025,327.50,Credit,Transfer,Transfer,,,,,Transfer from Zelle,Transfers,,
09/15/2025,09/15/2025,388.00,Debit,ACH Debit,ACH Debit,,,,,Tax Payment to IRS,Taxes,6103601,
09/15/2025,09/15/2025,164.80,Debit,ACH Debit,ACH Debit,,,,,Payment to The Guardian Life Insurance Company of America,Insurance,2100002,
09/15/2025,09/15/2025,2350.00,Debit,Transfer,Transfer,,,,,Transfer To Savings -0387,Savings,,
09/15/2025,09/15/2025,1250.00,Debit,Transfer,Transfer,,,,,Transfer To Checking -2298,Transfers,,
09/15/2025,09/15/2025,100.00,Debit,Transfer,Transfer,,,,,Transfer To Checking -5873,Transfers,,
09/15/2025,09/13/2025,557.73,Debit,POS,POS,,,,,DEBIT-DC 8678 SP OONI PIZZA OVEN OONI.COM DE,Restaurants/Dining,,
09/15/2025,09/14/2025,225.00,Debit,POS,POS,,,,,DEBIT-DC 8678 SP THE UNION CHURC XX4260 MD,Restaurants/Dining,,
09/15/2025,09/14/2025,161.12,Debit,POS,POS,,,,,Politics And Prose,Hobbies,,
09/15/2025,09/13/2025,78.44,Debit,POS,POS,,,,,DEBIT-DC 8678 STONE HOUSE COLLEC ELLICOTT CITY MD,Other Expenses,,
09/15/2025,09/13/2025,63.59,Debit,POS,POS,,,,,Apple,Electronics,,
09/15/2025,09/12/2025,44.10,Debit,POS,POS,,,,,DEBIT-DC 8678 TST*MERA KITCHEN C BALTIMORE MD,Restaurants/Dining,,
09/15/2025,09/13/2025,35.00,Debit,POS,POS,,,,,Inspire Nail Bar Olney,Personal Care,,
09/15/2025,09/13/2025,30.35,Debit,POS,POS,,,,,Sam's Club,Gasoline/Fuel,,
09/15/2025,09/13/2025,27.53,Debit,POS,POS,,,,,DEBIT-DC 4581 LEDO PIZZA - MILLE XX3333 MD,Restaurants/Dining,,
09/15/2025,09/13/2025,21.45,Debit,POS,POS,,,,,DEBIT-DC 4581 LEDO PIZZA - MILLE XX3333 MD,Restaurants/Dining,,
09/15/2025,09/12/2025,20.00,Debit,POS,POS,,,,,Homestead Gardens,Home Improvement,,
09/15/2025,09/13/2025,7.74,Debit,POS,POS,,,,,DEBIT-DC 8678 READY SET STITCH ELLICOTT CITY MD,Clothing/Shoes,,
09/15/2025,09/13/2025,4.34,Debit,POS,POS,,,,,Royal Farms,Groceries,,
09/15/2025,09/14/2025,1.00,Debit,POS,POS,,,,,Target,General Merchandise,,
09/15/2025,09/15/2025,267.00,Credit,ACH Credit,ACH Credit,,,,,Transfer from Venmo,Transfers,2100002,
09/12/2025,09/12/2025,94.99,Debit,ACH Debit,ACH Debit,,,,,Payment to Verizon,Telephone Services,3100003,
09/12/2025,09/11/2025,95.98,Debit,POS,POS,,,,,DEBIT-DC 8678 TST*ATWATERS - CAT CATONSVILLE MD,Restaurants/Dining,,
09/12/2025,09/12/2025,15355.28,Credit,ACH Credit,ACH Credit,,,,,Microsoft Deposit,Deposits,11100001,
09/12/2025,09/12/2025,820.00,Credit,Transfer,Transfer,,,,,Transfer from Zelle,Transfers,,
09/11/2025,09/10/2025,22.05,Debit,POS,POS,,,,,Sam's Club,General Merchandise,,
09/11/2025,09/10/2025,5.67,Debit,POS,POS,,,,,Sam's Club,General Merchandise,,
09/11/2025,09/10/2025,4.00,Debit,POS,POS,,,,,Sam's Club,General Merchandise,,
09/11/2025,09/10/2025,3.30,Debit,POS,POS,,,,,ALDI,Groceries,,
09/11/2025,09/11/2025,100.00,Credit,Transfer,Transfer,,,,,Transfer From Savings -0387,Transfers,,
09/10/2025,09/08/2025,3.00,Debit,POS,POS,,,,,DEBIT-DC 8678 UMMC MIDTOWN - PAR BALTIMORE MD,Other Expenses,,
09/09/2025,09/08/2025,59.60,Debit,POS,POS,,,,,Wegmans,Groceries,,
09/09/2025,09/08/2025,10.35,Debit,POS,POS,,,,,The Home Depot,Home Improvement,,
09/09/2025,09/08/2025,5.29,Debit,POS,POS,,,,,Giant Food,Groceries,,
09/08/2025,09/04/2025,159.00,Debit,POS,POS,,,,,DEBIT-DC 8678 OTF GAMBRILLS XX7925 MD,Clothing/Shoes,,
09/08/2025,09/06/2025,94.00,Debit,POS,POS,,,,,Old Navy,Clothing/Shoes,,
09/08/2025,09/05/2025,78.00,Debit,POS,POS,,,,,DEBIT-DC 4581 WWW.LUMINISHE* LUM LUMINISHEALTH MD,Healthcare/Medical,,
09/08/2025,09/06/2025,45.00,Debit,POS,POS,,,,,Homestead Gardens,Home Improvement,,
09/08/2025,09/06/2025,41.01,Debit,POS,POS,,,,,Michaels,Hobbies,,
09/08/2025,09/07/2025,40.00,Debit,POS,POS,,,,,Union Church,Charitable Giving,,
09/08/2025,09/05/2025,33.85,Debit,POS,POS,,,,,Sam's Club,Gasoline/Fuel,,
09/08/2025,09/08/2025,25.00,Debit,POS,POS,,,,,Dash In,Groceries,,
09/08/2025,09/06/2025,22.42,Debit,POS,POS,,,,,Chipotle Mexican Grill,Restaurants/Dining,,
09/08/2025,09/05/2025,13.62,Debit,POS,POS,,,,,Target,General Merchandise,,
09/08/2025,09/05/2025,12.93,Debit,POS,POS,,,,,China Wok,Restaurants/Dining,,
09/08/2025,09/08/2025,76.04,Credit,Transfer,Transfer,,,,,Transfer From Savings -0387,Transfers,,
09/04/2025,09/04/2025,186.97,Debit,ACH Debit,ACH Debit,,,,,Payment to AT&T,Telephone Services,3110020,
09/04/2025,09/04/2025,107.31,Debit,ACH Debit,ACH Debit,,,,,Payment to Chase,Credit Card Payments,2100002,
09/04/2025,09/04/2025,30.00,Debit,ACH Debit,ACH Debit,,,,,Lowe's,Home Improvement,4220268,
09/04/2025,09/03/2025,126.14,Debit,POS,POS,,,,,Sam's Club,General Merchandise,,
09/04/2025,09/03/2025,78.73,Debit,POS,POS,,,,,Wegmans,Groceries,,
09/04/2025,09/03/2025,35.66,Debit,POS,POS,,,,,The Greene Turtle,Restaurants/Dining,,
09/04/2025,09/03/2025,20.00,Debit,POS,POS,,,,,Transfer to Apple Cash,Transfers,,
09/04/2025,09/03/2025,15.00,Debit,POS,POS,,,,,DEBIT-DC 4581 LUCKY'S FOOD & ELKRIDGE US,Groceries,,
09/04/2025,09/03/2025,1.90,Debit,POS,POS,,,,,FedEx,Postage and Shipping,,
09/04/2025,09/04/2025,1000.00,Credit,Transfer,Transfer,,,,,Transfer From Savings -0387,Transfers,,
09/03/2025,09/03/2025,2239.11,Debit,ACH Debit,ACH Debit,,,,,- Jpmorgan Chase Chase Ach XX0002,Other Expenses,2100002,
09/03/2025,09/03/2025,500.00,Debit,ACH Debit,ACH Debit,,,,,Payment to Service Finance Company,Loans,5310112,
09/03/2025,09/03/2025,150.00,Debit,Transfer,Transfer,,,,,Transfer To Credit Card -7148,Transfers,,
09/03/2025,09/02/2025,148.39,Debit,POS,POS,,,,,Target,General Merchandise,,
09/03/2025,09/01/2025,118.41,Debit,POS,POS,,,,,Ace Hardware,Home Improvement,,
09/03/2025,09/01/2025,91.00,Debit,POS,POS,,,,,DEBIT-DC 4581 MORNINGSTAR STORAG XX1626 MD,Rent,,
09/03/2025,09/02/2025,15.70,Debit,POS,POS,,,,,Giant Food,Groceries,,
09/03/2025,09/01/2025,6.17,Debit,POS,POS,,,,,Sam's Market,Groceries,,
09/03/2025,09/03/2025,1924.50,Credit,Transfer,Transfer,,,,,Transfer From Savings,Transfers,,
09/02/2025,09/02/2025,900.00,Debit,ACH Debit,ACH Debit,,,,,Payment to Apple Card,Credit Card Payments,12408508,
09/02/2025,09/02/2025,100.00,Debit,Transfer,Transfer,,,,,Transfer To Checking -5873,Transfers,,
09/02/2025,08/30/2025,257.57,Debit,POS,POS,,,,,Pottery Barn Kids,General Merchandise,,
09/02/2025,08/31/2025,243.06,Debit,POS,POS,,,,,Crate & Barrel,General Merchandise,,
09/02/2025,08/31/2025,150.00,Debit,POS,POS,,,,,DEBIT-DC 8678 READY SET STITCH XX0742 MD,Clothing/Shoes,,
09/02/2025,08/30/2025,108.68,Debit,POS,POS,,,,,Ace Hardware,Home Improvement,,
09/02/2025,08/30/2025,53.00,Debit,POS,POS,,,,,DEBIT-DC 8678 SQ *CANE COLLECTIV ELLICOTT CITY MD,Restaurants/Dining,,
09/02/2025,08/28/2025,52.98,Debit,POS,POS,,,,,DEBIT-DC 4581 LEDO PIZZA - MILLE XX3333 MD,Restaurants/Dining,,
09/02/2025,09/01/2025,46.64,Debit,POS,POS,,,,,Peloton Cycle,Personal Care,,
09/02/2025,09/01/2025,44.50,Debit,POS,POS,,,,,Sam's Club,Gasoline/Fuel,,
09/02/2025,08/31/2025,33.62,Debit,POS,POS,,,,,DEBIT-DC 8678 LEDO PIZZA - MILLE XX3333 MD,Restaurants/Dining,,
09/02/2025,09/01/2025,20.74,Debit,POS,POS,,,,,Wegmans,Groceries,,
09/02/2025,08/29/2025,15.00,Debit,POS,POS,,,,,Transfer to Apple Cash,Transfers,,
09/02/2025,08/30/2025,9.89,Debit,POS,POS,,,,,Chick-fil-A,Restaurants/Dining,,
08/29/2025,08/29/2025,0.55,Credit,Credit,Credit,,,,,Dividend,Investment Income,,
08/29/2025,08/29/2025,359.00,Debit,ACH Debit,ACH Debit,,,,,Payment to Baltimore Gas and Electric Company,Utilities,9100001,
08/29/2025,08/29/2025,550.00,Debit,Transfer,Transfer,,,,,Transfer To Checking -2740,Transfers,,
08/29/2025,08/28/2025,94.34,Debit,POS,POS,,,,,Wegmans,Groceries,,
08/29/2025,08/28/2025,52.53,Debit,POS,POS,,,,,Target,General Merchandise,,
08/29/2025,08/29/2025,900.00,Debit,ATM,ATM,,,,,ATM Withdrawal,ATM/Cash Withdrawals,,
08/28/2025,08/28/2025,88.12,Debit,ACH Debit,ACH Debit,,,,,Payment to Citizens Bank,Loans,4330513,
08/28/2025,08/27/2025,248.09,Debit,POS,POS,,,,,Transfer to Apple Cash,Transfers,,
08/28/2025,08/27/2025,44.06,Debit,POS,POS,,,,,Transfer to Apple Cash,Transfers,,
08/28/2025,08/27/2025,3.85,Debit,POS,POS,,,,,Parking Authority-baltimore,Travel,,
08/28/2025,08/28/2025,4690.27,Credit,ACH Credit,ACH Credit,,,,,Microsoft Deposit,Deposits,11100001,
08/27/2025,08/26/2025,40.96,Debit,POS,POS,,,,,DEBIT-DC 8678 BALTIMORE CITY GOV XX-3000 MD,Other Expenses,,
08/27/2025,08/27/2025,31.65,Debit,POS,POS,,,,,DEBIT-DC 4581 QUARTERFIELD ROA SEVERN MD US,Other Expenses,,
08/27/2025,08/26/2025,10.00,Debit,POS,POS,,,,,Transfer to Apple Cash,Transfers,,
08/26/2025,08/24/2025,149.39,Debit,POS,POS,,,,,Homestead Gardens,Home Improvement,,
08/26/2025,08/25/2025,61.89,Debit,POS,POS,,,,,Wegmans,Groceries,,
08/26/2025,08/25/2025,56.90,Debit,POS,POS,,,,,Michaels,Hobbies,,
08/26/2025,08/25/2025,47.00,Debit,POS,POS,,,,,DEBIT-DC 8678 SQ *ONEDO COFFEE R BALTIMORE MD,Restaurants/Dining,,
08/26/2025,08/25/2025,8.89,Debit,POS,POS,,,,,DEBIT-DC 8678 SQ *ONEDO COFFEE R BALTIMORE MD,Restaurants/Dining,,
08/25/2025,08/25/2025,20.00,Debit,ACH Debit,ACH Debit,,,,,Payment to Chase,Credit Card Payments,2100002,
08/25/2025,08/25/2025,100.00,Debit,Transfer,Transfer,,,,,Transfer To Checking -5873,Transfers,,
08/25/2025,08/23/2025,120.00,Debit,POS,POS,,,,,Venmo Inc,Online Services,,
08/25/2025,08/24/2025,105.10,Debit,POS,POS,,,,,DEBIT-DC 4581 KENT ISLAND CRAB C PASADENA MD,Restaurants/Dining,,
08/25/2025,08/22/2025,78.00,Debit,POS,POS,,,,,DEBIT-DC 4581 WWW.LUMINISHE* LUM LUMINISHEALTH MD,Healthcare/Medical,,
08/25/2025,08/22/2025,70.00,Debit,POS,POS,,,,,DEBIT-DC 8678 BLACKWALL BARN AND XX5566 MD,Other Expenses,,
08/25/2025,08/24/2025,65.00,Debit,POS,POS,,,,,Blue Moon Cafe,Restaurants/Dining,,
08/25/2025,08/25/2025,38.16,Debit,POS,POS,,,,,Anthropologie,Clothing/Shoes,,
08/25/2025,08/22/2025,24.99,Debit,POS,POS,,,,,Rise Up Coffee,Restaurants/Dining,,
08/25/2025,08/22/2025,8.47,Debit,POS,POS,,,,,Netflix,Entertainment,,
08/25/2025,08/22/2025,6.50,Debit,POS,POS,,,,,DEBIT-DC 8678 BRUSTERS REAL ICE GLEN BURNIE MD,Restaurants/Dining,,
08/25/2025,08/24/2025,6.09,Debit,POS,POS,,,,,Rise Up Coffee,Restaurants/Dining,,
08/25/2025,08/25/2025,20.00,Credit,Transfer,Transfer,,,,,Transfer From Checking -5873,Transfers,,
08/22/2025,08/22/2025,260.08,Debit,ACH Debit,ACH Debit,,,,,Payment to Liberty Mutual,Insurance,2100002,
08/22/2025,08/20/2025,166.91,Debit,POS,POS,,,,,Sam's Club,General Merchandise,,
08/22/2025,08/21/2025,22.00,Debit,POS,POS,,,,,Rise Up Coffee,Restaurants/Dining,,
08/22/2025,08/21/2025,20.13,Debit,POS,POS,,,,,Target,General Merchandise,,
08/22/2025,08/21/2025,11.64,Debit,POS,POS,,,,,Target,General Merchandise,,
08/22/2025,08/22/2025,2337.42,Credit,Transfer,Transfer,,,,,Transfer From Savings -0387,Transfers,,
08/21/2025,08/21/2025,4.50,Credit,Credit,Credit,,,,,ATM Rebate,Refunds/Adjustments,,
08/21/2025,08/19/2025,150.00,Debit,POS,POS,,,,,Tiki Garden,Restaurants/Dining,,
08/21/2025,08/20/2025,49.00,Debit,POS,POS,,,,,DEBIT-DC 8678 TST*BLACK MARKET B EDGEWATER MD,Restaurants/Dining,,
08/20/2025,08/19/2025,178.61,Debit,POS,POS,,,,,Wegmans,Groceries,,
08/20/2025,08/20/2025,7.46,Debit,POS,POS,,,,,DEBIT-DC 4581 AIRGARAGE* PARKING AIRGARAGE.COM CA,Travel,,
08/20/2025,08/19/2025,4.99,Debit,POS,POS,,,,,Target,General Merchandise,,
08/19/2025,08/19/2025,500.00,Debit,ACH Debit,ACH Debit,,,,,Payment to US Department Of Education,Loans,4103604,
08/19/2025,08/18/2025,155.00,Debit,POS,POS,,,,,Serenity Nails Spa,Personal Care,,
08/19/2025,08/17/2025,16.18,Debit,POS,POS,,,,,DEBIT-DC 4581 TST*THE ICE CREAM REHOBOTH BEAC DE,Restaurants/Dining,,
08/19/2025,08/17/2025,12.00,Debit,POS,POS,,,,,DEBIT-DC 8678 THRASHERS FRENCH F REHOBOTH BCH DE,Clothing/Shoes,,
08/19/2025,08/18/2025,7.99,Debit,POS,POS,,,,,Apple,Electronics,,
08/18/2025,08/18/2025,900.00,Debit,ACH Debit,ACH Debit,,,,,Toyota,Automotive Expenses,2800008,
08/18/2025,08/18/2025,616.54,Debit,ACH Debit,ACH Debit,,,,,Payment to New York Life,Insurance,2100002,
08/18/2025,08/18/2025,391.00,Debit,ACH Debit,ACH Debit,,,,,Payment to Discover Bank,Credit Card Payments,9100001,
08/18/2025,08/18/2025,100.88,Debit,ACH Debit,ACH Debit,,,,,Payment to ECSI,Loans,4300012,
08/18/2025,08/18/2025,100.00,Debit,ACH Debit,ACH Debit,,,,,Payment to Chase,Credit Card Payments,2100002,
08/18/2025,08/17/2025,354.80,Debit,POS,POS,,,,,Pottery Barn,General Merchandise,,
08/18/2025,08/17/2025,152.64,Debit,POS,POS,,,,,Grammarly,Online Services,,
08/18/2025,08/16/2025,33.92,Debit,POS,POS,,,,,DEBIT-DC 8678 SQ *ANTIQUE DEPOT ELLICOTT CITY MD,Home Improvement,,
08/18/2025,08/17/2025,30.00,Debit,POS,POS,,,,,DEBIT-DC 4581 READY SET STITCH XX0742 MD,Clothing/Shoes,,
08/18/2025,08/17/2025,25.00,Debit,POS,POS,,,,,Transfer to Apple Cash,Transfers,,
08/18/2025,08/17/2025,21.93,Debit,POS,POS,,,,,Royal Farms,Groceries,,
08/18/2025,08/17/2025,20.14,Debit,POS,POS,,,,,Rise Up Coffee,Restaurants/Dining,,
08/18/2025,08/17/2025,18.60,Debit,POS,POS,,,,,DEBIT-DC 8678 CITY OF REHOBOTH B REHOBOTH BEAC DE,Utilities,,
08/18/2025,08/17/2025,13.00,Debit,POS,POS,,,,,DEBIT-DC 4581 CKE*STARKEY'S FUNN REHOBOTH BEAC DE,Restaurants/Dining,,
08/18/2025,08/17/2025,10.60,Debit,POS,POS,,,,,DEBIT-DC 8678 CITY OF REHOBOTH B PARKMOBILECOM DE,Travel,,
08/18/2025,08/17/2025,8.47,Debit,POS,POS,,,,,Royal Farms,Groceries,,
08/18/2025,08/17/2025,2.60,Debit,POS,POS,,,,,DEBIT-DC 8678 CITY OF REHOBOTH B PARKMOBILECOM DE,Travel,,
08/18/2025,08/18/2025,50.00,Credit,Transfer,Transfer,,,,,Transfer from Zelle,Transfers,,
08/18/2025,08/18/2025,40.00,Credit,Transfer,Transfer,,,,,Transfer from Zelle,Transfers,,
08/15/2025,08/15/2025,388.00,Debit,ACH Debit,ACH Debit,,,,,Tax Payment to IRS,Taxes,6103601,
08/15/2025,08/15/2025,164.80,Debit,ACH Debit,ACH Debit,,,,,Payment to The Guardian Life Insurance Company of America,Insurance,2100002,
08/15/2025,08/15/2025,13.48,Debit,POS,POS,,,,,Michaels,Hobbies,,
08/15/2025,08/14/2025,130.00,Credit,Credit,Credit,,,,,Adjustment - Cr Unleashed Brands XX4778 TX,Refunds/Adjustments,,
08/14/2025,08/14/2025,4690.29,Credit,ACH Credit,ACH Credit,,,,,Microsoft Deposit,Deposits,11100001,
08/13/2025,08/13/2025,485.88,Debit,ACH Debit,ACH Debit,,,,,Payment to Volvo Car Financial Services,Loans,2100002,
08/13/2025,08/12/2025,34.65,Debit,POS,POS,,,,,Sam's Club,General Merchandise,,
08/13/2025,08/12/2025,20.21,Debit,POS,POS,,,,,Giant Food,Groceries,,
08/12/2025,08/12/2025,94.99,Debit,ACH Debit,ACH Debit,,,,,Payment to Verizon,Telephone Services,3100003,
08/12/2025,08/11/2025,73.62,Debit,POS,POS,,,,,Wegmans,Groceries,,
08/12/2025,08/11/2025,60.00,Debit,POS,POS,,,,,Venmo Inc,Online Services,,
08/12/2025,08/12/2025,500.00,Credit,Transfer,Transfer,,,,,Transfer From Savings -0387,Transfers,,
08/11/2025,08/11/2025,30.00,Debit,ACH Debit,ACH Debit,,,,,Lowe's,Home Improvement,4220268,
08/11/2025,08/08/2025,78.00,Debit,POS,POS,,,,,DEBIT-DC 4581 WWW.LUMINISHE* LUM LUMINISHEALTH MD,Healthcare/Medical,,
08/11/2025,08/09/2025,65.00,Debit,POS,POS,,,,,DEBIT-DC 8678 CASH APP*ROSALIND OAKLAND CA,Transfers,,
08/11/2025,08/09/2025,15.00,Debit,POS,POS,,,,,Wegmans,Groceries,,
08/08/2025,08/07/2025,62.75,Debit,POS,POS,,,,,Harris Teeter,Groceries,,
08/07/2025,08/06/2025,27.10,Debit,POS,POS,,,,,Giant Food,Groceries,,
08/06/2025,08/04/2025,159.00,Debit,POS,POS,,,,,DEBIT-DC 8678 OTF GAMBRILLS XX7925 MD,Clothing/Shoes,,
08/06/2025,08/05/2025,60.00,Debit,POS,POS,,,,,Venmo Inc,Online Services,,
08/06/2025,08/05/2025,6.13,Debit,POS,POS,,,,,Target,General Merchandise,,
08/06/2025,08/06/2025,850.00,Debit,Debit,Debit,,,,,Cash Withdrawal,ATM/Cash Withdrawals,,
08/06/2025,08/06/2025,850.00,Credit,Transfer,Transfer,,,,,Transfer From Savings -0387,Transfers,,
08/05/2025,08/05/2025,186.97,Debit,ACH Debit,ACH Debit,,,,,Payment to AT&T,Telephone Services,3110020,
08/05/2025,08/04/2025,94.95,Debit,POS,POS,,,,,DEBIT-DC 8678 BREW CITY BRAND - MILWAUKEE WI,Restaurants/Dining,,
08/05/2025,08/03/2025,17.60,Debit,POS,POS,,,,,Tavern At The Park,Restaurants/Dining,,
08/05/2025,08/04/2025,12.35,Debit,POS,POS,,,,,DEBIT-DC 4581 SECURE PARKING USA WWW.SECUREPAR WI,Travel,,
08/05/2025,08/05/2025,3.79,Debit,POS,POS,,,,,Giant Food,Groceries,,
08/05/2025,08/04/2025,63.50,Debit,ATM,ATM,,,,,ATM Withdrawal Plus Bmo Bank N.a. Milwaukee WI US,ATM/Cash Withdrawals,,
08/05/2025,08/04/2025,1.00,Debit,Debit,Debit,,,,,ATM Fee - Withdrawal,Service Charges/Fees,,
08/05/2025,08/05/2025,170.00,Credit,Transfer,Transfer,,,,,Transfer from Zelle,Transfers,,
08/05/2025,08/05/2025,130.00,Credit,Credit,Credit,,,,,Dispute - Temp Credit,Refunds/Adjustments,,
08/04/2025,08/04/2025,2239.11,Debit,ACH Debit,ACH Debit,,,,,JPMorganChase,Online Services,2100002,
08/04/2025,08/04/2025,500.00,Debit,ACH Debit,ACH Debit,,,,,Payment to Service Finance Company,Loans,5310112,
08/04/2025,08/04/2025,164.15,Debit,ACH Debit,ACH Debit,,,,,Transfer to Venmo,Transfers,2100002,
08/04/2025,08/01/2025,217.71,Debit,POS,POS,,,,,Blick Art Materials,Hobbies,,
08/04/2025,08/02/2025,91.00,Debit,POS,POS,,,,,DEBIT-DC 4581 MORNINGSTAR STORAG XX1626 MD,Rent,,
08/04/2025,08/02/2025,77.70,Debit,POS,POS,,,,,DEBIT-DC 8678 NEROLI* NEROLI SAL XX2888 WI,Clothing/Shoes,,
08/04/2025,08/01/2025,60.36,Debit,POS,POS,,,,,Soma,Clothing/Shoes,,
08/04/2025,08/01/2025,46.64,Debit,POS,POS,,,,,Peloton Cycle,Personal Care,,
08/04/2025,08/03/2025,40.00,Debit,POS,POS,,,,,DEBIT-DC 4581 WISCONSIN STATE FA XX-3849 NC,Other Expenses,,
08/04/2025,08/01/2025,23.81,Debit,POS,POS,,,,,Chick-fil-A,Restaurants/Dining,,
08/04/2025,08/01/2025,13.75,Debit,POS,POS,,,,,Hudson Group,General Merchandise,,
08/04/2025,08/02/2025,12.68,Debit,POS,POS,,,,,DEBIT-DC 8678 SQ *COLECTIVO MILWAUKEE WI,Restaurants/Dining,,
08/04/2025,08/03/2025,7.00,Debit,POS,POS,,,,,DEBIT-DC 8678 SQ *WISCONSIN POTA WEST ALLIS WI,Restaurants/Dining,,
08/04/2025,08/03/2025,5.30,Debit,POS,POS,,,,,ParkWhiz,Travel,,
08/04/2025,08/02/2025,3.10,Debit,POS,POS,,,,,DEBIT-DC 8678 SQ *FOLTZ FAMILY M MILWAUKEE WI,Gifts,,
08/04/2025,08/03/2025,3.00,Debit,POS,POS,,,,,DEBIT-DC 8678 SQ *DOUBLE K DAIRY WEST ALLIS WI,Restaurants/Dining,,
08/01/2025,08/01/2025,545.02,Debit,ACH Debit,ACH Debit,,,,,Payment to Apple Card,Credit Card Payments,12408508,
08/01/2025,08/01/2025,150.00,Debit,ACH Debit,ACH Debit,,,,,Payment to Chase,Credit Card Payments,2100002,
08/01/2025,08/01/2025,2481.00,Debit,Transfer,Transfer,,,,,Transfer To Credit Card -8715,Transfers,,
08/01/2025,07/31/2025,399.86,Debit,POS,POS,,,,,Diaspora Salon,Personal Care,,
08/01/2025,07/31/2025,130.00,Debit,POS,POS,,,,,Unleashed Brands,Online Services,,
08/01/2025,08/01/2025,15.00,Debit,POS,POS,,,,,Diaspora Salon,Personal Care,,
08/01/2025,07/31/2025,13.80,Debit,POS,POS,,,,,Crate & Barrel,General Merchandise,,
08/01/2025,07/31/2025,2.75,Debit,POS,POS,,,,,Target,General Merchandise,,
08/01/2025,07/31/2025,0.49,Debit,POS,POS,,,,,Target,General Merchandise,,
07/31/2025,07/31/2025,0.31,Credit,Credit,Credit,,,,,Dividend,Investment Income,,
07/31/2025,07/31/2025,351.62,Debit,ACH Debit,ACH Debit,,,,,Payment to Baltimore Gas and Electric Company,Utilities,9100001,
07/31/2025,07/31/2025,2245.07,Debit,Transfer,Transfer,,,,,Transfer To Savings -0387,Savings,,
07/31/2025,07/31/2025,150.00,Debit,Transfer,Transfer,,,,,Transfer To Credit Card -7148,Transfers,,
07/31/2025,07/31/2025,100.00,Debit,Transfer,Transfer,,,,,Transfer To Checking -5873,Transfers,,
07/31/2025,07/31/2025,120.00,Debit,POS,POS,,,,,Venmo Inc,Online Services,,
07/31/2025,07/30/2025,127.19,Credit,Credit,Credit,,,,,Apple,Electronics,,
07/30/2025,07/29/2025,75.83,Debit,POS,POS,,,,,Target,General Merchandise,,
07/30/2025,07/29/2025,35.79,Debit,POS,POS,,,,,Wegmans,Groceries,,
07/30/2025,07/28/2025,30.69,Debit,POS,POS,,,,,Wegmans,Groceries,,
07/30/2025,07/29/2025,10.48,Debit,POS,POS,,,,,Target,General Merchandise,,
07/30/2025,07/30/2025,10977.33,Credit,ACH Credit,ACH Credit,,,,,Microsoft Deposit,Deposits,11100001,
07/29/2025,07/29/2025,88.12,Debit,ACH Debit,ACH Debit,,,,,Payment to Citizens Bank,Loans,4330513,
07/29/2025,07/28/2025,127.19,Debit,POS,POS,,,,,Apple,Electronics,,
07/29/2025,07/28/2025,40.81,Debit,POS,POS,,,,,DEBIT-DC 8678 TST*PITANGO BAKERY BALTIMORE MD,Restaurants/Dining,,
07/29/2025,07/28/2025,14.05,Debit,POS,POS,,,,,Rise Up Coffee,Restaurants/Dining,,
07/29/2025,07/28/2025,7.00,Debit,POS,POS,,,,,BALTIMORE COUNTY,Cable/Satellite Services,,
07/29/2025,07/29/2025,2.74,Credit,Transfer,Transfer,,,,,Transfer From Savings,Transfers,,
07/28/2025,07/25/2025,78.00,Debit,POS,POS,,,,,DEBIT-DC 4581 WWW.LUMINISHE* LUM LUMINISHEALTH MD,Healthcare/Medical,,
07/25/2025,07/24/2025,37.09,Debit,POS,POS,,,,,Target,General Merchandise,,
07/25/2025,07/25/2025,28.56,Debit,POS,POS,,,,,Target,General Merchandise,,
07/24/2025,07/23/2025,120.67,Debit,POS,POS,,,,,Giant Food,Groceries,,
07/24/2025,07/23/2025,4.04,Debit,POS,POS,,,,,Wegmans,Groceries,,
07/23/2025,07/23/2025,260.08,Debit,ACH Debit,ACH Debit,,,,,Payment to Liberty Mutual,Insurance,2100002,
07/23/2025,07/21/2025,52.31,Debit,POS,POS,,,,,China Wok,Restaurants/Dining,,
07/23/2025,07/22/2025,28.25,Debit,POS,POS,,,,,DEBIT-DC 8678 TST* GOOD NEIGHBOR BALTIMORE MD,Restaurants/Dining,,
07/23/2025,07/22/2025,8.47,Debit,POS,POS,,,,,Netflix,Entertainment,,
07/23/2025,07/22/2025,0.80,Credit,Credit,Credit,,,,,Apple,Electronics,,
07/22/2025,07/21/2025,15.00,Debit,POS,POS,,,,,DEBIT-DC 8678 OTF GAMBRILLS XX7925 MD,Clothing/Shoes,,
07/21/2025,07/21/2025,5.75,Credit,Credit,Credit,,,,,ATM Rebate,Refunds/Adjustments,,
07/21/2025,07/20/2025,110.00,Debit,POS,POS,,,,,Transfer to Zelle,Transfers,,
07/21/2025,07/20/2025,45.53,Debit,POS,POS,,,,,DEBIT-DC 4581 SHRI SAI KRIPA THERANGOLIRES MD,Other Expenses,,
07/21/2025,07/18/2025,7.99,Debit,POS,POS,,,,,Apple,Electronics,,
07/21/2025,07/18/2025,1.00,Debit,POS,POS,,,,,Parking Authority of Baltimore City,Travel,,
07/21/2025,07/18/2025,103.75,Debit,ATM,ATM,,,,,ATM Withdrawal at PNC New Market MD,ATM/Cash Withdrawals,,
07/21/2025,07/18/2025,1.00,Debit,Debit,Debit,,,,,ATM Fee - Inquiry,Service Charges/Fees,,
07/21/2025,07/18/2025,1.00,Debit,Debit,Debit,,,,,ATM Fee - Withdrawal,Service Charges/Fees,,
07/18/2025,07/17/2025,18.29,Debit,POS,POS,,,,,Rise Up Coffee,Restaurants/Dining,,
07/18/2025,07/17/2025,13.41,Debit,POS,POS,,,,,Uber Bagels,Restaurants/Dining,,
07/18/2025,07/18/2025,150.00,Credit,Credit,Credit,,,,,Transfer from Zelle,Transfers,,
07/17/2025,07/16/2025,15.00,Debit,POS,POS,,,,,Target,General Merchandise,,
07/17/2025,07/16/2025,7.42,Debit,POS,POS,,,,,DEBIT-DC 8678 MARYANNS ICE CREAM ANNAPOLIS MD,Restaurants/Dining,,
07/17/2025,07/16/2025,7.15,Debit,POS,POS,,,,,Rise Up Coffee,Restaurants/Dining,,
07/17/2025,07/16/2025,5.50,Debit,POS,POS,,,,,DEBIT-DC 8678 SQ *CLARK'S ELIOAK ELLICOTT CITY MD,Clothing/Shoes,,
07/17/2025,07/16/2025,5.00,Debit,POS,POS,,,,,DEBIT-DC 8678 SQ *CLARK'S ELIOAK ELLICOTT CITY MD,Clothing/Shoes,,
07/17/2025,07/17/2025,100.00,Debit,ATM,ATM,,,,,ATM Withdrawal,ATM/Cash Withdrawals,,
07/16/2025,07/16/2025,900.00,Debit,ACH Debit,ACH Debit,,,,,Toyota,Automotive Expenses,2800008,
07/16/2025,07/16/2025,616.54,Debit,ACH Debit,ACH Debit,,,,,Payment to New York Life,Insurance,2100002,
07/16/2025,07/16/2025,418.74,Debit,ACH Debit,ACH Debit,,,,,Payment to Chase,Credit Card Payments,2100002,
07/16/2025,07/16/2025,395.00,Debit,ACH Debit,ACH Debit,,,,,Payment to Discover Bank,Credit Card Payments,9100001,
07/16/2025,07/16/2025,164.80,Debit,ACH Debit,ACH Debit,,,,,Payment to The Guardian Life Insurance Company of America,Insurance,2100002,
07/16/2025,07/16/2025,100.88,Debit,ACH Debit,ACH Debit,,,,,Payment to ECSI,Loans,4300012,
07/16/2025,07/16/2025,100.00,Debit,Transfer,Transfer,,,,,Transfer To Checking -5873,Transfers,,
07/16/2025,07/15/2025,77.75,Debit,POS,POS,,,,,Target,General Merchandise,,
07/16/2025,07/16/2025,60.00,Debit,POS,POS,,,,,Venmo Inc,Online Services,,
07/16/2025,07/15/2025,38.76,Debit,POS,POS,,,,,Target,General Merchandise,,
07/16/2025,07/15/2025,32.60,Debit,POS,POS,,,,,Giant Food,Groceries,,
07/16/2025,07/15/2025,15.00,Debit,POS,POS,,,,,Target,General Merchandise,,
07/16/2025,07/14/2025,3.00,Debit,POS,POS,,,,,DEBIT-DC 8678 UMMC MIDTOWN - PAR BALTIMORE MD,Other Expenses,,
07/15/2025,07/15/2025,485.88,Debit,ACH Debit,ACH Debit,,,,,Payment to Volvo Car Financial Services,Loans,2100002,
07/15/2025,07/15/2025,388.00,Debit,ACH Debit,ACH Debit,,,,,Tax Payment to IRS,Taxes,6103601,
07/15/2025,07/15/2025,50.00,Debit,Transfer,Transfer,,,,,Transfer To Credit Card -8715,Transfers,,
07/15/2025,07/14/2025,110.49,Debit,POS,POS,,,,,Wegmans,Groceries,,
07/14/2025,07/14/2025,94.99,Debit,ACH Debit,ACH Debit,,,,,Payment to Verizon,Telephone Services,3100003,
07/14/2025,07/11/2025,78.00,Debit,POS,POS,,,,,DEBIT-DC 4581 WWW.LUMINISHE* LUM LUMINISHEALTH MD,Healthcare/Medical,,
07/14/2025,07/13/2025,26.50,Debit,POS,POS,,,,,DEBIT-DC 4581 SQ *CATONSVILLE FA CATONSVILLE MD,Other Expenses,,
07/14/2025,07/12/2025,25.15,Debit,POS,POS,,,,,DEBIT-DC 4581 THOMPSON CREEK D STEVENSVILLE MD US,Other Expenses,,
07/14/2025,07/12/2025,13.78,Debit,POS,POS,,,,,Common Ground,Restaurants/Dining,,
07/14/2025,07/12/2025,13.77,Debit,POS,POS,,,,,Pizza Boli's,Restaurants/Dining,,
07/14/2025,07/13/2025,12.48,Debit,POS,POS,,,,,DEBIT-DC 4581 SQ *CHARLOTTETOWN BALTIMORE MD,Other Expenses,,
07/14/2025,07/11/2025,8.32,Debit,POS,POS,,,,,Wegmans,Groceries,,
07/14/2025,07/13/2025,8.00,Debit,POS,POS,,,,,DEBIT-DC 4581 SQ *VALENCIA?S MONTROSS VA,Other Expenses,,
07/14/2025,07/13/2025,7.00,Debit,POS,POS,,,,,DEBIT-DC 4581 SQ *THE BREADERY/D CATONSVILLE MD,Restaurants/Dining,,
07/14/2025,07/13/2025,6.36,Debit,POS,POS,,,,,DEBIT-DC 4581 SQ *GRACE'S THAI K CATONSVILLE MD,Restaurants/Dining,,
07/14/2025,07/14/2025,4690.28,Credit,ACH Credit,ACH Credit,,,,,Microsoft Deposit,Deposits,11100001,
07/11/2025,07/10/2025,22.85,Debit,POS,POS,,,,,Rise Up Coffee,Restaurants/Dining,,
07/11/2025,07/11/2025,500.00,Credit,Transfer,Transfer,,,,,Transfer From Savings -0387,Transfers,,
07/10/2025,07/08/2025,6.11,Debit,POS,POS,,,,,Auntie Anne's,Restaurants/Dining,,
07/09/2025,07/09/2025,30.00,Debit,ACH Debit,ACH Debit,,,,,Lowe's,Home Improvement,4220268,
07/09/2025,07/09/2025,5.73,Debit,POS,POS,,,,,Target,General Merchandise,,
07/09/2025,07/09/2025,153.20,Credit,Credit,Credit,,,,,Adjustment - Cr Cash App*claudaya Oakland CA US,Refunds/Adjustments,,
07/08/2025,07/07/2025,159.00,Debit,POS,POS,,,,,DEBIT-DC 8678 OTF GAMBRILLS XX7925 MD,Clothing/Shoes,,
07/08/2025,07/06/2025,9.74,Debit,POS,POS,,,,,Royal Farms,Groceries,,
07/07/2025,07/07/2025,187.05,Debit,ACH Debit,ACH Debit,,,,,Payment to AT&T,Telephone Services,3110020,
07/07/2025,07/06/2025,60.00,Debit,POS,POS,,,,,Venmo Inc,Online Services,,
07/07/2025,07/07/2025,48.30,Debit,POS,POS,,,,,Apostrophe,Restaurants/Dining,,
07/07/2025,07/03/2025,41.70,Debit,POS,POS,,,,,Target,General Merchandise,,
07/07/2025,07/05/2025,21.94,Debit,POS,POS,,,,,Giant Food,Groceries,,
07/07/2025,07/03/2025,14.00,Debit,POS,POS,,,,,DEBIT-DC 8678 OTF GAMBRILLS XX7925 MD,Clothing/Shoes,,
07/07/2025,07/05/2025,3.10,Debit,POS,POS,,,,,Cox Wine & Spirits,Groceries,,
07/07/2025,07/07/2025,350.00,Credit,Transfer,Transfer,,,,,Transfer From Savings -0387,Transfers,,
07/07/2025,07/07/2025,150.00,Credit,Transfer,Transfer,,,,,Transfer From Savings -0387,Transfers,,
07/07/2025,07/07/2025,150.00,Credit,Credit,Credit,,,,,Transfer from Zelle,Transfers,,
07/03/2025,07/03/2025,2239.11,Debit,ACH Debit,ACH Debit,,,,,JPMorganChase,Online Services,2100002,
07/03/2025,07/01/2025,91.00,Debit,POS,POS,,,,,DEBIT-DC 4581 MORNINGSTAR STORAG XX1626 MD,Rent,,
07/03/2025,07/02/2025,79.86,Debit,POS,POS,,,,,Target,General Merchandise,,
07/03/2025,07/02/2025,27.58,Debit,POS,POS,,,,,Walmart,General Merchandise,,
07/03/2025,07/02/2025,24.71,Debit,POS,POS,,,,,DEBIT-DC 8678 SQ *FIRST FREE COF CHARLOTTESVIL VA,Restaurants/Dining,,
07/03/2025,07/02/2025,4.69,Debit,POS,POS,,,,,DEBIT-DC 8678 AIRGARAGE PARKING AIRGARAGE.COM CA,Travel,,
07/03/2025,07/03/2025,1500.00,Credit,Transfer,Transfer,,,,,Transfer From Savings -0387,Transfers,,
07/02/2025,07/02/2025,500.00,Debit,ACH Debit,ACH Debit,,,,,Payment to Service Finance Company,Loans,5310112,
07/02/2025,07/01/2025,137.80,Debit,POS,POS,,,,,Ulta Beauty,Personal Care,,
07/02/2025,07/01/2025,46.64,Debit,POS,POS,,,,,Peloton Cycle,Personal Care,,
07/02/2025,07/01/2025,30.14,Debit,POS,POS,,,,,Giant Food,Groceries,,
07/02/2025,07/01/2025,25.27,Debit,POS,POS,,,,,DEBIT-DC 8678 GATEWAY ANTIQUE CE RUCKERSVILLE VA,Home Improvement,,
07/02/2025,07/01/2025,24.68,Debit,POS,POS,,,,,Walmart,General Merchandise,,
07/02/2025,06/30/2025,22.58,Debit,POS,POS,,,,,Qdoba Mexican Grill,Restaurants/Dining,,
07/02/2025,07/01/2025,17.35,Debit,POS,POS,,,,,Target,General Merchandise,,
07/02/2025,07/01/2025,16.05,Debit,POS,POS,,,,,Shell,Gasoline/Fuel,,
07/02/2025,06/30/2025,9.52,Debit,POS,POS,,,,,McDonald's,Restaurants/Dining,,
07/02/2025,07/01/2025,2.49,Debit,POS,POS,,,,,Apple,Electronics,,
07/02/2025,06/30/2025,1.58,Debit,POS,POS,,,,,McDonald's,Restaurants/Dining,,
07/01/2025,07/01/2025,365.81,Debit,ACH Debit,ACH Debit,,,,,Payment to Apple Card,Credit Card Payments,12408508,
07/01/2025,07/01/2025,359.00,Debit,ACH Debit,ACH Debit,,,,,Payment to Baltimore Gas and Electric Company,Utilities,9100001,
07/01/2025,06/30/2025,167.69,Debit,POS,POS,,,,,Wegmans,Groceries,,
07/01/2025,06/30/2025,137.75,Debit,POS,POS,,,,,Bellaluxe Nails And Spa,Personal Care,,
07/01/2025,06/30/2025,130.00,Debit,POS,POS,,,,,Unleashed Brands,Online Services,,
07/01/2025,06/30/2025,69.96,Debit,POS,POS,,,,,Ulta Beauty,Personal Care,,
07/01/2025,06/30/2025,32.70,Debit,POS,POS,,,,,Sam's Club,Gasoline/Fuel,,
07/01/2025,06/29/2025,26.00,Debit,POS,POS,,,,,DEBIT-DC 8678 TST*PG STADIUM BOWIE MD,Restaurants/Dining,,
07/01/2025,06/29/2025,18.28,Debit,POS,POS,,,,,DEBIT-DC 8678 TST*PG STADIUM BOWIE MD,Restaurants/Dining,,
07/01/2025,06/30/2025,15.88,Debit,POS,POS,,,,,DEBIT-DC 8678 TST* CHEESESTEAK & ELKRIDGE MD,Restaurants/Dining,,
07/01/2025,06/29/2025,15.72,Debit,POS,POS,,,,,DEBIT-DC 8678 TST*PG STADIUM BOWIE MD,Restaurants/Dining,,
07/01/2025,06/29/2025,14.04,Debit,POS,POS,,,,,DEBIT-DC 4581 TST*PG STADIUM CON BOWIE MD,Entertainment,,
07/01/2025,06/29/2025,13.25,Debit,POS,POS,,,,,DEBIT-DC 8678 TST*PG STADIUM CON BOWIE MD,Entertainment,,
07/01/2025,06/29/2025,12.54,Debit,POS,POS,,,,,DEBIT-DC 4581 TST*PG STADIUM BOWIE MD,Restaurants/Dining,,
07/01/2025,06/29/2025,4.96,Debit,POS,POS,,,,,DEBIT-DC 8678 TST*PG STADIUM BOWIE MD,Restaurants/Dining,,
06/30/2025,06/30/2025,0.44,Credit,Credit,Credit,,,,,Dividend,Investment Income,,
06/30/2025,06/30/2025,100.93,Debit,ACH Debit,ACH Debit,,,,,Payment to Chase,Credit Card Payments,2100002,
06/30/2025,06/30/2025,88.12,Debit,ACH Debit,ACH Debit,,,,,Payment to Citizens Bank,Loans,4330513,
06/30/2025,06/30/2025,350.00,Debit,Transfer,Transfer,,,,,Transfer To Savings -0387,Savings,,
06/30/2025,06/30/2025,6.84,Debit,Transfer,Transfer,,,,,Transfer To Credit Card -7148,Transfers,,
06/30/2025,06/28/2025,78.00,Debit,POS,POS,,,,,DEBIT-DC 4581 WWW.LUMINISHE* LUM LUMINISHEALTH MD,Healthcare/Medical,,
06/30/2025,06/27/2025,75.57,Debit,POS,POS,,,,,Wegmans,Groceries,,
06/30/2025,06/29/2025,70.00,Debit,POS,POS,,,,,Transfer to Patrick,Transfers,,
06/30/2025,06/29/2025,69.96,Debit,POS,POS,,,,,DEBIT-DC 8678 CHESAPEAKE BAYSOX BOWIE MD,Other Expenses,,
06/30/2025,06/29/2025,50.00,Debit,POS,POS,,,,,Venmo Inc,Online Services,,
06/30/2025,06/26/2025,26.47,Debit,POS,POS,,,,,Chick-fil-A,Restaurants/Dining,,
06/30/2025,06/27/2025,16.21,Debit,POS,POS,,,,,Michaels,Hobbies,,
06/30/2025,06/29/2025,1.59,Debit,POS,POS,,,,,Target,General Merchandise,,
06/30/2025,06/30/2025,850.00,Debit,ATM,ATM,,,,,ATM Withdrawal,ATM/Cash Withdrawals,,
06/30/2025,06/27/2025,41.36,Credit,Credit,Credit,,,,,Adjustment - Cr Sp Celebrate Us Wadsworth OH,Refunds/Adjustments,,
06/27/2025,06/27/2025,9.64,Debit,POS,POS,,,,,Michaels,Hobbies,,
06/27/2025,06/27/2025,9.64,Debit,POS,POS,,,,,Michaels,Hobbies,,
06/27/2025,06/26/2025,8.58,Debit,POS,POS,,,,,Wegmans,Groceries,,
06/27/2025,06/26/2025,5.99,Debit,POS,POS,,,,,Target,General Merchandise,,
06/27/2025,06/26/2025,3.31,Debit,POS,POS,,,,,Target,General Merchandise,,
06/27/2025,06/27/2025,4690.29,Credit,ACH Credit,ACH Credit,,,,,Microsoft Deposit,Deposits,11100001,
06/26/2025,06/25/2025,345.00,Debit,POS,POS,,,,,DEBIT-DC 8678 FGT*COUNTRY CALLIN XX-0315 TX,Entertainment,,
06/26/2025,06/24/2025,29.64,Debit,POS,POS,,,,,Ledo Pizza,Restaurants/Dining,,
06/26/2025,06/26/2025,350.00,Credit,Transfer,Transfer,,,,,Transfer From Savings -0387,Transfers,,
06/25/2025,06/24/2025,105.96,Debit,POS,POS,,,,,DSW,Clothing/Shoes,,
06/25/2025,06/24/2025,10.23,Debit,POS,POS,,,,,Giant Food,Groceries,,
06/24/2025,06/24/2025,260.08,Debit,ACH Debit,ACH Debit,,,,,Payment to Liberty Mutual,Insurance,2100002,
06/24/2025,06/23/2025,120.74,Debit,POS,POS,,,,,Wegmans,Groceries,,
06/24/2025,06/23/2025,47.00,Debit,POS,POS,,,,,Sam's Club,General Merchandise,,
06/24/2025,06/24/2025,451.12,Credit,Transfer,Transfer,,,,,Transfer From Savings -0387,Transfers,,
06/23/2025,06/20/2025,79.48,Debit,POS,POS,,,,,Tractor Supply Company,Home Improvement,,
06/23/2025,06/22/2025,52.00,Debit,POS,POS,,,,,DEBIT-DC 8678 SQ *BLUE'S BBQ TRU GAITHERSBURG MD,Restaurants/Dining,,
06/23/2025,06/22/2025,37.90,Debit,POS,POS,,,,,Sam's Club,Gasoline/Fuel,,
06/23/2025,06/22/2025,24.00,Debit,POS,POS,,,,,DEBIT-DC 8678 TST*LITTLE BRICK C SHARPSBURG MD,Restaurants/Dining,,
06/23/2025,06/22/2025,22.54,Debit,POS,POS,,,,,DEBIT-DC 8678 SQ *SPRINGFIELD MA THURMONT MD,Other Expenses,,
06/23/2025,06/21/2025,22.18,Debit,POS,POS,,,,,DEBIT-DC 4581 MARTIN'S FARM MARKET MYERSVILLE US,Groceries,,
06/23/2025,06/20/2025,17.20,Debit,POS,POS,,,,,Royal Farms,Groceries,,
06/23/2025,06/21/2025,15.90,Debit,POS,POS,,,,,Ecompanystore,Advertising,,
06/23/2025,06/21/2025,10.79,Debit,POS,POS,,,,,McDonald's,Restaurants/Dining,,
06/23/2025,06/22/2025,8.47,Debit,POS,POS,,,,,Netflix,Entertainment,,
06/23/2025,06/20/2025,6.77,Debit,POS,POS,,,,,Giant Food,Groceries,,
06/23/2025,06/23/2025,491.50,Credit,Transfer,Transfer,,,,,Transfer From Savings -0387,Transfers,,
06/20/2025,06/20/2025,9.00,Credit,Credit,Credit,,,,,ATM Rebate,Refunds/Adjustments,,
06/20/2025,06/18/2025,30.35,Debit,POS,POS,,,,,Safeway,Groceries,,
06/20/2025,06/18/2025,7.99,Debit,POS,POS,,,,,Apple,Electronics,,
06/18/2025,06/16/2025,120.62,Debit,POS,POS,,,,,FoodService,Restaurants/Dining,,
06/18/2025,06/16/2025,44.95,Debit,POS,POS,,,,,FoodService,Restaurants/Dining,,
06/18/2025,06/17/2025,43.77,Debit,POS,POS,,,,,Rutter's,Groceries,,
06/18/2025,06/16/2025,37.10,Debit,POS,POS,,,,,DEBIT-DC 8678 HCW PHOTO HERSHEY PA,Hobbies,,
06/18/2025,06/16/2025,34.98,Debit,POS,POS,,,,,Hersheypark,Entertainment,,
06/18/2025,06/16/2025,28.57,Debit,POS,POS,,,,,Hersheypark,Entertainment,,
06/18/2025,06/17/2025,26.00,Debit,POS,POS,,,,,DEBIT-DC 8678 HERSHEY PARK FOODS HERSHEY PA,Groceries,,
06/18/2025,06/16/2025,23.83,Debit,POS,POS,,,,,DEBIT-DC 4581 HERSHEY PARK FOODS HERSHEY PA,Groceries,,
06/18/2025,06/17/2025,16.00,Debit,POS,POS,,,,,The Table,Restaurants/Dining,,
06/18/2025,06/16/2025,16.00,Debit,POS,POS,,,,,DEBIT-DC 8678 HERSHEY PARK FOODS HERSHEY PA,Groceries,,
06/18/2025,06/16/2025,13.77,Debit,POS,POS,,,,,Hersheypark,Entertainment,,
06/18/2025,06/17/2025,11.74,Debit,POS,POS,,,,,Rutter's,Groceries,,
06/18/2025,06/16/2025,6.00,Debit,POS,POS,,,,,FoodService,Restaurants/Dining,,
06/17/2025,06/17/2025,900.00,Debit,ACH Debit,ACH Debit,,,,,Toyota,Automotive Expenses,2800008,
06/17/2025,06/17/2025,500.00,Debit,ACH Debit,ACH Debit,,,,,Payment to Service Finance Company,Loans,5310112,
06/17/2025,06/17/2025,100.88,Debit,ACH Debit,ACH Debit,,,,,Payment to ECSI,Loans,4300012,
06/17/2025,06/16/2025,23.89,Debit,POS,POS,,,,,DEBIT-DC 8678 TST*ATWATERS - CAT XX-4120 MD,Restaurants/Dining,,
06/17/2025,06/16/2025,13.44,Debit,POS,POS,,,,,DEBIT-DC 8678 TST*ATWATERS - CAT CATONSVILLE MD,Restaurants/Dining,,
06/16/2025,06/16/2025,616.54,Debit,ACH Debit,ACH Debit,,,,,Payment to New York Life,Insurance,2100002,
06/16/2025,06/16/2025,400.00,Debit,ACH Debit,ACH Debit,,,,,Payment to Discover Bank,Credit Card Payments,9100001,
06/16/2025,06/14/2025,236.26,Debit,POS,POS,,,,,Target,General Merchandise,,
06/16/2025,06/13/2025,84.00,Debit,POS,POS,,,,,DEBIT-DC 4581 STATE HIGHWAY ADMI XX3199 MD,Insurance,,
06/16/2025,06/15/2025,70.00,Debit,POS,POS,,,,,MI PUEBLO,Groceries,,
06/16/2025,06/15/2025,57.18,Debit,POS,POS,,,,,Target,General Merchandise,,
06/16/2025,06/14/2025,57.00,Debit,POS,POS,,,,,Bliss Nail Spa,Personal Care,,
06/16/2025,06/15/2025,50.00,Debit,POS,POS,,,,,DEBIT-DC 8678 TST* DAS BIERHALLE PARKVILLE MD,Restaurants/Dining,,
06/16/2025,06/13/2025,49.78,Debit,POS,POS,,,,,Ledo Pizza,Restaurants/Dining,,
06/16/2025,06/12/2025,29.66,Debit,POS,POS,,,,,Ace Hardware,Home Improvement,,
06/16/2025,06/13/2025,20.00,Debit,POS,POS,,,,,DEBIT-DC 8678 HOWARD COUNTY RAND COLUMBIA MD,Other Expenses,,
06/16/2025,06/14/2025,19.00,Debit,POS,POS,,,,,DEBIT-DC 8678 HOWARD COUNTY RAND COLUMBIA MD,Other Expenses,,
06/16/2025,06/12/2025,18.63,Debit,POS,POS,,,,,DEBIT-DC 8678 2LEVY@ORIOLESPARK BALTIMORE MD,Restaurants/Dining,,
06/16/2025,06/14/2025,17.25,Debit,POS,POS,,,,,7-Eleven,Groceries,,
06/16/2025,06/14/2025,15.00,Debit,POS,POS,,,,,Starbucks,Restaurants/Dining,,
06/16/2025,06/13/2025,14.00,Debit,POS,POS,,,,,DEBIT-DC 8678 OTF GAMBRILLS XX7925 MD,Clothing/Shoes,,
06/16/2025,06/14/2025,6.34,Debit,POS,POS,,,,,LabCorp,Healthcare/Medical,,
06/16/2025,06/13/2025,6.04,Debit,POS,POS,,,,,Dunkin' Donuts,Restaurants/Dining,,
06/16/2025,06/13/2025,5.00,Debit,POS,POS,,,,,DEBIT-DC 8678 HOWARD COUNTY RAND COLUMBIA MD,Other Expenses,,
06/16/2025,06/14/2025,123.50,Debit,ATM,ATM,,,,,ATM Withdrawal at 16 Plus Millersville MD,ATM/Cash Withdrawals,,
06/16/2025,06/14/2025,1.00,Debit,Debit,Debit,,,,,ATM Fee - Withdrawal,Service Charges/Fees,,
06/13/2025,06/13/2025,500.00,Debit,Transfer,Transfer,,,,,Transfer To Credit Card -8715,Transfers,,
06/13/2025,06/12/2025,122.78,Debit,POS,POS,,,,,DEBIT-DC 4581 HERSHEY OL ADMISN XX-8913 PA,Other Expenses,,
06/13/2025,06/12/2025,85.56,Debit,POS,POS,,,,,DEBIT-DC 8678 EB *MARYLAND LAVEN XX7200 CA,Other Expenses,,
06/13/2025,06/12/2025,19.80,Debit,POS,POS,,,,,LAZ Parking,Travel,,
06/13/2025,06/11/2025,9.22,Debit,POS,POS,,,,,Uber Bagels,Restaurants/Dining,,
06/13/2025,06/13/2025,28.52,Credit,Credit,Credit,,,,,Adjustment - Cr Eb *maryland Laven XX-7200 CA,Refunds/Adjustments,,
06/12/2025,06/12/2025,94.99,Debit,ACH Debit,ACH Debit,,,,,Payment to Verizon,Telephone Services,3100003,
06/12/2025,06/11/2025,47.35,Debit,POS,POS,,,,,Sam's Club,General Merchandise,,
06/12/2025,06/11/2025,37.98,Debit,POS,POS,,,,,Giant Food,Groceries,,
06/12/2025,06/12/2025,4690.28,Credit,ACH Credit,ACH Credit,,,,,Microsoft Deposit,Deposits,11100001,
06/11/2025,06/10/2025,46.47,Debit,POS,POS,,,,,Wegmans,Groceries,,
06/11/2025,06/10/2025,10.59,Debit,POS,POS,,,,,Apple,Electronics,,
06/11/2025,06/09/2025,8.35,Debit,POS,POS,,,,,Taco Bell,Restaurants/Dining,,
06/09/2025,06/07/2025,100.66,Debit,POS,POS,,,,,Target,General Merchandise,,
06/09/2025,06/05/2025,50.00,Debit,POS,POS,,,,,DEBIT-DC 8678 SQ *FACILITY CONCE BALTIMORE MD,Other Expenses,,
06/09/2025,06/06/2025,30.13,Debit,POS,POS,,,,,Wegmans,Groceries,,
06/09/2025,06/07/2025,25.16,Debit,POS,POS,,,,,Pizza Boli's,Restaurants/Dining,,
06/09/2025,06/07/2025,24.34,Debit,POS,POS,,,,,Pizza Boli's,Restaurants/Dining,,
06/09/2025,06/05/2025,15.00,Debit,POS,POS,,,,,DEBIT-DC 8678 UMB BALTIMORE GRAN BALTIMORE MD,Restaurants/Dining,,
06/09/2025,06/05/2025,12.41,Debit,POS,POS,,,,,Barnes & Noble,Hobbies,,
06/09/2025,06/05/2025,10.58,Debit,POS,POS,,,,,DEBIT-DC 8678 TST*MAMA TANAS FRE NOTTINGHAM MD,Restaurants/Dining,,
06/09/2025,06/08/2025,9.97,Debit,POS,POS,,,,,Giant Food,Groceries,,
06/09/2025,06/05/2025,9.54,Debit,POS,POS,,,,,DEBIT-DC 8678 SQ *FACILITY CONCE BALTIMORE MD,Other Expenses,,
06/09/2025,06/07/2025,7.31,Debit,POS,POS,,,,,Royal Farms,Groceries,,
06/09/2025,06/06/2025,0.75,Debit,POS,POS,,,,,FedEx,Postage and Shipping,,
06/09/2025,06/07/2025,0.52,Debit,POS,POS,,,,,Target,General Merchandise,,
06/09/2025,06/09/2025,100.00,Credit,Credit,Credit,,,,,Transfer from Zelle,Transfers,,
06/06/2025,06/05/2025,181.60,Debit,POS,POS,,,,,Old Navy,Clothing/Shoes,,
06/06/2025,06/04/2025,159.00,Debit,POS,POS,,,,,DEBIT-DC 8678 OTF GAMBRILLS XX7925 MD,Clothing/Shoes,,
06/06/2025,06/05/2025,72.59,Debit,POS,POS,,,,,Chili's,Restaurants/Dining,,
06/06/2025,06/05/2025,72.00,Debit,POS,POS,,,,,DEBIT-DC 4581 INDEPENDENT AUTO C PASADENA MD,Automotive Expenses,,
06/06/2025,06/05/2025,69.42,Debit,POS,POS,,,,,Barnes & Noble,Hobbies,,
06/06/2025,06/05/2025,38.14,Debit,POS,POS,,,,,Sherwin-Williams,Home Maintenance,,
06/06/2025,06/05/2025,26.49,Debit,POS,POS,,,,,Barnes & Noble,Hobbies,,
06/06/2025,06/06/2025,500.00,Credit,Transfer,Transfer,,,,,Transfer From Savings -0387,Transfers,,
06/05/2025,06/05/2025,259.86,Debit,ACH Debit,ACH Debit,,,,,Lowe's,Home Improvement,4220268,
06/05/2025,06/05/2025,15.89,Debit,ACH Debit,ACH Debit,,,,,Transfer to PayPal,Transfers,9100001,
06/05/2025,06/04/2025,48.80,Debit,POS,POS,,,,,Sam's Club,General Merchandise,,
06/05/2025,06/04/2025,14.84,Debit,POS,POS,,,,,DEBIT-DC 8678 CKE*TOASTIQUE COLU COLUMBIA MD,Restaurants/Dining,,
06/05/2025,06/04/2025,14.00,Debit,POS,POS,,,,,DEBIT-DC 8678 OTF GAMBRILLS XX7925 MD,Clothing/Shoes,,
06/05/2025,06/04/2025,6.09,Debit,POS,POS,,,,,Rise Up Coffee,Restaurants/Dining,,
06/04/2025,06/04/2025,2460.51,Debit,ACH Debit,ACH Debit,,,,,Payment to Chase,Credit Card Payments,2100002,
06/04/2025,06/04/2025,491.62,Debit,ACH Debit,ACH Debit,,,,,Payment to Chase,Credit Card Payments,2100002,
06/04/2025,06/04/2025,485.88,Debit,ACH Debit,ACH Debit,,,,,Payment to Volvo Car Financial Services,Loans,2100002,
06/04/2025,06/04/2025,206.13,Debit,ACH Debit,ACH Debit,,,,,Payment to AT&T,Telephone Services,3110020,
06/04/2025,06/03/2025,268.18,Debit,POS,POS,,,,,DEBIT-DC 4581 ANNEARUNDELCO-UTIL XX-1144 MD,Utilities,,
06/04/2025,06/03/2025,138.76,Debit,POS,POS,,,,,Wegmans,Groceries,,
06/04/2025,06/02/2025,91.00,Debit,POS,POS,,,,,DEBIT-DC 4581 MORNINGSTAR STORAG XX1626 MD,Rent,,
06/04/2025,06/03/2025,10.00,Debit,POS,POS,,,,,DEBIT-DC 4581 ELITE BOXING & FIT WWW.ELITESFN. MD,Personal Care,,
06/04/2025,06/04/2025,3000.00,Credit,Transfer,Transfer,,,,,Transfer From Savings -0387,Transfers,,
06/03/2025,06/03/2025,2239.11,Debit,ACH Debit,ACH Debit,,,,,Jpmorgan Chase Bank,Online Services,2100002,
06/03/2025,06/03/2025,25.00,Debit,ACH Debit,ACH Debit,,,,,Transfer to Venmo,Transfers,2100002,
06/03/2025,06/03/2025,2012.01,Debit,Transfer,Transfer,,,,,Transfer To Savings -0387,Savings,,
06/03/2025,06/02/2025,216.24,Debit,POS,POS,,,,,Ulta Beauty,Personal Care,,
06/03/2025,06/03/2025,50.08,Debit,POS,POS,,,,,DEBIT-DC 4581 SP CELEBRATE US CELEBRATEVITA OH,Other Expenses,,
06/03/2025,06/01/2025,31.00,Debit,POS,POS,,,,,Kilwin's,Groceries,,
06/03/2025,06/02/2025,14.00,Debit,POS,POS,,,,,DEBIT-DC 8678 OTF GAMBRILLS XX7925 MD,Clothing/Shoes,,
06/03/2025,06/03/2025,5000.00,Credit,Transfer,Transfer,,,,,Transfer From Savings -0387,Transfers,,
06/02/2025,06/02/2025,593.89,Debit,ACH Debit,ACH Debit,,,,,Payment to Apple Card,Credit Card Payments,12408508,
06/02/2025,06/02/2025,150.00,Debit,ACH Debit,ACH Debit,,,,,Payment to Chase,Credit Card Payments,2100002,
06/02/2025,05/31/2025,167.48,Debit,POS,POS,,,,,DEBIT-DC 8678 SQ *TIME & AGAIN A PYLESVILLE MD,Other Expenses,,
06/02/2025,06/01/2025,155.00,Debit,POS,POS,,,,,DEBIT-DC 4581 ELITE BOXING & FIT WWW.ELITESFN. MD,Personal Care,,
06/02/2025,05/30/2025,130.00,Debit,POS,POS,,,,,Unleashed Brands,Online Services,,
06/02/2025,05/30/2025,124.41,Debit,POS,POS,,,,,DEBIT-DC 4581 TST* STARR - ST. A WASHINGTON DC,Restaurants/Dining,,
06/02/2025,05/30/2025,106.12,Debit,POS,POS,,,,,Rangoli Restaurant,Restaurants/Dining,,
06/02/2025,06/01/2025,83.72,Debit,POS,POS,,,,,DEBIT-DC 4581 CHESAPEAKE BAYSOXX4811 MD,Other Expenses,,
06/02/2025,05/31/2025,68.76,Debit,POS,POS,,,,,Target,General Merchandise,,
06/02/2025,06/01/2025,46.64,Debit,POS,POS,,,,,Peloton Cycle,Personal Care,,
06/02/2025,06/01/2025,38.20,Debit,POS,POS,,,,,Sam's Club,Gasoline/Fuel,,
06/02/2025,05/30/2025,25.76,Debit,POS,POS,,,,,Target,General Merchandise,,
06/02/2025,05/30/2025,14.40,Debit,POS,POS,,,,,AMC Theatres,Entertainment,,
06/02/2025,05/31/2025,13.90,Debit,POS,POS,,,,,DEBIT-DC 8678 SQ *THE TEA TROLLE DELTA PA,Restaurants/Dining,,
06/02/2025,06/01/2025,2.49,Debit,POS,POS,,,,,Apple,Electronics,,
06/02/2025,06/02/2025,600.00,Credit,Transfer,Transfer,,,,,Transfer From Savings -0387,Transfers,,
05/30/2025,05/30/2025,0.87,Credit,Credit,Credit,,,,,Dividend,Investment Income,,
05/30/2025,05/30/2025,266.00,Debit,ACH Debit,ACH Debit,,,,,Payment to Baltimore Gas and Electric Company,Utilities,9100001,
05/30/2025,05/30/2025,1000.00,Debit,Transfer,Transfer,,,,,Transfer To Savings -0387,Savings,,
05/30/2025,05/30/2025,850.00,Debit,Transfer,Transfer,,,,,Transfer To Checking -2740,Transfers,,
05/30/2025,05/30/2025,575.00,Debit,Transfer,Transfer,,,,,Transfer To Credit Card -7148,Transfers,,
05/30/2025,05/30/2025,150.00,Debit,Transfer,Transfer,,,,,Transfer To Credit Card -7148,Transfers,,
05/30/2025,05/29/2025,38.15,Debit,POS,POS,,,,,Apple,Electronics,,
05/30/2025,05/29/2025,18.43,Debit,POS,POS,,,,,REI,General Merchandise,,
05/30/2025,05/29/2025,203.50,Debit,ATM,ATM,,,,,ATM Withdrawal at Chase Washington DC,ATM/Cash Withdrawals,,
05/30/2025,05/29/2025,1.00,Debit,Debit,Debit,,,,,ATM Fee - Withdrawal,Service Charges/Fees,,
05/30/2025,05/30/2025,1000.00,Credit,Transfer,Transfer,,,,,Transfer From Savings -0387,Transfers,,
05/29/2025,05/28/2025,32.20,Debit,POS,POS,,,,,Sam's Club,General Merchandise,,
05/29/2025,05/28/2025,10.05,Debit,POS,POS,,,,,ALDI,Groceries,,
05/29/2025,05/29/2025,400.00,Credit,Transfer,Transfer,,,,,Transfer From Savings -0387,Transfers,,
05/29/2025,05/29/2025,4690.29,Credit,ACH Credit,ACH Credit,,,,,Microsoft Deposit,Deposits,11100001,
05/28/2025,05/28/2025,88.12,Debit,ACH Debit,ACH Debit,,,,,Payment to Citizens Bank,Loans,4330513,
05/28/2025,05/27/2025,16.00,Debit,POS,POS,,,,,Peter Chang,Restaurants/Dining,,
05/28/2025,05/27/2025,1.05,Debit,POS,POS,,,,,Target,General Merchandise,,
05/28/2025,05/28/2025,150.00,Credit,Transfer,Transfer,,,,,Transfer From Savings -0387,Transfers,,
05/27/2025,05/27/2025,50.00,Debit,Transfer,Transfer,,,,,Transfer To Checking -2740,Transfers,,
05/27/2025,05/27/2025,44.99,Debit,POS,POS,,,,,DEBIT-DC 4581 COOPERSHAWK XX-5674 IL,Other Expenses,,
05/27/2025,05/23/2025,42.40,Debit,POS,POS,,,,,Royal Farms,Groceries,,
05/27/2025,05/24/2025,39.95,Debit,POS,POS,,,,,National Aquarium,Entertainment,,
05/27/2025,05/24/2025,37.08,Debit,POS,POS,,,,,DSW,Clothing/Shoes,,
05/27/2025,05/24/2025,26.49,Debit,POS,POS,,,,,Thirdeye,Online Services,,
05/27/2025,05/24/2025,23.30,Debit,POS,POS,,,,,Hobby Lobby,Hobbies,,
05/27/2025,05/23/2025,12.70,Debit,POS,POS,,,,,DEBIT-DC 8678 TST*MAMA TANAS FRE NOTTINGHAM MD,Restaurants/Dining,,
05/27/2025,05/24/2025,12.17,Debit,POS,POS,,,,,DEBIT-DC 8678 SSA - NATIONAL AQU BALTIMORE MD,Other Expenses,,
05/27/2025,05/24/2025,12.00,Debit,POS,POS,,,,,LAZ Parking,Travel,,
05/27/2025,05/24/2025,12.00,Debit,POS,POS,,,,,LAZ Parking,Travel,,
05/27/2025,05/25/2025,11.82,Debit,POS,POS,,,,,Royal Farms,Groceries,,
05/27/2025,05/23/2025,10.89,Debit,POS,POS,,,,,Chick-fil-A,Restaurants/Dining,,
05/27/2025,05/24/2025,10.75,Debit,POS,POS,,,,,SpotHero,Travel,,
05/27/2025,05/24/2025,8.47,Debit,POS,POS,,,,,DEBIT-DC 8678 DUPONT COFFEE COLL WASHINGTON DC,Restaurants/Dining,,
05/27/2025,05/24/2025,7.62,Debit,POS,POS,,,,,DEBIT-DC 8678 SSA - NATIONAL AQU BALTIMORE MD,Other Expenses,,
05/27/2025,05/24/2025,2.65,Debit,POS,POS,,,,,Dollar Tree,General Merchandise,,
05/27/2025,05/23/2025,1.39,Debit,POS,POS,,,,,Wegmans,Groceries,,
05/27/2025,05/27/2025,50.00,Credit,Transfer,Transfer,,,,,Transfer From Savings -3298,Transfers,,
05/23/2025,05/22/2025,93.68,Debit,POS,POS,,,,,Wegmans,Groceries,,
05/23/2025,05/22/2025,8.47,Debit,POS,POS,,,,,Netflix,Entertainment,,
05/23/2025,05/21/2025,3.00,Debit,POS,POS,,,,,DEBIT-DC 8678 UMMC MIDTOWN - PAR BALTIMORE MD,Other Expenses,,
05/22/2025,05/22/2025,260.08,Debit,ACH Debit,ACH Debit,,,,,Payment to Liberty Mutual,Insurance,2100002,
05/22/2025,05/21/2025,21.10,Debit,POS,POS,,,,,Wegmans,Groceries,,
05/22/2025,05/21/2025,18.46,Debit,POS,POS,,,,,Zagg,Electronics,,
05/22/2025,05/22/2025,100.00,Debit,ATM,ATM,,,,,ATM Withdrawal,ATM/Cash Withdrawals,,
05/22/2025,05/22/2025,300.00,Credit,Transfer,Transfer,,,,,Transfer From Savings -0387,Transfers,,
05/22/2025,05/22/2025,252.49,Credit,Transfer,Transfer,,,,,Transfer From Savings -0387,Transfers,,
05/21/2025,05/21/2025,5.00,Credit,Credit,Credit,,,,,ATM Rebate,Refunds/Adjustments,,
05/21/2025,05/19/2025,511.04,Debit,POS,POS,,,,,REI,Entertainment,,
05/21/2025,05/20/2025,268.39,Debit,POS,POS,,,,,REI,General Merchandise,,
05/21/2025,05/20/2025,50.81,Debit,POS,POS,,,,,Sam's Club,General Merchandise,,
05/21/2025,05/19/2025,41.07,Debit,POS,POS,,,,,REI,Entertainment,,
05/21/2025,05/20/2025,11.18,Debit,POS,POS,,,,,Wegmans,Groceries,,
05/20/2025,05/19/2025,95.32,Debit,POS,POS,,,,,Wegmans,Groceries,,
05/20/2025,05/20/2025,400.00,Credit,Transfer,Transfer,,,,,Transfer From Checking -2740,Transfers,,
05/19/2025,05/19/2025,500.00,Debit,ACH Debit,ACH Debit,,,,,Payment to Service Finance Company,Loans,5310112,
05/19/2025,05/17/2025,130.00,Debit,POS,POS,,,,,DEBIT-DC 8678 TST*CONRADS CRABS NOTTINGHAM MD,Restaurants/Dining,,
05/19/2025,05/18/2025,100.69,Debit,POS,POS,,,,,Costco,General Merchandise,,
05/19/2025,05/16/2025,100.00,Debit,POS,POS,,,,,Transfer to Zelle,Transfers,,
05/19/2025,05/16/2025,63.55,Debit,POS,POS,,,,,Amazon,General Merchandise,,
05/19/2025,05/17/2025,39.00,Debit,POS,POS,,,,,DEBIT-DC 8678 TST*SCITTINOS ITAL CATONSVILLE MD,Restaurants/Dining,,
05/19/2025,05/17/2025,35.21,Debit,POS,POS,,,,,DEBIT-DC 8678 BRUSTERS REAL ICE GLEN BURNIE MD,Restaurants/Dining,,
05/19/2025,05/16/2025,27.55,Debit,POS,POS,,,,,Amazon,General Merchandise,,
05/19/2025,05/16/2025,22.00,Debit,POS,POS,,,,,DEBIT-DC 4581 SFAM-F&B UPPER MARLBOR MD,Other Expenses,,
05/19/2025,05/18/2025,21.77,Debit,POS,POS,,,,,DEBIT-DC 8678 TST*SCITTINOS ITAL XX-3569 MD,Restaurants/Dining,,
05/19/2025,05/17/2025,20.00,Debit,POS,POS,,,,,Starbucks,Restaurants/Dining,,
05/19/2025,05/18/2025,17.49,Debit,POS,POS,,,,,DEBIT-DC 4581 DAI KIM GLEN BURNIE MD,Entertainment,,
05/19/2025,05/16/2025,11.00,Debit,POS,POS,,,,,DEBIT-DC 4581 SFAM-F&B UPPER MARLBOR MD,Other Expenses,,
05/19/2025,05/18/2025,7.99,Debit,POS,POS,,,,,Apple,Electronics,,
05/19/2025,05/17/2025,6.10,Debit,POS,POS,,,,,DEBIT-DC 8678 SQ *DIABLO DOUGHNU NOTTINGHAM MD,Restaurants/Dining,,
05/19/2025,05/18/2025,5.30,Debit,POS,POS,,,,,Dunkin' Donuts,Restaurants/Dining,,
05/19/2025,05/16/2025,5.25,Debit,POS,POS,,,,,Target,General Merchandise,,
05/19/2025,05/19/2025,500.00,Credit,Transfer,Transfer,,,,,Transfer From Savings -0387,Transfers,,
05/19/2025,05/19/2025,71.07,Credit,Transfer,Transfer,,,,,Transfer From Savings,Transfers,,
05/16/2025,05/16/2025,900.00,Debit,ACH Debit,ACH Debit,,,,,Toyota,Automotive Expenses,2800008,
05/16/2025,05/16/2025,616.54,Debit,ACH Debit,ACH Debit,,,,,Payment to New York Life,Insurance,2100002,
05/16/2025,05/16/2025,398.00,Debit,ACH Debit,ACH Debit,,,,,Payment to Discover Bank,Credit Card Payments,9100001,
05/16/2025,05/16/2025,100.88,Debit,ACH Debit,ACH Debit,,,,,Payment to Educational Computer Systems,Loans,4300012,
05/16/2025,05/16/2025,1000.00,Debit,Transfer,Transfer,,,,,Transfer To Savings -0387,Savings,,
05/16/2025,05/15/2025,50.46,Debit,POS,POS,,,,,DEBIT-DC 4581 KENT ISLAND CRAB C PASADENA MD,Restaurants/Dining,,
05/16/2025,05/15/2025,45.94,Debit,POS,POS,,,,,Popeyes Louisiana Kitchen,Restaurants/Dining,,
05/15/2025,05/15/2025,500.00,Debit,Transfer,Transfer,,,,,Transfer To Credit Card -8715,Transfers,,
05/15/2025,05/14/2025,15.00,Debit,POS,POS,,,,,DEBIT-DC 8678 OTF GAMBRILLS XX7925 MD,Clothing/Shoes,,
05/15/2025,05/14/2025,11.95,Debit,POS,POS,,,,,ALDI,Groceries,,
05/15/2025,05/14/2025,11.75,Debit,POS,POS,,,,,Giant Food,Groceries,,
05/14/2025,05/13/2025,78.30,Debit,POS,POS,,,,,Wegmans,Groceries,,
05/14/2025,05/13/2025,25.44,Debit,POS,POS,,,,,Target,General Merchandise,,
05/14/2025,05/13/2025,5.99,Debit,POS,POS,,,,,Wegmans,Groceries,,
05/14/2025,05/14/2025,4690.28,Credit,ACH Credit,ACH Credit,,,,,Microsoft Deposit,Deposits,11100001,
05/13/2025,05/13/2025,94.99,Debit,ACH Debit,ACH Debit,,,,,Payment to Verizon,Telephone Services,3100003,
05/13/2025,05/12/2025,99.99,Debit,POS,POS,,,,,Giant Food,Groceries,,
05/12/2025,05/12/2025,3400.00,Debit,ACH Debit,ACH Debit,,,,,Transfer to Venmo,Transfers,2100002,
05/12/2025,05/12/2025,120.54,Debit,Transfer,Transfer,,,,,Transfer To Savings -0387,Savings,,
05/12/2025,05/10/2025,154.08,Debit,POS,POS,,,,,DEBIT-DC 4581 RIDGE WINE & SPIRI HANOVER MD,Groceries,,
05/12/2025,05/11/2025,125.00,Debit,POS,POS,,,,,The Tap Room,Restaurants/Dining,,
05/12/2025,05/10/2025,123.23,Debit,POS,POS,,,,,DEBIT-DC 8678 SQ *THIRD EYE COMI ANNAPOLIS MD,Healthcare/Medical,,
05/12/2025,05/09/2025,105.58,Debit,POS,POS,,,,,DEBIT-DC 4581 SQ *OAK AND IRON B OWING MILLS MD,Other Expenses,,
05/12/2025,05/10/2025,88.88,Debit,POS,POS,,,,,Wegmans,Groceries,,
05/12/2025,05/10/2025,83.48,Debit,POS,POS,,,,,DEBIT-DC 8678 SQ *THIRD EYE COMI ANNAPOLIS MD,Healthcare/Medical,,
05/12/2025,05/10/2025,63.59,Debit,POS,POS,,,,,Amazon,General Merchandise,,
05/12/2025,05/09/2025,44.77,Debit,POS,POS,,,,,Giant Food,Groceries,,
05/12/2025,05/09/2025,12.00,Debit,POS,POS,,,,,LAZ Parking,Travel,,
05/12/2025,05/10/2025,8.21,Debit,POS,POS,,,,,Michaels,Hobbies,,
05/12/2025,05/12/2025,294.28,Credit,Transfer,Transfer,,,,,Transfer From Savings -0387,Transfers,,
05/09/2025,05/09/2025,232.29,Debit,ACH Debit,ACH Debit,,,,,Lowe's,Home Improvement,4220268,
05/09/2025,05/09/2025,67.00,Credit,Credit,Credit,,,,,Transfer from Zelle,Transfers,,
05/07/2025,05/05/2025,15.00,Debit,POS,POS,,,,,Royal Farms,Groceries,,
05/07/2025,05/06/2025,13.40,Debit,POS,POS,,,,,Sam's Club,General Merchandise,,
05/06/2025,05/06/2025,216.73,Debit,ACH Debit,ACH Debit,,,,,Payment to AT&T,Telephone Services,3110020,
05/06/2025,05/04/2025,199.00,Debit,POS,POS,,,,,DEBIT-DC 8678 OTF GAMBRILLS XX7925 MD,Clothing/Shoes,,
05/06/2025,05/05/2025,126.11,Debit,POS,POS,,,,,Wegmans,Groceries,,
05/06/2025,05/04/2025,16.94,Debit,POS,POS,,,,,DEBIT-DC 8678 TST*FRANCISCAN CEN BALTIMORE MD,Restaurants/Dining,,
05/06/2025,05/05/2025,11.44,Debit,POS,POS,,,,,Wegmans,Groceries,,
05/05/2025,05/05/2025,2239.11,Debit,ACH Debit,ACH Debit,,,,,Jpmorgan Chase Bank,Online Services,2100002,
05/05/2025,05/05/2025,250.00,Debit,ACH Debit,ACH Debit,,,,,Payment to Chase,Credit Card Payments,2100002,
05/05/2025,05/05/2025,100.00,Debit,ACH Debit,ACH Debit,,,,,Payment to Chase,Credit Card Payments,2100002,
05/05/2025,05/05/2025,100.00,Debit,Transfer,Transfer,,,,,Transfer To Credit Card -7148,Transfers,,
05/05/2025,05/02/2025,118.40,Debit,POS,POS,,,,,Airbnb,Travel,,
05/05/2025,05/04/2025,75.00,Debit,POS,POS,,,,,The Tap Room,Restaurants/Dining,,
05/05/2025,05/01/2025,75.00,Debit,POS,POS,,,,,DEBIT-DC 4581 MORNINGSTAR STORAG XX1626 MD,Rent,,
05/05/2025,05/03/2025,31.64,Debit,POS,POS,,,,,Sam's Club,General Merchandise,,
05/05/2025,05/01/2025,25.42,Debit,POS,POS,,,,,Hallmark,Gifts,,
05/05/2025,05/01/2025,20.91,Debit,POS,POS,,,,,DEBIT-DC 8678 SOUTHWES XX-9792 TX,Travel,,
05/05/2025,05/03/2025,19.04,Debit,POS,POS,,,,,Sam's Club,General Merchandise,,
05/05/2025,05/03/2025,8.45,Debit,POS,POS,,,,,Parkmobile,Travel,,
05/05/2025,05/04/2025,4.51,Debit,POS,POS,,,,,Sunoco,Gasoline/Fuel,,
05/05/2025,05/04/2025,203.00,Debit,ATM,ATM,,,,,ATM Withdrawal at Payment Alliance International Glen Burnie MD,ATM/Cash Withdrawals,,
05/05/2025,05/04/2025,1.00,Debit,Debit,Debit,,,,,ATM Fee - Inquiry,Service Charges/Fees,,
05/05/2025,05/04/2025,1.00,Debit,Debit,Debit,,,,,ATM Fee - Withdrawal,Service Charges/Fees,,
05/02/2025,05/02/2025,98.00,Debit,ACH Debit,ACH Debit,,,,,Transfer to Venmo,Transfers,2100002,
05/02/2025,05/01/2025,46.64,Debit,POS,POS,,,,,Peloton Cycle,Personal Care,,
05/02/2025,05/01/2025,15.89,Debit,POS,POS,,,,,World Market,General Merchandise,,
05/02/2025,05/01/2025,2.49,Debit,POS,POS,,,,,Apple,Electronics,,
05/01/2025,05/01/2025,932.69,Debit,ACH Debit,ACH Debit,,,,,Payment to Apple Card,Credit Card Payments,12408508,
05/01/2025,05/01/2025,485.88,Debit,ACH Debit,ACH Debit,,,,,Payment to Volvo Car Financial Services,Loans,2100002,
05/01/2025,05/01/2025,266.00,Debit,ACH Debit,ACH Debit,,,,,Payment to Baltimore Gas and Electric Company,Utilities,9100001,
05/01/2025,05/01/2025,155.00,Debit,POS,POS,,,,,DEBIT-DC 4581 ELITE BOXING & FIT WWW.ELITESFN. MD,Personal Care,,
05/01/2025,04/30/2025,130.00,Debit,POS,POS,,,,,The Little Gym,Child/Dependent Expenses,,
05/01/2025,04/30/2025,47.79,Debit,POS,POS,,,,,Wegmans,Groceries,,
05/01/2025,04/30/2025,25.00,Debit,POS,POS,,,,,Payment to Freedom Mortgage,Mortgages,,
05/01/2025,04/30/2025,6.76,Debit,POS,POS,,,,,McDonald's,Restaurants/Dining,,
05/01/2025,04/30/2025,6.63,Debit,POS,POS,,,,,Dollar Tree,General Merchandise,,
04/30/2025,04/30/2025,0.64,Credit,Credit,Credit,,,,,Dividend,Investment Income,,
04/30/2025,04/30/2025,100.00,Credit,Transfer,Transfer,,,,,Transfer From Savings -0387,Transfers,,
04/29/2025,04/29/2025,88.12,Debit,ACH Debit,ACH Debit,,,,,Payment to Citizens Bank,Loans,4330513,
04/29/2025,04/28/2025,147.24,Debit,POS,POS,,,,,Zazzle,General Merchandise,,
04/29/2025,04/27/2025,51.95,Debit,POS,POS,,,,,DEBIT-DC 4581 BOWLERO COLLEGE PA COLLEGE PARK MD,Education,,
04/29/2025,04/28/2025,12.67,Debit,POS,POS,,,,,Zazzle,General Merchandise,,
04/29/2025,04/27/2025,6.04,Debit,POS,POS,,,,,Sardi's Pollo A La Brasa,Restaurants/Dining,,
04/29/2025,04/29/2025,10977.33,Credit,ACH Credit,ACH Credit,,,,,Microsoft Deposit,Deposits,11100001,
04/29/2025,04/28/2025,22.99,Credit,Credit,Credit,,,,,Walmart,General Merchandise,,
04/28/2025,04/28/2025,40.00,Debit,ACH Debit,ACH Debit,,,,,Transfer to Venmo,Transfers,2100002,
04/28/2025,04/28/2025,10.00,Debit,Transfer,Transfer,,,,,Transfer To Checking -5873,Transfers,,
04/28/2025,04/25/2025,500.00,Debit,POS,POS,,,,,DEBIT-DC 4581 SEVERN - SEVERNA P SEVERNA PARK MD,Other Expenses,,
04/28/2025,04/25/2025,145.00,Debit,POS,POS,,,,,Choptank,Restaurants/Dining,,
04/28/2025,04/26/2025,38.53,Debit,POS,POS,,,,,DEBIT-DC 4581 SQ *GIANNI'S PIZZE SEVERN MD,Restaurants/Dining,,
04/28/2025,04/27/2025,25.00,Debit,POS,POS,,,,,DEBIT-DC 8678 OTF GAMBRILLS XX7925 MD,Clothing/Shoes,,
04/28/2025,04/24/2025,24.00,Debit,POS,POS,,,,,Kilwin's,Groceries,,
04/28/2025,04/25/2025,12.00,Debit,POS,POS,,,,,LAZ Parking,Travel,,
04/28/2025,04/24/2025,9.49,Debit,POS,POS,,,,,DEBIT-DC 8678 PMUSA XX3089 PREMI XX9036 GA,Other Expenses,,
04/28/2025,04/27/2025,9.22,Debit,POS,POS,,,,,Uber Bagels,Restaurants/Dining,,
04/28/2025,04/25/2025,7.62,Debit,POS,POS,,,,,DEBIT-DC 8678 SSA - NATIONAL AQU BALTIMORE MD,Other Expenses,,
04/28/2025,04/25/2025,5.98,Debit,POS,POS,,,,,DEBIT-DC 4581 SUPER 24 MARKET GLEN BURNIE MD,Groceries,,
04/28/2025,04/28/2025,39.75,Credit,Transfer,Transfer,,,,,Transfer From Savings,Transfers,,
04/25/2025,04/24/2025,117.64,Debit,POS,POS,,,,,Tractor Supply Company,Home Improvement,,
04/25/2025,04/24/2025,45.00,Debit,POS,POS,,,,,DEBIT-DC 8678 SQ *VIGILANTE COFF HYATTSVILLE MD,Restaurants/Dining,,
04/25/2025,04/24/2025,40.30,Debit,POS,POS,,,,,DEBIT-DC 8678 MILLS FINE WINE AN ANNAPOLIS MD,Groceries,,
04/25/2025,04/24/2025,6.83,Debit,POS,POS,,,,,DEBIT-DC 8678 SQ *VIGILANTE COFF HYATTSVILLE MD,Restaurants/Dining,,
04/25/2025,04/25/2025,650.00,Credit,Transfer,Transfer,,,,,Transfer From Savings -0387,Transfers,,
04/23/2025,04/23/2025,260.08,Debit,ACH Debit,ACH Debit,,,,,Payment to Liberty Mutual,Insurance,2100002,
04/23/2025,04/22/2025,36.00,Debit,POS,POS,,,,,DEBIT-DC 8678 TST*PITANGO BAKERY BALTIMORE MD,Restaurants/Dining,,
04/23/2025,04/22/2025,10.05,Debit,POS,POS,,,,,Sam's Club,General Merchandise,,
04/23/2025,04/22/2025,8.47,Debit,POS,POS,,,,,Netflix,Entertainment,,
04/22/2025,04/20/2025,67.00,Debit,POS,POS,,,,,DEBIT-DC 8678 KABUTO JAPANESE ST ESSEX MD,Restaurants/Dining,,
04/22/2025,04/22/2025,44.99,Debit,POS,POS,,,,,DEBIT-DC 4581 COOPERSHAWK XX-5674 IL,Other Expenses,,
04/22/2025,04/21/2025,22.99,Debit,POS,POS,,,,,Walmart,General Merchandise,,
04/22/2025,04/21/2025,15.43,Debit,POS,POS,,,,,McDonald's,Restaurants/Dining,,
04/22/2025,04/21/2025,15.00,Debit,POS,POS,,,,,7-Eleven,Groceries,,
04/22/2025,04/21/2025,2.89,Debit,POS,POS,,,,,Giant Food,Groceries,,
04/21/2025,04/21/2025,5.50,Credit,Credit,Credit,,,,,ATM Rebate,Refunds/Adjustments,,
04/21/2025,04/21/2025,100.00,Debit,ACH Debit,ACH Debit,,,,,Comptroller Of Maryland,Online Services,9100001,
04/21/2025,04/20/2025,600.00,Debit,POS,POS,,,,,Union Church,Charitable Giving,,
04/21/2025,04/19/2025,159.00,Debit,POS,POS,,,,,DEBIT-DC 8678 SQ *ROCKY RIDGE FO HYDES MD,Other Expenses,,
04/21/2025,04/18/2025,133.53,Debit,POS,POS,,,,,Once Upon A Child,Child/Dependent Expenses,,
04/21/2025,04/19/2025,51.94,Debit,POS,POS,,,,,DEBIT-DC 8678 SQ *THREE LITTLES HYDES MD,Other Expenses,,
04/21/2025,04/19/2025,41.33,Debit,POS,POS,,,,,Target,General Merchandise,,
04/21/2025,04/19/2025,31.53,Debit,POS,POS,,,,,Rise Up Coffee,Restaurants/Dining,,
04/21/2025,04/18/2025,27.77,Debit,POS,POS,,,,,Wegmans,Groceries,,
04/21/2025,04/19/2025,24.36,Debit,POS,POS,,,,,HomeGoods,General Merchandise,,
04/21/2025,04/19/2025,19.87,Debit,POS,POS,,,,,World Market,General Merchandise,,
04/21/2025,04/19/2025,16.46,Debit,POS,POS,,,,,Dollar Tree,General Merchandise,,
04/21/2025,04/19/2025,10.60,Debit,POS,POS,,,,,DEBIT-DC 8678 SQ *JUST RON CHOCO HYDES MD,Restaurants/Dining,,
04/21/2025,04/19/2025,10.04,Debit,POS,POS,,,,,DEBIT-DC 8678 BACCO PIZZERIA LLC ABINGDON MD,Restaurants/Dining,,
04/21/2025,04/18/2025,9.22,Debit,POS,POS,,,,,Uber Bagels,Restaurants/Dining,,
04/21/2025,04/18/2025,7.99,Debit,POS,POS,,,,,Apple,Electronics,,
04/21/2025,04/18/2025,6.36,Debit,POS,POS,,,,,DEBIT-DC 4581 LUCKY'S FOOD & ELKRIDGE US,Groceries,,
04/21/2025,04/19/2025,6.00,Debit,POS,POS,,,,,DEBIT-DC 8678 SQ *PRIGEL FAMILY HYDES MD,Other Expenses,,
04/21/2025,04/18/2025,3.45,Debit,POS,POS,,,,,DEBIT-DC 8678 OTF GAMBRILLS XX7925 MD,Clothing/Shoes,,
04/21/2025,04/21/2025,1000.00,Credit,Transfer,Transfer,,,,,Transfer From Savings -0387,Transfers,,
04/18/2025,04/18/2025,50.00,Debit,ACH Debit,ACH Debit,,,,,Transfer to Venmo,Transfers,9100001,
04/18/2025,04/17/2025,110.75,Debit,POS,POS,,,,,Target,General Merchandise,,
04/18/2025,04/17/2025,104.66,Debit,POS,POS,,,,,Giant Food,Groceries,,
04/18/2025,04/17/2025,70.00,Debit,POS,POS,,,,,DEBIT-DC 4581 TST* THE BREAKFAST SEVERNA PARK MD,Restaurants/Dining,,
04/18/2025,04/17/2025,56.34,Debit,POS,POS,,,,,Target,General Merchandise,,
04/18/2025,04/17/2025,21.19,Debit,POS,POS,,,,,Target,General Merchandise,,
04/18/2025,04/16/2025,12.45,Debit,POS,POS,,,,,Parkmobile,Travel,,
04/18/2025,04/17/2025,7.95,Debit,POS,POS,,,,,Rise Up Coffee,Restaurants/Dining,,
04/18/2025,04/17/2025,5.29,Debit,POS,POS,,,,,Target,General Merchandise,,
04/17/2025,04/17/2025,50.00,Debit,ACH Debit,ACH Debit,,,,,Payment to Chase,Credit Card Payments,2100002,
04/17/2025,04/17/2025,91.40,Debit,Transfer,Transfer,,,,,Transfer To Checking -2740,Transfers,,
04/17/2025,04/16/2025,68.68,Debit,POS,POS,,,,,DEBIT-DC 4581 TST*NEVER ON SUNDA XX-7191 MD,Restaurants/Dining,,
04/17/2025,04/16/2025,15.00,Debit,POS,POS,,,,,DEBIT-DC 8678 OTF GAMBRILLS XX7925 MD,Clothing/Shoes,,
04/17/2025,04/16/2025,14.00,Debit,POS,POS,,,,,DEBIT-DC 8678 OTF GAMBRILLS XX7925 MD,Clothing/Shoes,,
04/17/2025,04/15/2025,12.00,Debit,POS,POS,,,,,Mmc Catering,Restaurants/Dining,,
04/17/2025,04/15/2025,8.27,Debit,POS,POS,,,,,Mmc Catering,Restaurants/Dining,,
04/17/2025,04/15/2025,5.29,Debit,POS,POS,,,,,Mmc Catering,Restaurants/Dining,,
04/16/2025,04/16/2025,900.00,Debit,ACH Debit,ACH Debit,,,,,Toyota,Automotive Expenses,2800008,
04/16/2025,04/16/2025,616.54,Debit,ACH Debit,ACH Debit,,,,,Payment to New York Life,Insurance,2100002,
04/16/2025,04/16/2025,406.00,Debit,ACH Debit,ACH Debit,,,,,Payment to Discover Bank,Credit Card Payments,9100001,
04/16/2025,04/16/2025,100.88,Debit,ACH Debit,ACH Debit,,,,,Payment to Educational Computer Systems,Loans,4300012,
04/16/2025,04/16/2025,100.00,Debit,ACH Debit,ACH Debit,,,,,Tax Payment to IRS,Taxes,6103601,
04/16/2025,04/16/2025,3924.67,Debit,Transfer,Transfer,,,,,Transfer To Savings -0387,Savings,,
04/16/2025,04/16/2025,95.30,Debit,POS,POS,,,,,American Eagle Outfitters,Clothing/Shoes,,
04/16/2025,04/15/2025,18.00,Debit,POS,POS,,,,,DEBIT-DC 8678 SQ *CLARK'S ELIOAK ELLICOTT CITY MD,Clothing/Shoes,,
04/16/2025,04/15/2025,11.00,Debit,POS,POS,,,,,DEBIT-DC 4581 MERCY MEDICAL CENT XX1788 MD,Healthcare/Medical,,
04/16/2025,04/14/2025,1.00,Debit,POS,POS,,,,,Parking Authority-baltimore,Travel,,
04/16/2025,04/16/2025,1000.00,Credit,Transfer,Transfer,,,,,Transfer From Savings -0387,Transfers,,
04/15/2025,04/15/2025,500.00,Debit,Transfer,Transfer,,,,,Transfer To Credit Card -8715,Transfers,,
04/15/2025,04/14/2025,99.78,Debit,POS,POS,,,,,Janie and Jack,Child/Dependent Expenses,,
04/15/2025,04/14/2025,74.19,Debit,POS,POS,,,,,Van Dyke & Bacon Shoes,Clothing/Shoes,,
04/15/2025,04/13/2025,56.50,Debit,POS,POS,,,,,Polished Nails,Personal Care,,
04/15/2025,04/14/2025,13.77,Debit,POS,POS,,,,,DEBIT-DC 8678 ICP*GOLDFISH SWIM XX7065 MD,Clothing/Shoes,,
04/15/2025,04/14/2025,5.71,Debit,POS,POS,,,,,DEBIT-DC 8678 BELVEDERE GAS A BALTIMORE US,Gasoline/Fuel,,
04/14/2025,04/14/2025,94.99,Debit,ACH Debit,ACH Debit,,,,,Payment to Verizon,Telephone Services,3100003,
04/14/2025,04/14/2025,61.00,Debit,ACH Debit,ACH Debit,,,,,Transfer to Venmo,Transfers,9100001,
04/14/2025,04/14/2025,33.00,Debit,ACH Debit,ACH Debit,,,,,Transfer to Venmo,Transfers,9100001,
04/14/2025,04/14/2025,25.00,Debit,ACH Debit,ACH Debit,,,,,Transfer to Venmo,Transfers,9100001,
04/14/2025,04/12/2025,121.72,Debit,POS,POS,,,,,Sam's Club,General Merchandise,,
04/14/2025,04/11/2025,55.00,Debit,POS,POS,,,,,DEBIT-DC 8678 TST* THE BREAKFAST SEVERNA PARK MD,Restaurants/Dining,,
04/14/2025,04/11/2025,29.64,Debit,POS,POS,,,,,Ledo Pizza,Restaurants/Dining,,
04/14/2025,04/11/2025,15.31,Debit,POS,POS,,,,,Rise Up Coffee,Restaurants/Dining,,
04/14/2025,04/11/2025,13.86,Debit,POS,POS,,,,,DEBIT-DC 8678 TST*BLACK MARKET B EDGEWATER MD,Restaurants/Dining,,
04/14/2025,04/12/2025,10.99,Debit,POS,POS,,,,,Giant Food,Groceries,,
04/14/2025,04/13/2025,7.78,Debit,POS,POS,,,,,DEBIT-DC 8678 SQ *ONEDO COFFEE R BALTIMORE MD,Restaurants/Dining,,
04/14/2025,04/14/2025,4690.29,Credit,ACH Credit,ACH Credit,,,,,Microsoft Deposit,Deposits,11100001,
04/11/2025,04/10/2025,203.51,Debit,POS,POS,,,,,DEBIT-DC 8678 SP GOODBUY GEAR GOODBUYGEAR.C CO,General Merchandise,,
04/11/2025,04/09/2025,121.14,Debit,POS,POS,,,,,Sam's Club,General Merchandise,,
04/10/2025,04/10/2025,3281.32,Credit,ACH Credit,ACH Credit,,,,,Deposit Henry M Jackson Payroll,Paychecks/Salary,5200163,
04/09/2025,04/09/2025,40.00,Debit,ACH Debit,ACH Debit,,,,,Transfer to Venmo,Transfers,9100001,
04/09/2025,04/08/2025,195.14,Debit,POS,POS,,,,,Costco,General Merchandise,,
04/09/2025,04/08/2025,32.20,Debit,POS,POS,,,,,Costco Gas Stations,Gasoline/Fuel,,
04/09/2025,04/08/2025,17.43,Debit,POS,POS,,,,,DEBIT-DC 4581 FRANKS DEN GLEN BURNIE MD,Service Charges/Fees,,
04/09/2025,04/09/2025,13.54,Debit,POS,POS,,,,,Giant Food,Groceries,,
04/09/2025,04/08/2025,11.29,Debit,POS,POS,,,,,Giant Food,Groceries,,
04/08/2025,04/08/2025,616.87,Debit,ACH Debit,ACH Debit,,,,,Payment to US Department Of Education,Loans,4103604,
04/07/2025,04/04/2025,199.00,Debit,POS,POS,,,,,DEBIT-DC 8678 OTF GAMBRILLS XX7925 MD,Clothing/Shoes,,
04/07/2025,04/06/2025,53.61,Debit,POS,POS,,,,,Giant Food,Groceries,,
04/07/2025,04/05/2025,27.00,Debit,POS,POS,,,,,DEBIT-DC 8678 TST* CROOKED RUN F WASHINGTON DC,Restaurants/Dining,,
04/07/2025,04/06/2025,17.53,Debit,POS,POS,,,,,Northway Liquors,Groceries,,
04/07/2025,04/04/2025,12.30,Debit,POS,POS,,,,,DEBIT-DC 8678 POTOMAC RIVER RUNN WASHINGTON DC,Other Expenses,,
04/07/2025,04/05/2025,12.00,Debit,POS,POS,,,,,Smartrip,Travel,,
04/07/2025,04/06/2025,10.28,Debit,POS,POS,,,,,Giant Food,Groceries,,
04/07/2025,04/04/2025,7.00,Debit,POS,POS,,,,,DEBIT-DC 8678 Medical C Medical Cent Rockville US,Healthcare/Medical,,
04/07/2025,04/05/2025,4.00,Debit,POS,POS,,,,,Smartrip,Travel,,
04/07/2025,04/06/2025,103.50,Debit,ATM,ATM,,,,,ATM Withdrawal Plus MmXX1013 Millersville MD US,ATM/Cash Withdrawals,,
04/07/2025,04/06/2025,1.00,Debit,Debit,Debit,,,,,ATM Fee - Inquiry,Service Charges/Fees,,
04/07/2025,04/06/2025,1.00,Debit,Debit,Debit,,,,,ATM Fee - Withdrawal,Service Charges/Fees,,
04/07/2025,04/07/2025,700.00,Credit,Transfer,Transfer,,,,,Transfer From Savings -0387,Transfers,,
04/04/2025,04/04/2025,200.00,Debit,Transfer,Transfer,,,,,Transfer To Checking -5873,Transfers,,
04/04/2025,04/03/2025,216.73,Debit,POS,POS,,,,,Payment to AT&T,Telephone Services,,
04/04/2025,04/04/2025,52.96,Debit,POS,POS,,,,,DEBIT-DC 8678 CONVERSEUS XX2667 MA,Clothing/Shoes,,
04/04/2025,04/03/2025,14.00,Debit,POS,POS,,,,,DEBIT-DC 8678 OTF GAMBRILLS XX7925 MD,Clothing/Shoes,,
04/04/2025,04/04/2025,500.00,Credit,Transfer,Transfer,,,,,Transfer From Savings -0387,Transfers,,
04/04/2025,04/04/2025,400.00,Credit,Transfer,Transfer,,,,,Transfer From Checking -5873,Transfers,,
04/04/2025,04/04/2025,406.82,Credit,ACH Credit,ACH Credit,,,,,Reimbursements from Wex Health,Expense Reimbursement,9131052,
04/03/2025,04/03/2025,2239.11,Debit,ACH Debit,ACH Debit,,,,,Jpmorgan Chase Bank,Online Services,2100002,
04/03/2025,04/01/2025,111.00,Debit,POS,POS,,,,,DEBIT-DC 4581 MORNINGSTAR STORAG XX1626 MD,Rent,,
04/03/2025,04/02/2025,16.27,Debit,POS,POS,,,,,Giant Food,Groceries,,
04/03/2025,04/03/2025,202.50,Credit,Transfer,Transfer,,,,,Transfer From Checking -2298,Transfers,,
04/02/2025,04/01/2025,130.00,Debit,POS,POS,,,,,Costco,General Merchandise,,
04/02/2025,04/01/2025,46.64,Debit,POS,POS,,,,,Peloton Cycle,Personal Care,,
04/02/2025,04/01/2025,46.36,Debit,POS,POS,,,,,Giant Food,Groceries,,
04/02/2025,03/31/2025,35.23,Debit,POS,POS,,,,,Pizza Boli's,Restaurants/Dining,,
04/02/2025,04/01/2025,22.00,Debit,POS,POS,,,,,DEBIT-DC 8678 TST*ROGGENART - CO COLUMBIA MD,Restaurants/Dining,,
04/02/2025,04/01/2025,2.49,Debit,POS,POS,,,,,Apple,Electronics,,
04/01/2025,04/01/2025,3220.00,Debit,ACH Debit,ACH Debit,,,,,Transfer to Venmo,Transfers,9100001,
04/01/2025,04/01/2025,266.00,Debit,ACH Debit,ACH Debit,,,,,Payment to Baltimore Gas and Electric Company,Utilities,9100001,
04/01/2025,04/01/2025,155.00,Debit,POS,POS,,,,,DEBIT-DC 4581 ELITE BOXING & FIT WWW.ELITESFN. MD,Personal Care,,
04/01/2025,03/31/2025,148.31,Debit,POS,POS,,,,,Costco,General Merchandise,,
04/01/2025,03/31/2025,27.79,Debit,POS,POS,,,,,Costco Gas Stations,Gasoline/Fuel,,
04/01/2025,03/31/2025,18.31,Debit,POS,POS,,,,,7-Eleven,Groceries,,
04/01/2025,03/30/2025,14.45,Debit,POS,POS,,,,,Parkmobile,Travel,,
04/01/2025,03/31/2025,1.59,Debit,POS,POS,,,,,Costco,General Merchandise,,
03/31/2025,03/31/2025,0.94,Credit,Credit,Credit,,,,,Interest Income,Interest,,
03/31/2025,03/31/2025,485.88,Debit,ACH Debit,ACH Debit,,,,,Payment to Volvo Car Financial Services,Loans,2100002,
03/31/2025,03/31/2025,19.62,Debit,ACH Debit,ACH Debit,,,,,Payment to Chase,Credit Card Payments,2100002,
03/31/2025,03/31/2025,2000.00,Debit,Transfer,Transfer,,,,,Transfer To Savings -0387,Savings,,
03/31/2025,03/31/2025,250.00,Debit,Transfer,Transfer,,,,,Transfer To Checking -5873,Transfers,,
03/31/2025,03/31/2025,72.00,Debit,Transfer,Transfer,,,,,Transfer To Credit Card -7148,Transfers,,
03/31/2025,03/30/2025,60.00,Debit,POS,POS,,,,,Moby Dick,Restaurants/Dining,,
03/31/2025,03/28/2025,53.98,Debit,POS,POS,,,,,Giant Food,Groceries,,
03/31/2025,03/28/2025,32.85,Debit,POS,POS,,,,,Sam's Club,General Merchandise,,
03/31/2025,03/29/2025,27.55,Debit,POS,POS,,,,,Pizza Boli's,Restaurants/Dining,,
03/31/2025,03/30/2025,21.35,Debit,POS,POS,,,,,Dunkin' Donuts,Restaurants/Dining,,
03/31/2025,03/30/2025,15.35,Debit,POS,POS,,,,,McDonald's,Restaurants/Dining,,
03/31/2025,03/28/2025,10.97,Debit,POS,POS,,,,,Dunkin' Donuts,Restaurants/Dining,,
03/31/2025,03/29/2025,10.57,Debit,POS,POS,,,,,Walmart,General Merchandise,,
03/31/2025,03/28/2025,8.99,Debit,POS,POS,,,,,Dunkin' Donuts,Restaurants/Dining,,
03/31/2025,03/29/2025,5.82,Debit,POS,POS,,,,,AutoZone,Automotive Expenses,,
03/31/2025,03/30/2025,3.35,Debit,POS,POS,,,,,DEBIT-DC 4581 CTLP*INREACH N BETHESDA MD,Other Expenses,,
03/31/2025,03/30/2025,2.80,Debit,POS,POS,,,,,DEBIT-DC 4581 CTLP*INREACH N BETHESDA MD,Other Expenses,,
03/31/2025,03/30/2025,2.55,Debit,POS,POS,,,,,DEBIT-DC 4581 CTLP*INREACH N BETHESDA MD,Other Expenses,,
03/31/2025,03/30/2025,2.55,Debit,POS,POS,,,,,DEBIT-DC 4581 CTLP*INREACH N BETHESDA MD,Other Expenses,,
03/31/2025,03/31/2025,850.00,Debit,ACH Debit,ACH Debit,,,,,ACH Debit - Claudaya Hood Be,Other Expenses,9999999999,
03/31/2025,03/31/2025,3300.00,Credit,Transfer,Transfer,,,,,Transfer From Savings -0387,Transfers,,
03/31/2025,03/31/2025,1500.00,Credit,Transfer,Transfer,,,,,Transfer From Savings -0387,Transfers,,
03/28/2025,03/28/2025,88.12,Debit,ACH Debit,ACH Debit,,,,,Payment to Citizens Bank,Loans,4330513,
03/28/2025,03/28/2025,15.00,Debit,ACH Debit,ACH Debit,,,,,Transfer to Venmo,Transfers,9100001,
03/28/2025,03/28/2025,15.00,Debit,ACH Debit,ACH Debit,,,,,Transfer to Venmo,Transfers,9100001,
03/28/2025,03/28/2025,5.00,Debit,ACH Debit,ACH Debit,,,,,Transfer to Venmo,Transfers,9100001,
03/28/2025,03/28/2025,500.00,Debit,Transfer,Transfer,,,,,Transfer To Checking -2298,Transfers,,
03/28/2025,03/27/2025,14.00,Debit,POS,POS,,,,,DEBIT-DC 8678 OTF GAMBRILLS XX7925 MD,Clothing/Shoes,,
03/28/2025,03/28/2025,4690.28,Credit,ACH Credit,ACH Credit,,,,,Microsoft Deposit,Deposits,11100001,
03/27/2025,03/26/2025,56.87,Debit,POS,POS,,,,,Charm City Run,Clothing/Shoes,,
03/27/2025,03/26/2025,10.20,Debit,POS,POS,,,,,BP Global,Gasoline/Fuel,,
03/27/2025,03/27/2025,1819.58,Credit,ACH Credit,ACH Credit,,,,,Deposit Henry M Jackson Payroll,Paychecks/Salary,5200163,
03/25/2025,03/23/2025,260.00,Debit,POS,POS,,,,,DEBIT-DC 4581 TST*1928 BEACON HI BOSTON MA,Restaurants/Dining,,
03/25/2025,03/23/2025,55.00,Debit,POS,POS,,,,,JP Licks,Restaurants/Dining,,
03/25/2025,03/24/2025,50.61,Debit,POS,POS,,,,,Shoppers Food & Pharmacy,Groceries,,
03/25/2025,03/25/2025,44.99,Debit,POS,POS,,,,,DEBIT-DC 4581 COOPERSHAWK XX-5674 IL,Other Expenses,,
03/25/2025,03/24/2025,22.00,Debit,POS,POS,,,,,BWI Airport Parking,Travel,,
03/25/2025,03/24/2025,13.26,Debit,POS,POS,,,,,Giant Food,Groceries,,
03/25/2025,03/24/2025,10.60,Debit,POS,POS,,,,,Goodwill,Charitable Giving,,
03/25/2025,03/24/2025,8.17,Debit,POS,POS,,,,,Giant Food,Groceries,,
03/24/2025,03/24/2025,260.08,Debit,ACH Debit,ACH Debit,,,,,Payment to Liberty Mutual,Insurance,2100002,
03/24/2025,03/24/2025,45.00,Debit,ACH Debit,ACH Debit,,,,,Transfer to Venmo,Transfers,9100001,
03/24/2025,03/24/2025,30.00,Debit,ACH Debit,ACH Debit,,,,,Transfer to Venmo,Transfers,9100001,
03/24/2025,03/22/2025,180.00,Debit,POS,POS,,,,,DEBIT-DC 8678 Beacon Hill Books And Boston MA US,Hobbies,,
03/24/2025,03/23/2025,116.86,Debit,POS,POS,,,,,Antico Forno,Restaurants/Dining,,
03/24/2025,03/22/2025,71.19,Debit,POS,POS,,,,,DEBIT-DC 8678 SQ *MUSIC RESEARCH BOSTON MA,Entertainment,,
03/24/2025,03/23/2025,65.72,Debit,POS,POS,,,,,DEBIT-DC 4581 SQ *GRACENOTE COFF BOSTON MA,Restaurants/Dining,,
03/24/2025,03/22/2025,65.27,Debit,POS,POS,,,,,"The Paramount, Boston",Restaurants/Dining,,
03/24/2025,03/24/2025,47.58,Debit,POS,POS,,,,,Uber,Travel,,
03/24/2025,03/23/2025,45.05,Debit,POS,POS,,,,,DEBIT-DC 4581 SQ *KNIGHT MOVES C BROOKLINE MA,Groceries,,
03/24/2025,03/22/2025,39.12,Debit,POS,POS,,,,,DEBIT-DC 4581 SQ *WNDR BOSTON BOSTON MA,Restaurants/Dining,,
03/24/2025,03/22/2025,33.79,Debit,POS,POS,,,,,DEBIT-DC 8678 LS GUS & RUBY LETT XX1801 MA,Clothing/Shoes,,
03/24/2025,03/22/2025,21.61,Debit,POS,POS,,,,,Lyft,Travel,,
03/24/2025,03/23/2025,20.73,Debit,POS,POS,,,,,CVS Pharmacy,Healthcare/Medical,,
03/24/2025,03/22/2025,19.81,Debit,POS,POS,,,,,Shake Shack,Restaurants/Dining,,
03/24/2025,03/22/2025,15.94,Debit,POS,POS,,,,,DEBIT-DC 4581 SQ *MUSIC RESEARCH BOSTON MA,Entertainment,,
03/24/2025,03/22/2025,12.84,Debit,POS,POS,,,,,DEBIT-DC 8678 TST*BEACON HILL BO BOSTON MA,Restaurants/Dining,,
03/24/2025,03/22/2025,8.47,Debit,POS,POS,,,,,Netflix,Entertainment,,
03/24/2025,03/22/2025,5.29,Debit,POS,POS,,,,,Apple,Electronics,,
03/24/2025,03/23/2025,4.80,Debit,POS,POS,,,,,MBTA,Travel,,
03/24/2025,03/23/2025,4.80,Debit,POS,POS,,,,,MBTA,Travel,,
03/24/2025,03/23/2025,3.71,Debit,POS,POS,,,,,Hudson Group,General Merchandise,,
03/24/2025,03/23/2025,2.25,Debit,POS,POS,,,,,Dunkin' Donuts,Restaurants/Dining,,
03/21/2025,03/21/2025,5.00,Credit,Credit,Credit,,,,,ATM Rebate,Refunds/Adjustments,,
03/21/2025,03/20/2025,100.04,Debit,POS,POS,,,,,Target,General Merchandise,,
03/21/2025,03/20/2025,5.91,Debit,POS,POS,,,,,Burger King,Restaurants/Dining,,
03/20/2025,03/19/2025,149.01,Debit,POS,POS,,,,,Giant Food,Groceries,,
03/19/2025,03/19/2025,3600.00,Debit,Transfer,Transfer,,,,,Transfer To Savings -0387,Savings,,
03/19/2025,03/19/2025,600.00,Debit,Transfer,Transfer,,,,,Transfer To Checking -2298,Transfers,,
03/19/2025,03/19/2025,200.00,Debit,Transfer,Transfer,,,,,Transfer To Checking -2740,Transfers,,
03/19/2025,03/18/2025,255.35,Debit,POS,POS,,,,,DEBIT-DC 4581 ANNEARUNDELCO-UTIL XX-1144 MD,Utilities,,
03/19/2025,03/18/2025,7.99,Debit,POS,POS,,,,,Apple,Electronics,,
03/18/2025,03/18/2025,900.00,Debit,ACH Debit,ACH Debit,,,,,Toyota,Automotive Expenses,2800008,
03/18/2025,03/18/2025,100.88,Debit,ACH Debit,ACH Debit,,,,,Payment to Educational Computer Systems,Loans,4300012,
03/18/2025,03/18/2025,50.00,Debit,ACH Debit,ACH Debit,,,,,Payment to Chase,Credit Card Payments,2100002,
03/18/2025,03/18/2025,43.67,Debit,ACH Debit,ACH Debit,,,,,Payment to Capital One,Credit Card Payments,5607361,
03/18/2025,03/18/2025,17.62,Debit,ACH Debit,ACH Debit,,,,,Transfer to PayPal,Transfers,2100002,
03/18/2025,03/18/2025,150.00,Debit,Transfer,Transfer,,,,,Transfer To Checking -5873,Transfers,,
03/18/2025,03/17/2025,17.14,Debit,POS,POS,,,,,Sam's Club,General Merchandise,,
03/18/2025,03/17/2025,8.82,Debit,POS,POS,,,,,ALDI,Groceries,,
03/18/2025,03/17/2025,5.48,Debit,POS,POS,,,,,Target,General Merchandise,,
03/18/2025,03/18/2025,5000.00,Credit,ACH Credit,ACH Credit,,,,,Reimbursements from Fidelity Investments,Expense Reimbursement,9131052,
03/17/2025,03/17/2025,616.54,Debit,ACH Debit,ACH Debit,,,,,Payment to New York Life,Insurance,2100002,
03/17/2025,03/17/2025,412.00,Debit,ACH Debit,ACH Debit,,,,,Payment to Discover Bank,Credit Card Payments,9100001,
03/17/2025,03/17/2025,1000.00,Debit,Transfer,Transfer,,,,,Transfer To Checking -2298,Transfers,,
03/17/2025,03/15/2025,344.50,Debit,POS,POS,,,,,DEBIT-DC 8678 SQ *HOMETOWN GO RICHMOND VA,Other Expenses,,
03/17/2025,03/15/2025,201.63,Debit,POS,POS,,,,,Kanpai,Restaurants/Dining,,
03/17/2025,03/14/2025,200.00,Debit,POS,POS,,,,,DEBIT-DC 8678 BISHOPS CUTS AND C XX8226 DC,Personal Care,,
03/17/2025,03/15/2025,100.00,Debit,POS,POS,,,,,Transfer to Zelle,Transfers,,
03/17/2025,03/15/2025,49.50,Debit,POS,POS,,,,,DEBIT-DC 4581 SQ *THE BLACK BELT RICHMOND VA,Restaurants/Dining,,
03/17/2025,03/15/2025,27.56,Debit,POS,POS,,,,,DEBIT-DC 4581 SQ *HOMETOWN GO RICHMOND VA,Other Expenses,,
03/17/2025,03/15/2025,25.15,Debit,POS,POS,,,,,Sam's Club,Gasoline/Fuel,,
03/17/2025,03/15/2025,24.22,Debit,POS,POS,,,,,DEBIT-DC 4581 IN *WHEATLAND FARM ARVONIA VA,Groceries,,
03/17/2025,03/14/2025,23.18,Debit,POS,POS,,,,,Five Guys,Restaurants/Dining,,
03/17/2025,03/15/2025,22.00,Debit,POS,POS,,,,,Choco-la,Restaurants/Dining,,
03/17/2025,03/16/2025,14.79,Debit,POS,POS,,,,,McDonald's,Restaurants/Dining,,
03/17/2025,03/15/2025,14.30,Debit,POS,POS,,,,,DEBIT-DC 4581 2LEVYATRICHMOND RICHMOND VA,Travel,,
03/17/2025,03/15/2025,13.78,Debit,POS,POS,,,,,DEBIT-DC 4581 2LEVYATRICHMOND RICHMOND VA,Travel,,
03/17/2025,03/15/2025,11.73,Debit,POS,POS,,,,,DEBIT-DC 4581 TST*THE BIG SCOOP RICHMOND VA,Restaurants/Dining,,
03/17/2025,03/14/2025,10.58,Debit,POS,POS,,,,,Safeway,Groceries,,
03/17/2025,03/16/2025,9.67,Debit,POS,POS,,,,,Bojangles' Famous Chicken 'n Biscuits,Restaurants/Dining,,
03/17/2025,03/15/2025,8.99,Debit,POS,POS,,,,,Dunkin' Donuts,Restaurants/Dining,,
03/17/2025,03/16/2025,8.04,Debit,POS,POS,,,,,Dunkin' Donuts,Restaurants/Dining,,
03/14/2025,03/14/2025,500.00,Debit,Transfer,Transfer,,,,,Transfer To Credit Card -8715,Transfers,,
03/14/2025,03/13/2025,42.00,Debit,POS,POS,,,,,Transfer to Zelle,Transfers,,
03/14/2025,03/13/2025,34.99,Debit,POS,POS,,,,,Sam's Club,Gasoline/Fuel,,
03/14/2025,03/13/2025,16.95,Debit,POS,POS,,,,,Ace Hardware,Home Improvement,,
03/13/2025,03/12/2025,78.41,Debit,POS,POS,,,,,DSW,Clothing/Shoes,,
03/13/2025,03/12/2025,64.08,Debit,POS,POS,,,,,Choptank,Restaurants/Dining,,
03/13/2025,03/10/2025,12.55,Debit,POS,POS,,,,,DEBIT-DC 4581 PAYPAL *ALIPAYUSIN XX7733 CA,Transfers,,
03/13/2025,03/13/2025,4690.28,Credit,ACH Credit,ACH Credit,,,,,Microsoft Deposit,Deposits,11100001,
03/13/2025,03/13/2025,1797.41,Credit,ACH Credit,ACH Credit,,,,,Deposit Henry M Jackson Payroll,Paychecks/Salary,5200163,
03/12/2025,03/12/2025,94.99,Debit,ACH Debit,ACH Debit,,,,,Payment to Verizon,Telephone Services,3100003,
03/12/2025,03/11/2025,612.63,Debit,POS,POS,,,,,Honeysuckle,General Merchandise,,
03/12/2025,03/11/2025,7.36,Debit,POS,POS,,,,,Rise Up Coffee,Restaurants/Dining,,
03/11/2025,03/10/2025,106.28,Debit,POS,POS,,,,,DEBIT-DC 8678 SP CELEBRATE US CELEBRATEVITA OH,Personal Care,,
03/11/2025,03/10/2025,86.89,Debit,POS,POS,,,,,Cooper's Hawk Winery & Restaurants,Restaurants/Dining,,
03/11/2025,03/11/2025,32.69,Debit,POS,POS,,,,,DEBIT-DC 4581 COOPERS HAWK WINE DOWNERS GROVE IL,Groceries,,
03/10/2025,03/07/2025,256.49,Debit,POS,POS,,,,,Carter's,Child/Dependent Expenses,,
03/10/2025,03/06/2025,141.50,Debit,POS,POS,,,,,Polished Nails,Personal Care,,
03/10/2025,03/08/2025,35.05,Debit,POS,POS,,,,,BP Global,Gasoline/Fuel,,
03/10/2025,03/07/2025,17.27,Debit,POS,POS,,,,,Cold Stone Creamery,Restaurants/Dining,,
03/10/2025,03/08/2025,16.52,Debit,POS,POS,,,,,Micro Center,Electronics,,
03/10/2025,03/10/2025,14.51,Debit,POS,POS,,,,,Harris Teeter,Groceries,,
03/10/2025,03/09/2025,14.30,Debit,POS,POS,,,,,Popeyes Louisiana Kitchen,Restaurants/Dining,,
03/10/2025,03/08/2025,12.25,Debit,POS,POS,,,,,Taco Bell,Restaurants/Dining,,
03/10/2025,03/07/2025,5.29,Debit,POS,POS,,,,,Apple,Electronics,,
03/10/2025,03/09/2025,3.38,Debit,POS,POS,,,,,Dunkin' Donuts,Restaurants/Dining,,
03/10/2025,03/10/2025,1000.00,Credit,Transfer,Transfer,,,,,Transfer From Savings -0387,Transfers,,
03/07/2025,03/07/2025,2500.00,Debit,Transfer,Transfer,,,,,Transfer To Savings -0387,Savings,,
03/07/2025,03/07/2025,127.20,Debit,POS,POS,,,,,Lovevery,Child/Dependent Expenses,,
03/07/2025,03/05/2025,39.19,Debit,POS,POS,,,,,Pizza Boli's,Restaurants/Dining,,
03/07/2025,03/06/2025,10.59,Debit,POS,POS,,,,,Cold Stone Creamery,Restaurants/Dining,,
03/07/2025,03/07/2025,1000.00,Credit,Transfer,Transfer,,,,,Transfer From Savings -0387,Transfers,,
03/06/2025,03/06/2025,274.83,Debit,Transfer,Transfer,,,,,Transfer To Checking -2740,Transfers,,
03/06/2025,03/05/2025,2380.88,Debit,POS,POS,,,,,DEBIT-DC 8678 MICHAEL AND SON SE ALEXANDRIA VA,Home Improvement,,
03/06/2025,03/04/2025,199.00,Debit,POS,POS,,,,,DEBIT-DC 8678 OTF GAMBRILLS XX7925 MD,Clothing/Shoes,,
03/06/2025,03/05/2025,8.47,Credit,Credit,Credit,,,,,Amazon Prime Video,Entertainment,,
03/06/2025,03/05/2025,6.35,Credit,Credit,Credit,,,,,Amazon Prime Video,Entertainment,,
03/05/2025,03/05/2025,485.88,Debit,ACH Debit,ACH Debit,,,,,Payment to Volvo Car Financial Services,Loans,2100002,
03/05/2025,03/04/2025,216.73,Debit,POS,POS,,,,,Payment to AT&T,Telephone Services,,
03/05/2025,03/04/2025,8.46,Debit,POS,POS,,,,,Dunkin' Donuts,Restaurants/Dining,,
03/05/2025,03/05/2025,4000.00,Credit,Transfer,Transfer,,,,,Transfer From Savings -0387,Transfers,,
03/04/2025,03/02/2025,123.14,Debit,POS,POS,,,,,DEBIT-DC 8678 DOK KHAO THAI EATE COLUMBIA MD,Restaurants/Dining,,
03/04/2025,03/03/2025,50.08,Debit,POS,POS,,,,,DEBIT-DC 4581 SP CELEBRATE US CELEBRATEVITA OH,Personal Care,,
03/04/2025,03/02/2025,8.47,Debit,POS,POS,,,,,Amazon Prime Video,Entertainment,,
03/04/2025,03/03/2025,7.95,Debit,POS,POS,,,,,DEBIT-DC 4581 CKE*TOASTIQUE COLU COLUMBIA MD,Restaurants/Dining,,
03/04/2025,03/04/2025,550.00,Credit,Transfer,Transfer,,,,,Transfer From Checking -5873,Transfers,,
03/03/2025,03/03/2025,2239.11,Debit,ACH Debit,ACH Debit,,,,,Jpmorgan Chase Bank,Online Services,2100002,
03/03/2025,03/03/2025,266.00,Debit,ACH Debit,ACH Debit,,,,,Payment to Baltimore Gas and Electric Company,Utilities,9100001,
03/03/2025,03/03/2025,46.26,Debit,ACH Debit,ACH Debit,,,,,Payment to Chase,Credit Card Payments,2100002,
03/03/2025,03/03/2025,1000.00,Debit,Transfer,Transfer,,,,,Transfer To Checking -2298,Transfers,,
03/03/2025,03/03/2025,72.00,Debit,Transfer,Transfer,,,,,Transfer To Credit Card -7148,Transfers,,
03/03/2025,02/28/2025,434.27,Debit,POS,POS,,,,,DEBIT-DC 8678 MICHAEL AND SON SE ALEXANDRIA VA,Home Improvement,,
03/03/2025,03/02/2025,225.22,Debit,POS,POS,,,,,DEBIT-DC 4581 GERESBECKS FOOD GLEN BURNIE US,Groceries,,
03/03/2025,02/28/2025,155.00,Debit,POS,POS,,,,,Elite Sfn,Personal Care,,
03/03/2025,03/02/2025,146.57,Debit,POS,POS,,,,,Target,General Merchandise,,
03/03/2025,03/02/2025,137.67,Debit,POS,POS,,,,,Target,General Merchandise,,
03/03/2025,03/02/2025,137.62,Debit,POS,POS,,,,,Target,General Merchandise,,
03/03/2025,03/02/2025,112.52,Debit,POS,POS,,,,,Target,General Merchandise,,
03/03/2025,03/01/2025,111.00,Debit,POS,POS,,,,,Payment to Morningstar,Rent,,
03/03/2025,03/02/2025,75.00,Debit,POS,POS,,,,,Transfer to Apple Cash,Transfers,,
03/03/2025,02/28/2025,53.98,Debit,POS,POS,,,,,Amazon,General Merchandise,,
03/03/2025,03/01/2025,46.64,Debit,POS,POS,,,,,Peloton Cycle,General Merchandise,,
03/03/2025,03/02/2025,42.50,Debit,POS,POS,,,,,Sam's Club,General Merchandise,,
03/03/2025,03/01/2025,36.49,Debit,POS,POS,,,,,Cox Wine & Spirits,Groceries,,
03/03/2025,03/01/2025,24.95,Debit,POS,POS,,,,,Jersey Mike's Subs,Restaurants/Dining,,
03/03/2025,03/01/2025,24.91,Debit,POS,POS,,,,,DEBIT-DC 8678 WWW.TOASTI* TOASTI WWW.TOASTIQUE MD,Restaurants/Dining,,
03/03/2025,02/28/2025,15.24,Debit,POS,POS,,,,,Rise Up Coffee,Restaurants/Dining,,
03/03/2025,03/01/2025,10.00,Debit,POS,POS,,,,,Elite Sfn,Personal Care,,
03/03/2025,03/02/2025,6.45,Debit,POS,POS,,,,,McDonald's,Restaurants/Dining,,
03/03/2025,03/02/2025,6.35,Debit,POS,POS,,,,,Amazon Prime Video,Entertainment,,
03/03/2025,03/01/2025,3.81,Debit,POS,POS,,,,,Dunkin' Donuts,Restaurants/Dining,,
03/03/2025,03/01/2025,2.49,Debit,POS,POS,,,,,Apple,Electronics,,
03/03/2025,03/01/2025,104.00,Debit,ATM,ATM,,,,,ATM Withdrawal at Bank of America Baltimore MD,ATM/Cash Withdrawals,,
03/03/2025,03/01/2025,1.00,Debit,Debit,Debit,,,,,ATM Fee - Withdrawal,Service Charges/Fees,,
03/03/2025,03/01/2025,75.00,Credit,Credit,Credit,,,,,Transfer from Zelle,Transfers,,
02/28/2025,02/28/2025,1.16,Credit,Credit,Credit,,,,,Interest Income,Interest,,
02/28/2025,02/28/2025,88.12,Debit,ACH Debit,ACH Debit,,,,,Payment to Citizens Bank,Loans,4330513,
02/28/2025,02/26/2025,41.76,Debit,POS,POS,,,,,DEBIT-DC 8678 TST*THE CRAZY MASO ELLICOTT CITY MD,Restaurants/Dining,,
02/28/2025,02/27/2025,18.01,Debit,POS,POS,,,,,Target,General Merchandise,,
02/28/2025,02/26/2025,8.89,Debit,POS,POS,,,,,Taco Bell,Restaurants/Dining,,
02/28/2025,02/26/2025,4.23,Debit,POS,POS,,,,,Dave & Buster's,Restaurants/Dining,,
02/27/2025,02/27/2025,45.00,Debit,ACH Debit,ACH Debit,,,,,Transfer to Venmo,Transfers,9100001,
02/27/2025,02/26/2025,341.00,Debit,POS,POS,,,,,DEBIT-DC 8678 STRIPE PAY GREAT MISSEND,Transfers,,
02/27/2025,02/26/2025,45.40,Debit,POS,POS,,,,,Shell,Gasoline/Fuel,,
02/27/2025,02/26/2025,11.64,Debit,POS,POS,,,,,Dunkin' Donuts,Restaurants/Dining,,
02/27/2025,02/26/2025,3.41,Debit,Debit,Debit,,,,,Intl Transaction Fee Visa Stripe Pay Great Missend GB,Transfers,,
02/27/2025,02/27/2025,4690.29,Credit,ACH Credit,ACH Credit,,,,,Microsoft Deposit,Deposits,11100001,
02/27/2025,02/27/2025,1819.59,Credit,ACH Credit,ACH Credit,,,,,Deposit Henry M Jackson Payroll,Paychecks/Salary,5200163,
02/26/2025,02/25/2025,22.21,Debit,POS,POS,,,,,Chipotle Mexican Grill,Restaurants/Dining,,
02/26/2025,02/26/2025,500.00,Credit,Transfer,Transfer,,,,,Transfer From Savings -0387,Transfers,,
02/25/2025,02/23/2025,135.00,Debit,POS,POS,,,,,DEBIT-DC 8678 REJUVINATIONS PASADENA MD,Clothing/Shoes,,
02/25/2025,02/25/2025,95.39,Debit,POS,POS,,,,,Amazon,General Merchandise,,
02/25/2025,02/25/2025,44.99,Debit,POS,POS,,,,,DEBIT-DC 4581 COOPERSHAWK XX-5674 IL,Other Expenses,,
02/25/2025,02/24/2025,8.43,Credit,Credit,Credit,,,,,Adjustment - Cr Amazon Reta* H43z0 Seattle WA,Refunds/Adjustments,,
02/24/2025,02/24/2025,858.09,Debit,ACH Debit,ACH Debit,,,,,Lowe's,Home Improvement,4220268,
02/24/2025,02/24/2025,260.08,Debit,ACH Debit,ACH Debit,,,,,Payment to Liberty Mutual,Insurance,2100002,
02/24/2025,02/24/2025,75.00,Debit,ACH Debit,ACH Debit,,,,,Transfer to Venmo,Transfers,9100001,
02/24/2025,02/22/2025,414.82,Debit,POS,POS,,,,,Target,General Merchandise,,
02/24/2025,02/23/2025,355.75,Debit,POS,POS,,,,,Petco,Pets/Pet Care,,
02/24/2025,02/23/2025,143.91,Debit,POS,POS,,,,,Harris Teeter,Groceries,,
02/24/2025,02/23/2025,100.00,Debit,POS,POS,,,,,Union Church,Charitable Giving,,
02/24/2025,02/21/2025,84.00,Debit,POS,POS,,,,,Rise Up Coffee,Restaurants/Dining,,
02/24/2025,02/22/2025,76.27,Debit,POS,POS,,,,,Texas Roadhouse,Restaurants/Dining,,
02/24/2025,02/22/2025,54.00,Debit,POS,POS,,,,,DEBIT-DC 8678 CKE*TOASTIQUE ANNA ANNAPOLIS MD,Restaurants/Dining,,
02/24/2025,02/24/2025,31.79,Debit,POS,POS,,,,,Amazon,General Merchandise,,
02/24/2025,02/20/2025,18.00,Debit,POS,POS,,,,,Pizza Boli's,Restaurants/Dining,,
02/24/2025,02/21/2025,16.86,Debit,POS,POS,,,,,Amazon,General Merchandise,,
02/24/2025,02/22/2025,12.71,Debit,POS,POS,,,,,Bowlero,Entertainment,,
02/24/2025,02/22/2025,8.47,Debit,POS,POS,,,,,Netflix,Entertainment,,
02/24/2025,02/21/2025,5.18,Debit,POS,POS,,,,,DEBIT-DC 4581 PATREON* MEMBERSHI INTERNET CA,General Merchandise,,
02/24/2025,02/22/2025,3.17,Debit,POS,POS,,,,,Bowlero,Entertainment,,
02/24/2025,02/22/2025,96.00,Credit,Credit,Credit,,,,,Target,General Merchandise,,
02/21/2025,02/21/2025,5.00,Credit,Credit,Credit,,,,,ATM Rebate,Refunds/Adjustments,,
02/21/2025,02/20/2025,14.00,Debit,POS,POS,,,,,DEBIT-DC 8678 OTF GAMBRILLS XX7925 MD,Clothing/Shoes,,
02/21/2025,02/20/2025,2.11,Debit,POS,POS,,,,,Target,General Merchandise,,
02/19/2025,02/19/2025,900.00,Debit,ACH Debit,ACH Debit,,,,,Toyota,Automotive Expenses,2800008,
02/19/2025,02/17/2025,86.80,Debit,POS,POS,,,,,Safeway,Groceries,,
02/19/2025,02/18/2025,49.75,Debit,POS,POS,,,,,Giant Food,Groceries,,
02/19/2025,02/18/2025,30.70,Debit,POS,POS,,,,,Sam's Club,General Merchandise,,
02/19/2025,02/18/2025,13.96,Debit,POS,POS,,,,,Popeyes Louisiana Kitchen,Restaurants/Dining,,
02/19/2025,02/18/2025,7.99,Debit,POS,POS,,,,,Apple,Electronics,,
02/18/2025,02/18/2025,616.54,Debit,ACH Debit,ACH Debit,,,,,Payment to New York Life,Insurance,2100002,
02/18/2025,02/18/2025,419.00,Debit,ACH Debit,ACH Debit,,,,,Payment to Discover Bank,Credit Card Payments,9100001,
02/18/2025,02/18/2025,100.88,Debit,ACH Debit,ACH Debit,,,,,Payment to Educational Computer Systems,Loans,4300012,
02/18/2025,02/18/2025,15.00,Debit,ACH Debit,ACH Debit,,,,,Transfer to Venmo,Transfers,9100001,
02/18/2025,02/18/2025,985.00,Debit,Transfer,Transfer,,,,,Transfer To Checking -2298,Transfers,,
02/18/2025,02/15/2025,190.62,Debit,POS,POS,,,,,DEBIT-DC 8678 TST* KEYSTONE KORN XX-6726 MD,Restaurants/Dining,,
02/18/2025,02/14/2025,121.89,Debit,POS,POS,,,,,Target,General Merchandise,,
02/18/2025,02/14/2025,105.58,Debit,POS,POS,,,,,DEBIT-DC 4581 SQ *OAK AND IRON B OWING MILLS MD,Clothing/Shoes,,
02/18/2025,02/14/2025,72.00,Debit,POS,POS,,,,,DEBIT-DC 4581 INDEPENDENT AUTO C PASADENA MD,Automotive Expenses,,
02/18/2025,02/14/2025,50.00,Debit,POS,POS,,,,,Transfer to Apple Cash,Transfers,,
02/18/2025,02/15/2025,22.88,Debit,POS,POS,,,,,DEBIT-DC 8678 SQ *OLD MILL CAFE ELLICOTT CITY MD,Restaurants/Dining,,
02/18/2025,02/15/2025,20.00,Debit,POS,POS,,,,,DEBIT-DC 8678 TST*THE SOCIAL SEV SEVERNA PARK MD,Restaurants/Dining,,
02/18/2025,02/17/2025,13.98,Debit,POS,POS,,,,,Giant Food,Groceries,,
02/18/2025,02/15/2025,13.77,Debit,POS,POS,,,,,Pizza Boli's,Restaurants/Dining,,
02/18/2025,02/16/2025,13.03,Debit,POS,POS,,,,,Safeway,Groceries,,
02/18/2025,02/14/2025,9.00,Debit,POS,POS,,,,,DEBIT-DC 4581 PABC CAROLINE TRAN BALTIMORE MD,Healthcare/Medical,,
02/18/2025,02/14/2025,8.95,Debit,POS,POS,,,,,Rise Up Coffee,Restaurants/Dining,,
02/18/2025,02/14/2025,21.19,Credit,Credit,Credit,,,,,Apple,Electronics,,
02/14/2025,02/14/2025,500.00,Debit,Transfer,Transfer,,,,,Transfer To Credit Card -8715,Transfers,,
02/14/2025,02/13/2025,84.78,Debit,POS,POS,,,,,PetSmart,Pets/Pet Care,,
02/14/2025,02/12/2025,48.74,Debit,POS,POS,,,,,Ace Hardware,Home Improvement,,
02/14/2025,02/14/2025,28.96,Debit,POS,POS,,,,,Weis Markets,Groceries,,
02/13/2025,02/12/2025,21.19,Debit,POS,POS,,,,,Apple,Electronics,,
02/13/2025,02/13/2025,4699.34,Credit,ACH Credit,ACH Credit,,,,,Microsoft Deposit,Deposits,11100001,
02/13/2025,02/13/2025,1797.40,Credit,ACH Credit,ACH Credit,,,,,Deposit Henry M Jackson Payroll,Paychecks/Salary,5200163,
02/13/2025,02/13/2025,7.90,Credit,ACH Credit,ACH Credit,,,,,Best Egg Deposit,Deposits,9100001,
02/12/2025,02/12/2025,500.00,Debit,ACH Debit,ACH Debit,,,,,Payment to US Department Of Education,Loans,4103604,
02/12/2025,02/12/2025,89.99,Debit,ACH Debit,ACH Debit,,,,,Payment to Verizon,Telephone Services,3100003,
02/12/2025,02/11/2025,122.13,Debit,POS,POS,,,,,Harris Teeter,Groceries,,
02/12/2025,02/11/2025,36.20,Debit,POS,POS,,,,,Sam's Club,General Merchandise,,
02/11/2025,02/10/2025,29.05,Debit,POS,POS,,,,,Sam's Club,General Merchandise,,
02/11/2025,02/10/2025,16.73,Debit,POS,POS,,,,,Giant Food,Groceries,,
02/11/2025,02/10/2025,14.00,Debit,POS,POS,,,,,DEBIT-DC 8678 OTF GAMBRILLS XX7925 MD,Clothing/Shoes,,
02/10/2025,02/10/2025,30.00,Debit,ACH Debit,ACH Debit,,,,,Lowe's,Home Improvement,4220268,
02/10/2025,02/08/2025,150.00,Debit,POS,POS,,,,,Cooper's Hawk Winery & Restaurants,Restaurants/Dining,,
02/10/2025,02/08/2025,44.99,Debit,POS,POS,,,,,DEBIT-DC 4581 COOPERS HAWK WINE DOWNERS GROVE IL,Groceries,,
02/10/2025,02/10/2025,24.41,Debit,POS,POS,,,,,Giant Food,Groceries,,
02/10/2025,02/09/2025,10.87,Debit,POS,POS,,,,,MI PUEBLO,Groceries,,
02/07/2025,02/05/2025,220.00,Debit,POS,POS,,,,,Chevys Fresh Mex Restaurants,Restaurants/Dining,,
02/06/2025,02/04/2025,199.00,Debit,POS,POS,,,,,DEBIT-DC 8678 OTF GAMBRILLS XX7925 MD,Clothing/Shoes,,
02/06/2025,02/06/2025,100.00,Debit,POS,POS,,,,,Transfer to Zelle,Transfers,,
02/06/2025,02/05/2025,304.00,Debit,ATM,ATM,,,,,ATM Withdrawal at Bank of America District Heights MD,ATM/Cash Withdrawals,,
02/06/2025,02/05/2025,1.00,Debit,Debit,Debit,,,,,ATM Fee - Withdrawal,Service Charges/Fees,,
02/05/2025,02/05/2025,750.00,Debit,Transfer,Transfer,,,,,Transfer To Credit Card -7148,Transfers,,
02/05/2025,02/04/2025,64.66,Debit,POS,POS,,,,,REI,General Merchandise,,
02/05/2025,02/04/2025,56.54,Debit,POS,POS,,,,,Sam's Club,General Merchandise,,
02/05/2025,02/05/2025,350.00,Credit,Transfer,Transfer,,,,,Transfer From Checking -5873,Transfers,,
02/04/2025,02/03/2025,216.06,Debit,POS,POS,,,,,Payment to AT&T,Telephone Services,,
02/03/2025,02/03/2025,2239.11,Debit,ACH Debit,ACH Debit,,,,,Jpmorgan Chase Bank,Online Services,2100002,
02/03/2025,02/03/2025,1456.27,Debit,ACH Debit,ACH Debit,,,,,Payment to Apple Card,Credit Card Payments,12408508,
02/03/2025,02/03/2025,485.88,Debit,ACH Debit,ACH Debit,,,,,Payment to Volvo Car Financial Services,Loans,2100002,
02/03/2025,01/31/2025,257.58,Debit,POS,POS,,,,,DEBIT-DC 8678 SP PICCALIO PICCALIO.COM CA,Other Expenses,,
02/03/2025,02/02/2025,202.34,Debit,POS,POS,,,,,Wegmans,Groceries,,
02/03/2025,01/31/2025,155.00,Debit,POS,POS,,,,,Elite Sfn,Personal Care,,
02/03/2025,02/01/2025,86.00,Debit,POS,POS,,,,,DEBIT-DC 4581 MORNINGSTAR STORAG XX1626 MD,Rent,,
02/03/2025,02/01/2025,46.64,Debit,POS,POS,,,,,Peloton Cycle,General Merchandise,,
02/03/2025,01/31/2025,32.62,Debit,POS,POS,,,,,DEBIT-DC 8678 SP PICCALIO PICCALIO.COM CA,Other Expenses,,
02/03/2025,02/01/2025,10.00,Debit,POS,POS,,,,,Transfer to Zelle,Transfers,,
02/03/2025,02/01/2025,9.21,Debit,POS,POS,,,,,Hanna Andersson,Clothing/Shoes,,
02/03/2025,02/01/2025,2.49,Debit,POS,POS,,,,,Apple,Electronics,,
02/03/2025,02/03/2025,2.11,Debit,POS,POS,,,,,Amazon Prime Video,Entertainment,,
02/03/2025,02/02/2025,2.11,Debit,POS,POS,,,,,Amazon Prime Video,Entertainment,,
01/31/2025,01/31/2025,0.63,Credit,Credit,Credit,,,,,Interest Income,Interest,,
01/31/2025,01/31/2025,266.00,Debit,ACH Debit,ACH Debit,,,,,Payment to Baltimore Gas and Electric Company,Utilities,9100001,
01/31/2025,01/31/2025,1000.00,Debit,Transfer,Transfer,,,,,Transfer To Savings -0387,Savings,,
01/31/2025,01/31/2025,1000.00,Debit,Transfer,Transfer,,,,,Transfer To Checking -2298,Transfers,,
01/31/2025,01/31/2025,900.00,Debit,Transfer,Transfer,,,,,Transfer To Checking -2740,Transfers,,
01/31/2025,01/31/2025,810.00,Debit,Transfer,Transfer,,,,,Transfer To Checking -5873,Transfers,,
01/30/2025,01/29/2025,11.95,Debit,POS,POS,,,,,Sam's Club,General Merchandise,,
01/30/2025,01/30/2025,11001.68,Credit,ACH Credit,ACH Credit,,,,,Microsoft Deposit,Deposits,11100001,
01/30/2025,01/30/2025,1819.43,Credit,ACH Credit,ACH Credit,,,,,Deposit Henry M Jackson Payroll,Paychecks/Salary,5200163,
01/30/2025,01/30/2025,300.00,Credit,ACH Credit,ACH Credit,,,,,Transfer from Venmo,Transfers,9100001,
01/28/2025,01/28/2025,88.12,Debit,ACH Debit,ACH Debit,,,,,Payment to Citizens Bank,Loans,4330513,
01/28/2025,01/27/2025,3.96,Debit,POS,POS,,,,,Target,General Merchandise,,
01/27/2025,01/23/2025,64.76,Debit,POS,POS,,,,,Sam's Club,General Merchandise,,
01/27/2025,01/25/2025,17.44,Debit,POS,POS,,,,,China Wok,Restaurants/Dining,,
01/27/2025,01/25/2025,10.30,Debit,POS,POS,,,,,Dash In,Groceries,,
01/27/2025,01/24/2025,3.99,Debit,POS,POS,,,,,Sam's Market,Groceries,,
01/27/2025,01/25/2025,2.13,Debit,POS,POS,,,,,Dash In,Groceries,,
01/27/2025,01/27/2025,30.00,Credit,ACH Credit,ACH Credit,,,,,Transfer from Venmo,Transfers,9100001,
01/24/2025,01/23/2025,6.35,Debit,POS,POS,,,,,Apple,Electronics,,
01/24/2025,01/24/2025,100.00,Credit,Transfer,Transfer,,,,,Transfer From Savings -0387,Transfers,,
01/24/2025,01/24/2025,29.75,Credit,Transfer,Transfer,,,,,Transfer From Savings -3298,Transfers,,
01/23/2025,01/23/2025,537.47,Debit,ACH Debit,ACH Debit,,,,,Payment to Best Egg,Loans,9100001,
01/23/2025,01/23/2025,213.56,Credit,Transfer,Transfer,,,,,Transfer From Savings,Transfers,,
01/22/2025,01/22/2025,292.34,Debit,ACH Debit,ACH Debit,,,,,Payment to Liberty Mutual,Insurance,2100002,
01/22/2025,01/22/2025,7.41,Debit,POS,POS,,,,,Netflix,Entertainment,,
01/21/2025,01/21/2025,4.75,Credit,Credit,Credit,,,,,ATM Rebate,Refunds/Adjustments,,
01/21/2025,01/21/2025,89.00,Debit,ACH Debit,ACH Debit,,,,,Payment to Capital One,Credit Card Payments,5607361,
01/21/2025,01/21/2025,850.00,Debit,Transfer,Transfer,,,,,Transfer To Checking -2298,Transfers,,
01/21/2025,01/19/2025,253.26,Debit,POS,POS,,,,,Wegmans,Groceries,,
01/21/2025,01/17/2025,148.92,Debit,POS,POS,,,,,Instantseats.com,Other Expenses,,
01/21/2025,01/19/2025,137.79,Debit,POS,POS,,,,,Target,General Merchandise,,
01/21/2025,01/17/2025,130.00,Debit,POS,POS,,,,,Texas Roadhouse,Restaurants/Dining,,
01/21/2025,01/18/2025,125.00,Debit,POS,POS,,,,,DEBIT-DC 8678 JAILBREAK BREWING LAUREL MD,Restaurants/Dining,,
01/21/2025,01/18/2025,90.08,Debit,POS,POS,,,,,DEBIT-DC 8678 BMA GIFT SHOP BALTIMORE MD,Gifts,,
01/21/2025,01/21/2025,76.00,Debit,POS,POS,,,,,Allure Nails & Spa,Personal Care,,
01/21/2025,01/18/2025,45.15,Debit,POS,POS,,,,,Sam's Club,General Merchandise,,
01/21/2025,01/20/2025,43.45,Debit,POS,POS,,,,,Target,General Merchandise,,
01/21/2025,01/20/2025,32.90,Debit,POS,POS,,,,,Giant Food,Groceries,,
01/21/2025,01/18/2025,25.00,Debit,POS,POS,,,,,Starbucks,Restaurants/Dining,,
01/21/2025,01/17/2025,21.29,Debit,POS,POS,,,,,Etsy,General Merchandise,,
01/21/2025,01/19/2025,16.64,Debit,POS,POS,,,,,Qdoba Mexican Grill,Restaurants/Dining,,
01/21/2025,01/18/2025,12.00,Debit,POS,POS,,,,,DEBIT-DC 8678 BMA PARKING SYSTEM BALTIMORE MD,Travel,,
01/21/2025,01/20/2025,11.66,Debit,POS,POS,,,,,Target,General Merchandise,,
01/21/2025,01/18/2025,7.99,Debit,POS,POS,,,,,Apple,Electronics,,
01/21/2025,01/17/2025,7.42,Debit,POS,POS,,,,,Rise Up Coffee,Restaurants/Dining,,
01/21/2025,01/19/2025,2.12,Debit,POS,POS,,,,,Lululemon Athletica,Clothing/Shoes,,
01/17/2025,01/16/2025,94.34,Debit,POS,POS,,,,,Ulta Beauty,Personal Care,,
01/17/2025,01/16/2025,73.84,Debit,POS,POS,,,,,Ulta Beauty,Personal Care,,
01/17/2025,01/16/2025,34.93,Debit,POS,POS,,,,,China Wok,Restaurants/Dining,,
01/17/2025,01/15/2025,20.04,Debit,POS,POS,,,,,Lima's Chicken,Restaurants/Dining,,
01/17/2025,01/15/2025,18.54,Debit,POS,POS,,,,,Chick-fil-A,Restaurants/Dining,,
01/17/2025,01/17/2025,10.05,Debit,POS,POS,,,,,Sunoco,Gasoline/Fuel,,
01/17/2025,01/16/2025,8.95,Debit,POS,POS,,,,,Rise Up Coffee,Restaurants/Dining,,
01/17/2025,01/15/2025,1.31,Debit,POS,POS,,,,,Starbucks,Restaurants/Dining,,
01/16/2025,01/16/2025,900.00,Debit,ACH Debit,ACH Debit,,,,,Toyota,Automotive Expenses,2800008,
01/16/2025,01/16/2025,616.54,Debit,ACH Debit,ACH Debit,,,,,Payment to New York Life,Insurance,2100002,
01/16/2025,01/16/2025,424.00,Debit,ACH Debit,ACH Debit,,,,,Payment to Discover Bank,Credit Card Payments,9100001,
01/16/2025,01/16/2025,100.88,Debit,ACH Debit,ACH Debit,,,,,Payment to Educational Computer Systems,Loans,4300012,
01/16/2025,01/16/2025,50.00,Debit,ACH Debit,ACH Debit,,,,,Payment to Chase,Credit Card Payments,2100002,
01/16/2025,01/15/2025,20.00,Debit,POS,POS,,,,,Starbucks,Restaurants/Dining,,
01/16/2025,01/14/2025,13.31,Debit,POS,POS,,,,,Chick-fil-A,Restaurants/Dining,,
01/16/2025,01/16/2025,1819.41,Credit,ACH Credit,ACH Credit,,,,,Deposit Henry M Jackson Payroll,Paychecks/Salary,5200163,
01/15/2025,01/15/2025,500.00,Debit,Transfer,Transfer,,,,,Transfer To Credit Card -8715,Transfers,,
01/15/2025,01/15/2025,202.36,Credit,ACH Credit,ACH Credit,,,,,Reimbursements from Wex Health,Expense Reimbursement,9131052,
01/14/2025,01/14/2025,1338.03,Debit,ACH Debit,ACH Debit,,,,,Payment to Best Egg,Loans,9100001,
01/14/2025,01/14/2025,89.99,Debit,ACH Debit,ACH Debit,,,,,Payment to Verizon,Telephone Services,3100003,
01/14/2025,01/14/2025,18.98,Debit,POS,POS,,,,,Giant Food,Groceries,,
01/14/2025,01/13/2025,13.76,Debit,POS,POS,,,,,Amazon,General Merchandise,,
01/14/2025,01/14/2025,4699.34,Credit,ACH Credit,ACH Credit,,,,,Microsoft Deposit,Deposits,11100001,
01/13/2025,01/11/2025,69.91,Debit,POS,POS,,,,,Ledo Pizza,Restaurants/Dining,,
01/13/2025,01/10/2025,50.17,Debit,POS,POS,,,,,Target,General Merchandise,,
01/13/2025,01/10/2025,45.65,Debit,POS,POS,,,,,Sam's Club,General Merchandise,,
01/13/2025,01/11/2025,42.35,Debit,POS,POS,,,,,Amazon,General Merchandise,,
01/13/2025,01/12/2025,39.32,Debit,POS,POS,,,,,Giant Food,Groceries,,
01/13/2025,01/10/2025,35.51,Debit,POS,POS,,,,,DEBIT-DC 8678 TST*BLACK MARKET B EDGEWATER MD,Restaurants/Dining,,
01/13/2025,01/11/2025,32.69,Debit,POS,POS,,,,,A&a Wine & Spirits,Groceries,,
01/13/2025,01/11/2025,15.89,Debit,POS,POS,,,,,Amazon,General Merchandise,,
01/13/2025,01/13/2025,11.12,Debit,POS,POS,,,,,Target,General Merchandise,,
01/13/2025,01/10/2025,7.26,Debit,POS,POS,,,,,DEBIT-DC 8678 TST* NICO'S BAGELS GAMBRILLS MD,Restaurants/Dining,,
01/13/2025,01/13/2025,53.00,Credit,Deposit,Deposit,,,,,Mobile Deposit,Deposits,,
01/09/2025,01/09/2025,485.88,Debit,ACH Debit,ACH Debit,,,,,Payment to Volvo Car Financial Services,Loans,2100002,
01/09/2025,01/08/2025,48.39,Debit,POS,POS,,,,,China Wok,Restaurants/Dining,,
01/09/2025,01/08/2025,35.00,Debit,POS,POS,,,,,DEBIT-DC 8678 OTF GAMBRILLS XX7925 MD,Clothing/Shoes,,
01/09/2025,01/09/2025,300.00,Credit,ACH Credit,ACH Credit,,,,,Transfer from Venmo,Transfers,9100001,
01/08/2025,01/07/2025,15.00,Debit,POS,POS,,,,,Target,General Merchandise,,
01/08/2025,01/08/2025,752.40,Credit,Transfer,Transfer,,,,,Transfer From Savings -0387,Transfers,,
01/06/2025,01/06/2025,2107.66,Debit,ACH Debit,ACH Debit,,,,,Jpmorgan Chase Bank,Online Services,2100002,
01/06/2025,01/06/2025,825.00,Debit,Transfer,Transfer,,,,,Transfer To Checking -2298,Transfers,,
01/06/2025,01/04/2025,301.70,Debit,POS,POS,,,,,Payment to AT&T,Telephone Services,,
01/06/2025,01/04/2025,199.00,Debit,POS,POS,,,,,DEBIT-DC 8678 OTF GAMBRILLS XX7925 MD,Clothing/Shoes,,
01/06/2025,01/05/2025,129.03,Debit,POS,POS,,,,,Target,General Merchandise,,
01/06/2025,01/04/2025,111.68,Debit,POS,POS,,,,,Total Wine & More,Groceries,,
01/06/2025,01/03/2025,106.66,Debit,POS,POS,,,,,Target,General Merchandise,,
01/06/2025,01/04/2025,45.57,Debit,POS,POS,,,,,Amazon,General Merchandise,,
01/06/2025,01/04/2025,36.66,Debit,POS,POS,,,,,Amazon,General Merchandise,,
01/06/2025,01/05/2025,35.99,Debit,POS,POS,,,,,LA Fitness,Personal Care,,
01/06/2025,01/05/2025,35.45,Debit,POS,POS,,,,,Sam's Club,General Merchandise,,
01/06/2025,01/04/2025,30.50,Debit,POS,POS,,,,,DEBIT-DC 8678 24-HOUR SPEEDWASH LANHAM MD,Automotive Expenses,,
01/06/2025,01/03/2025,14.00,Debit,POS,POS,,,,,DEBIT-DC 8678 OTF GAMBRILLS XX7925 MD,Clothing/Shoes,,
01/06/2025,01/04/2025,12.00,Debit,POS,POS,,,,,DEBIT-DC 8678 24-HOUR SPEEDWASH LANHAM MD,Automotive Expenses,,
01/06/2025,01/04/2025,10.00,Debit,POS,POS,,,,,DEBIT-DC 8678 24-HOUR SPEEDWASH LANHAM MD,Automotive Expenses,,
01/06/2025,01/04/2025,102.75,Debit,ATM,ATM,,,,,ATM Withdrawal Plus PXX7740 Lanham MD US,ATM/Cash Withdrawals,,
01/06/2025,01/04/2025,1.00,Debit,Debit,Debit,,,,,ATM Fee - Inquiry,Service Charges/Fees,,
01/06/2025,01/04/2025,1.00,Debit,Debit,Debit,,,,,ATM Fee - Withdrawal,Service Charges/Fees,,
01/06/2025,01/06/2025,600.00,Credit,Credit,Credit,,,,,Transfer from Zelle,Transfers,,
01/03/2025,12/31/2024,155.00,Debit,POS,POS,,,,,Elite Sfn,Personal Care,,
01/03/2025,01/01/2025,86.00,Debit,POS,POS,,,,,Payment to Morningstar,Rent,,
01/03/2025,12/31/2024,47.38,Debit,POS,POS,,,,,Ledo Pizza,Restaurants/Dining,,
01/03/2025,01/03/2025,32.28,Debit,POS,POS,,,,,Cinemark Theatres,Entertainment,,
01/03/2025,01/02/2025,2.49,Debit,POS,POS,,,,,Apple,Electronics,,
01/03/2025,01/02/2025,2.11,Debit,POS,POS,,,,,Amazon Prime Video,Entertainment,,
01/03/2025,01/02/2025,2.11,Debit,POS,POS,,,,,Amazon Prime Video,Entertainment,,
01/02/2025,01/02/2025,500.00,Debit,ACH Debit,ACH Debit,,,,,Payment to US Department Of Education,Loans,4103604,
01/02/2025,01/02/2025,350.00,Debit,ACH Debit,ACH Debit,,,,,Payment to Apple Card,Credit Card Payments,12408508,
01/02/2025,01/02/2025,125.00,Debit,ACH Debit,ACH Debit,,,,,Payment to Chase,Credit Card Payments,2100002,
01/02/2025,01/02/2025,550.00,Debit,Transfer,Transfer,,,,,Transfer To Credit Card -7148,Transfers,,
01/02/2025,01/01/2025,284.50,Debit,POS,POS,,,,,Wegmans,Groceries,,
01/02/2025,12/31/2024,52.92,Debit,POS,POS,,,,,DEBIT-DC 8678 ARUNDEL LIQUOR PASADENA MD,Groceries,,
01/02/2025,01/01/2025,46.64,Debit,POS,POS,,,,,Peloton Cycles,Personal Care,,
01/02/2025,01/01/2025,17.87,Debit,POS,POS,,,,,Uber Bagels,Restaurants/Dining,,
01/02/2025,12/31/2024,10.07,Debit,POS,POS,,,,,Rise Up Coffee,Restaurants/Dining,,
01/02/2025,01/02/2025,1797.23,Credit,ACH Credit,ACH Credit,,,,,Deposit Henry M Jackson Payroll,Paychecks/Salary,5200163,
12/31/2024,12/31/2024,0.54,Credit,Credit,Credit,,,,,Interest Income,Interest,,
12/31/2024,12/31/2024,266.00,Debit,ACH Debit,ACH Debit,,,,,Payment to Baltimore Gas and Electric Company,Utilities,9100001,
12/31/2024,12/31/2024,1070.00,Debit,Transfer,Transfer,,,,,Transfer To Checking -2298,Transfers,,
12/31/2024,12/30/2024,16.65,Debit,POS,POS,,,,,Premium Parking,Travel,,
12/30/2024,12/30/2024,537.47,Debit,ACH Debit,ACH Debit,,,,,Payment to Best Egg,Loans,9100001,
12/30/2024,12/30/2024,88.12,Debit,ACH Debit,ACH Debit,,,,,Payment to Citizens Bank,Loans,4330513,
12/30/2024,12/28/2024,116.59,Debit,POS,POS,,,,,Amazon,General Merchandise,,
12/30/2024,12/26/2024,13.70,Debit,POS,POS,,,,,Naval Bagels,Restaurants/Dining,,
12/30/2024,12/30/2024,100.00,Credit,Transfer,Transfer,,,,,Transfer From Checking -2298,Transfers,,
12/30/2024,12/30/2024,5169.05,Credit,ACH Credit,ACH Credit,,,,,Microsoft Deposit,Deposits,11100001,
12/30/2024,12/30/2024,400.00,Credit,ACH Credit,ACH Credit,,,,,Reimbursements from Wex Health,Expense Reimbursement,9131052,
12/30/2024,12/28/2024,500.00,Credit,Credit,Credit,,,,,Transfer from Zelle,Transfers,,
12/27/2024,12/26/2024,35.26,Debit,POS,POS,,,,,Advance Auto Parts,Automotive Expenses,,
12/27/2024,12/27/2024,100.00,Credit,Transfer,Transfer,,,,,Transfer From Checking -2298,Transfers,,
12/26/2024,12/25/2024,200.00,Debit,POS,POS,,,,,DEBIT-DC 8678 CASH APP*CLAUDAYA OAKLAND CA,Transfers,,
12/26/2024,12/24/2024,104.17,Debit,POS,POS,,,,,Sam's Club,General Merchandise,,
12/26/2024,12/25/2024,69.94,Debit,POS,POS,,,,,Giant Food,Groceries,,
12/26/2024,12/25/2024,38.65,Debit,POS,POS,,,,,Wawa,Groceries,,
12/26/2024,12/24/2024,34.08,Debit,POS,POS,,,,,Five Below,General Merchandise,,
12/26/2024,12/24/2024,31.08,Debit,POS,POS,,,,,Wegmans,Groceries,,
12/26/2024,12/24/2024,23.54,Debit,POS,POS,,,,,Giant Food,Groceries,,
12/26/2024,12/24/2024,21.46,Debit,POS,POS,,,,,Giant Food,Groceries,,
12/26/2024,12/23/2024,10.00,Debit,POS,POS,,,,,Little Italy,Restaurants/Dining,,
12/26/2024,12/24/2024,5.98,Debit,POS,POS,,,,,DEBIT-DC 4581 SUPER 24 MARKET GLEN BURNIE MD US,Groceries,,
12/26/2024,12/26/2024,29.00,Debit,Debit,Debit,,,,,Returned Item Fee Check# XX0001,Service Charges/Fees,9100001,
12/26/2024,12/25/2024,500.00,Credit,Credit,Credit,,,,,Transfer from Zelle,Transfers,,
12/24/2024,12/24/2024,292.34,Debit,ACH Debit,ACH Debit,,,,,Payment to Liberty Mutual,Insurance,2100002,
12/24/2024,12/23/2024,68.90,Debit,POS,POS,,,,,Tagliata,Restaurants/Dining,,
12/24/2024,12/23/2024,48.74,Debit,POS,POS,,,,,Amazon,General Merchandise,,
12/24/2024,12/23/2024,6.35,Debit,POS,POS,,,,,Apple,Electronics,,
12/24/2024,12/24/2024,96.67,Credit,Credit,Credit,,,,,Target,General Merchandise,,
12/23/2024,12/23/2024,800.00,Debit,Transfer,Transfer,,,,,Transfer To Checking -2298,Transfers,,
12/23/2024,12/23/2024,222.55,Debit,POS,POS,,,,,REI,General Merchandise,,
12/23/2024,12/20/2024,216.83,Debit,POS,POS,,,,,DEBIT-DC 4581 ANNEARUNDELCO-UTIL XX-1144 MD,Utilities,,
12/23/2024,12/23/2024,158.39,Debit,POS,POS,,,,,Target,General Merchandise,,
12/23/2024,12/21/2024,117.17,Debit,POS,POS,,,,,DEBIT-DC 8678 CREDIT UNION CHERR RACEROSTER.CO MA,Other Expenses,,
12/23/2024,12/21/2024,87.77,Debit,POS,POS,,,,,Clove And Cardamom,Restaurants/Dining,,
12/23/2024,12/21/2024,82.13,Debit,POS,POS,,,,,Giant Food,Groceries,,
12/23/2024,12/20/2024,77.28,Debit,POS,POS,,,,,The Greene Turtle,Restaurants/Dining,,
12/23/2024,12/21/2024,57.42,Debit,POS,POS,,,,,DEBIT-DC 8678 TST* GRILLMARX STE COLUMBIA MD,Restaurants/Dining,,
12/23/2024,12/22/2024,54.50,Debit,POS,POS,,,,,Allure Nails & Spa,Personal Care,,
12/23/2024,12/21/2024,45.05,Debit,POS,POS,,,,,Sam's Club,General Merchandise,,
12/23/2024,12/20/2024,42.95,Debit,POS,POS,,,,,Amazon,General Merchandise,,
12/23/2024,12/21/2024,35.05,Debit,POS,POS,,,,,Sam's Club,General Merchandise,,
12/23/2024,12/21/2024,30.18,Debit,POS,POS,,,,,Cinemark Theatres,Entertainment,,
12/23/2024,12/21/2024,24.35,Debit,POS,POS,,,,,"Cinemark USA, Inc.",Entertainment,,
12/23/2024,12/20/2024,20.00,Debit,POS,POS,,,,,Starbucks,Restaurants/Dining,,
12/23/2024,12/21/2024,10.00,Debit,POS,POS,,,,,Elite Sfn,Personal Care,,
12/23/2024,12/20/2024,8.66,Debit,POS,POS,,,,,Burger King,Restaurants/Dining,,
12/23/2024,12/22/2024,7.41,Debit,POS,POS,,,,,Netflix,Entertainment,,
12/23/2024,12/23/2024,219.00,Credit,ACH Credit,ACH Credit,,,,,Transfer from Venmo,Transfers,9100001,
12/23/2024,12/21/2024,200.00,Credit,Credit,Credit,,,,,Transfer from Zelle,Transfers,,
12/20/2024,12/20/2024,6.00,Credit,Credit,Credit,,,,,ATM Rebate,Refunds/Adjustments,,
12/20/2024,12/19/2024,127.19,Debit,POS,POS,,,,,Amazon,General Merchandise,,
12/20/2024,12/19/2024,49.00,Debit,POS,POS,,,,,LA Fitness,Personal Care,,
12/19/2024,12/18/2024,34.79,Debit,POS,POS,,,,,Amazon,General Merchandise,,
12/19/2024,12/19/2024,28.64,Debit,POS,POS,,,,,Amazon,General Merchandise,,
12/19/2024,12/18/2024,7.99,Debit,POS,POS,,,,,Apple,Electronics,,
12/19/2024,12/19/2024,1751.25,Credit,ACH Credit,ACH Credit,,,,,Deposit Henry M Jackson Payroll,Paychecks/Salary,5200163,
12/18/2024,12/17/2024,72.90,Debit,POS,POS,,,,,DEBIT-DC 4581 BDA*SHOPORANGETHEO XX-6693 WA,Personal Care,,
12/18/2024,12/18/2024,66.93,Debit,POS,POS,,,,,Amazon,General Merchandise,,
12/18/2024,12/17/2024,63.59,Debit,POS,POS,,,,,Amazon,General Merchandise,,
12/18/2024,12/17/2024,14.00,Debit,POS,POS,,,,,DEBIT-DC 4581 OTF GAMBRILLS XX7925 MD,Clothing/Shoes,,
12/18/2024,12/17/2024,6.08,Debit,POS,POS,,,,,7-Eleven,Groceries,,
12/17/2024,12/17/2024,900.00,Debit,ACH Debit,ACH Debit,,,,,Toyota,Automotive Expenses,2800008,
12/17/2024,12/17/2024,125.00,Debit,ACH Debit,ACH Debit,,,,,Payment to Capital One,Credit Card Payments,5607361,
12/17/2024,12/17/2024,100.88,Debit,ACH Debit,ACH Debit,,,,,Payment to Educational Computer Systems,Loans,4300012,
12/17/2024,12/17/2024,200.00,Debit,POS,POS,,,,,Transfer to Zelle,Transfers,,
12/17/2024,12/15/2024,8.72,Debit,POS,POS,,,,,Naval Bagels,Restaurants/Dining,,
12/16/2024,12/16/2024,1338.03,Debit,ACH Debit,ACH Debit,,,,,Payment to Best Egg,Loans,9100001,
12/16/2024,12/16/2024,616.54,Debit,ACH Debit,ACH Debit,,,,,Payment to New York Life,Insurance,2100002,
12/16/2024,12/16/2024,430.00,Debit,ACH Debit,ACH Debit,,,,,Payment to Discover Bank,Credit Card Payments,9100001,
12/16/2024,12/16/2024,250.00,Debit,ACH Debit,ACH Debit,,,,,Payment to Chase,Credit Card Payments,2100002,
12/16/2024,12/13/2024,105.58,Debit,POS,POS,,,,,DEBIT-DC 4581 SQ *OAK AND IRON B OWING MILLS MD,Clothing/Shoes,,
12/16/2024,12/14/2024,83.86,Debit,POS,POS,,,,,First Watch,Restaurants/Dining,,
12/16/2024,12/13/2024,67.83,Debit,POS,POS,,,,,DEBIT-DC 8678 EDIBLE.COM HTTPSWWW.EDIB GA,General Merchandise,,
12/16/2024,12/15/2024,33.26,Debit,POS,POS,,,,,Sam's Club,General Merchandise,,
12/16/2024,12/14/2024,29.63,Debit,POS,POS,,,,,DEBIT-DC 4581 DAI KIM GLEN BURNIE MD,Entertainment,,
12/16/2024,12/13/2024,28.78,Debit,POS,POS,,,,,Chipotle Mexican Grill,Restaurants/Dining,,
12/16/2024,12/13/2024,25.00,Debit,POS,POS,,,,,Market Basket,Groceries,,
12/16/2024,12/14/2024,11.66,Debit,POS,POS,,,,,Rise Up Coffee,Restaurants/Dining,,
12/16/2024,12/14/2024,11.45,Debit,POS,POS,,,,,Target,General Merchandise,,
12/16/2024,12/14/2024,7.94,Debit,POS,POS,,,,,Auntie Anne's,Restaurants/Dining,,
12/16/2024,12/15/2024,4.86,Debit,POS,POS,,,,,Walmart,General Merchandise,,
12/16/2024,12/14/2024,2.25,Debit,POS,POS,,,,,Dunkin' Donuts,Restaurants/Dining,,
12/16/2024,12/15/2024,390.00,Credit,Credit,Credit,,,,,Transfer from Zelle,Transfers,,
12/13/2024,12/13/2024,500.00,Debit,Transfer,Transfer,,,,,Transfer To Credit Card -9005,Transfers,,
12/13/2024,12/12/2024,30.24,Debit,POS,POS,,,,,Giant Food,Groceries,,
12/12/2024,12/12/2024,89.99,Debit,ACH Debit,ACH Debit,,,,,Payment to Verizon,Telephone Services,3100003,
12/12/2024,12/11/2024,36.45,Debit,POS,POS,,,,,Amazon,General Merchandise,,
12/12/2024,12/11/2024,21.61,Debit,POS,POS,,,,,Amazon,General Merchandise,,
12/12/2024,12/11/2024,9.31,Debit,POS,POS,,,,,Naval Bagels,Restaurants/Dining,,
12/12/2024,12/12/2024,5169.09,Credit,ACH Credit,ACH Credit,,,,,Microsoft Deposit,Deposits,11100001,
12/11/2024,12/10/2024,126.13,Debit,POS,POS,,,,,DEBIT-DC 4581 BDA*SHOPORANGETHEO XX-6693 WA,Personal Care,,
12/11/2024,12/10/2024,33.70,Debit,POS,POS,,,,,Sam's Club,General Merchandise,,
12/11/2024,12/10/2024,7.69,Debit,POS,POS,,,,,Rise Up Coffee,Restaurants/Dining,,
12/10/2024,12/08/2024,126.06,Debit,POS,POS,,,,,Harris Teeter,Groceries,,
12/10/2024,12/09/2024,38.47,Debit,POS,POS,,,,,Target,General Merchandise,,
12/10/2024,12/09/2024,21.72,Debit,POS,POS,,,,,Papa John's Pizza,Restaurants/Dining,,
12/10/2024,12/09/2024,0.86,Debit,POS,POS,,,,,Target,General Merchandise,,
12/09/2024,12/09/2024,12.08,Debit,ACH Debit,ACH Debit,,,,,Lowe's,Home Improvement,4220268,
12/09/2024,12/09/2024,800.00,Debit,Transfer,Transfer,,,,,Transfer To Checking -2298,Transfers,,
12/09/2024,12/09/2024,100.00,Debit,Transfer,Transfer,,,,,Transfer To Checking -5873,Transfers,,
12/09/2024,12/07/2024,127.20,Debit,POS,POS,,,,,Lovevery,Child/Dependent Expenses,,
12/09/2024,12/06/2024,112.30,Debit,POS,POS,,,,,Rangoli Restaurant,Restaurants/Dining,,
12/09/2024,12/06/2024,20.46,Debit,POS,POS,,,,,Giant Food,Groceries,,
12/09/2024,12/07/2024,20.00,Debit,POS,POS,,,,,Starbucks,Restaurants/Dining,,
12/09/2024,12/07/2024,12.57,Debit,POS,POS,,,,,DEBIT-DC 8678 TST* NICO'S BAGELS GAMBRILLS MD,Restaurants/Dining,,
12/09/2024,12/06/2024,10.00,Debit,POS,POS,,,,,Starbucks,Restaurants/Dining,,
12/09/2024,12/07/2024,8.69,Debit,POS,POS,,,,,DEBIT-DC 8678 NORTHWEST HOSPITAL RANDALLSTOWN MD,Healthcare/Medical,,
12/09/2024,12/06/2024,3.25,Debit,POS,POS,,,,,DEBIT-DC 4581 OTF GAMBRILLS XX7925 MD,Clothing/Shoes,,
12/09/2024,12/09/2024,213.00,Credit,ACH Credit,ACH Credit,,,,,Transfer from Venmo,Transfers,9100001,
12/06/2024,12/04/2024,199.00,Debit,POS,POS,,,,,DEBIT-DC 4581 OTF GAMBRILLS XX7925 MD,Clothing/Shoes,,
12/06/2024,12/05/2024,35.99,Debit,POS,POS,,,,,LA Fitness,Personal Care,,
12/05/2024,12/03/2024,150.00,Debit,POS,POS,,,,,DEBIT-DC 8678 UNIV OF MD SCH OF XX5565 MD,Education,,
12/05/2024,12/05/2024,1751.26,Credit,ACH Credit,ACH Credit,,,,,Deposit Henry M Jackson Payroll,Paychecks/Salary,5200163,
12/04/2024,12/02/2024,210.73,Debit,POS,POS,,,,,DEBIT-DC 4581 PAYNE CHRISTMAS TR ELKRIDGE MD,Home Improvement,,
12/04/2024,12/03/2024,202.90,Debit,POS,POS,,,,,Payment to AT&T,Telephone Services,,
12/04/2024,12/02/2024,86.00,Debit,POS,POS,,,,,DEBIT-DC 4581 MORNINGSTAR STORAG XX1626 MD,Rent,,
12/04/2024,12/03/2024,2.49,Debit,POS,POS,,,,,Apple,Electronics,,
12/04/2024,12/04/2024,250.00,Credit,Transfer,Transfer,,,,,Transfer From Savings -0387,Transfers,,
12/03/2024,12/03/2024,2107.66,Debit,ACH Debit,ACH Debit,,,,,Jpmorgan Chase Bank,Online Services,2100002,
12/03/2024,12/03/2024,266.00,Debit,ACH Debit,ACH Debit,,,,,Payment to Baltimore Gas and Electric Company,Utilities,9100001,
12/03/2024,12/03/2024,116.12,Debit,POS,POS,,,,,Target,General Merchandise,,
12/03/2024,12/02/2024,100.97,Debit,POS,POS,,,,,DEBIT-DC 4581 TST* GRILLMARX STE COLUMBIA MD,Restaurants/Dining,,
12/03/2024,12/02/2024,47.49,Debit,POS,POS,,,,,Soma,Clothing/Shoes,,
12/03/2024,12/02/2024,35.21,Debit,POS,POS,,,,,Sam's Club,General Merchandise,,
12/03/2024,12/02/2024,15.00,Debit,POS,POS,,,,,DEBIT-DC 4581 OTF GAMBRILLS XX7925 MD,Clothing/Shoes,,
12/03/2024,12/01/2024,30.74,Credit,Credit,Credit,,,,,Soma,Clothing/Shoes,,
12/02/2024,12/02/2024,259.16,Debit,ACH Debit,ACH Debit,,,,,Payment to Apple Card,Credit Card Payments,12408508,
12/02/2024,12/02/2024,125.00,Debit,ACH Debit,ACH Debit,,,,,Payment to Chase,Credit Card Payments,2100002,
12/02/2024,12/02/2024,550.00,Debit,Transfer,Transfer,,,,,Transfer To Credit Card -7148,Transfers,,
12/02/2024,12/02/2024,120.00,Debit,Transfer,Transfer,,,,,Transfer To Checking -5873,Transfers,,
12/02/2024,12/02/2024,100.00,Debit,Transfer,Transfer,,,,,Transfer To Credit Card -7148,Transfers,,
12/02/2024,11/30/2024,155.00,Debit,POS,POS,,,,,Elite Sfn,Personal Care,,
12/02/2024,12/02/2024,154.50,Debit,POS,POS,,,,,Allure Nails & Spa,Personal Care,,
12/02/2024,11/29/2024,142.03,Debit,POS,POS,,,,,Target,General Merchandise,,
12/02/2024,11/29/2024,79.57,Debit,POS,POS,,,,,Trattoria Caffe Italia,Restaurants/Dining,,
12/02/2024,11/29/2024,52.59,Debit,POS,POS,,,,,DEBIT-DC 4581 INFINITEA BANGALORE,Other Expenses,,
12/02/2024,11/30/2024,48.91,Debit,POS,POS,,,,,DEBIT-DC 8678 MONTEGO BAY SUP OCEAN CITY US,General Merchandise,,
12/02/2024,12/01/2024,46.64,Debit,POS,POS,,,,,Peloton Cycles,Personal Care,,
12/02/2024,11/29/2024,30.00,Debit,POS,POS,,,,,DEBIT-DC 8678 OCMD TRAMS OCEAN CITY MD,General Merchandise,,
12/02/2024,11/29/2024,21.70,Debit,POS,POS,,,,,Sam's Club,General Merchandise,,
12/02/2024,11/29/2024,16.61,Debit,POS,POS,,,,,McDonald's,Restaurants/Dining,,
12/02/2024,11/30/2024,15.00,Debit,POS,POS,,,,,Starbucks,Restaurants/Dining,,
12/02/2024,11/29/2024,14.25,Debit,POS,POS,,,,,DEBIT-DC 8678 CANDY KITCHEN - 93 OCEAN CITY MD,Restaurants/Dining,,
12/02/2024,12/01/2024,4.78,Debit,POS,POS,,,,,Soma,Clothing/Shoes,,
12/02/2024,11/29/2024,2.40,Debit,POS,POS,,,,,DEBIT-DC 4581 PHICOM*TRAVEL RETA BANGALORE,Travel,,
12/02/2024,11/29/2024,0.53,Debit,Debit,Debit,,,,,Intl Transaction Fee Visa Infinitea Bangalore IN,Service Charges/Fees,,
12/02/2024,11/29/2024,0.17,Debit,Debit,Debit,,,,,McDonald's Service Charges/Fees,Service Charges/Fees,,
12/02/2024,11/29/2024,0.02,Debit,Debit,Debit,,,,,Intl Transaction Fee Visa Phicom*travel Reta Bangalore IN,Service Charges/Fees,,
12/02/2024,11/29/2024,11.20,Credit,Credit,Credit,,,,,Adjustment - Cr Southwes XX-9792 TX,Refunds/Adjustments,,
11/29/2024,11/29/2024,1.61,Credit,Credit,Credit,,,,,Interest Income,Interest,,
11/29/2024,11/29/2024,88.12,Debit,ACH Debit,ACH Debit,,,,,Payment to Citizens Bank,Loans,4330513,
11/29/2024,11/28/2024,188.68,Debit,POS,POS,,,,,J.Crew,Clothing/Shoes,,
11/29/2024,11/29/2024,139.92,Debit,POS,POS,,,,,DEBIT-DC 8678 CHARMCITYRUN.COM CHARMCITYRUN. MD,Healthcare/Medical,,
11/29/2024,11/27/2024,110.43,Debit,POS,POS,,,,,Harris Teeter,Groceries,,
11/29/2024,11/28/2024,103.55,Debit,POS,POS,,,,,DEBIT-DC 4581 SUBKO COFEE PVT LT BANGALORE,Other Expenses,,
11/29/2024,11/26/2024,80.00,Debit,POS,POS,,,,,DEBIT-DC 8678 THE FARMHOUSE OF G XX7544 MD,Other Expenses,,
11/29/2024,11/26/2024,73.39,Debit,POS,POS,,,,,Harris Teeter,Groceries,,
11/29/2024,11/28/2024,70.55,Debit,POS,POS,,,,,Harris Teeter,Groceries,,
11/29/2024,11/27/2024,50.00,Debit,POS,POS,,,,,Floyd's,Restaurants/Dining,,
11/29/2024,11/27/2024,43.38,Debit,POS,POS,,,,,DEBIT-DC 8678 TST*THE OLIVE TREE GLEN BURNIE MD,Restaurants/Dining,,
11/29/2024,11/28/2024,41.17,Debit,POS,POS,,,,,Giant Food,Groceries,,
11/29/2024,11/28/2024,16.46,Debit,POS,POS,,,,,Rise Up Coffee,Restaurants/Dining,,
11/29/2024,11/28/2024,8.28,Debit,POS,POS,,,,,Dunkin' Donuts,Restaurants/Dining,,
11/29/2024,11/28/2024,6.30,Debit,POS,POS,,,,,Rise Up Coffee,Restaurants/Dining,,
11/29/2024,11/28/2024,1.04,Debit,Debit,Debit,,,,,Intl Transaction Fee Visa Subko Cofee Pvt Lt Bangalore IN,Service Charges/Fees,,
11/27/2024,11/25/2024,46.60,Debit,POS,POS,,,,,DEBIT-DC 8678 TST*BEST WINGS N P GLEN BURNIE MD,Restaurants/Dining,,
11/27/2024,11/26/2024,36.36,Debit,POS,POS,,,,,Sam's Club,General Merchandise,,
11/27/2024,11/27/2024,5169.10,Credit,ACH Credit,ACH Credit,,,,,Microsoft Deposit,Deposits,11100001,
11/26/2024,11/25/2024,56.19,Debit,POS,POS,,,,,Target,General Merchandise,,
11/26/2024,11/26/2024,118.74,Debit,ATM,ATM,,,,,ATM Withdrawal Plus XX0001 Bangalore IN,ATM/Cash Withdrawals,,
11/26/2024,11/26/2024,118.74,Debit,ATM,ATM,,,,,ATM Withdrawal Plus XX0001 Bangalore IN,ATM/Cash Withdrawals,,
11/26/2024,11/26/2024,118.74,Debit,ATM,ATM,,,,,ATM Withdrawal Plus XX0001 Bangalore IN,ATM/Cash Withdrawals,,
11/26/2024,11/25/2024,1.19,Debit,Debit,Debit,,,,,Intl Transaction Fee Plus XX0001 Bangalore IN,Service Charges/Fees,,
11/26/2024,11/25/2024,1.19,Debit,Debit,Debit,,,,,Intl Transaction Fee Plus XX0001 Bangalore IN,Service Charges/Fees,,
11/26/2024,11/25/2024,1.19,Debit,Debit,Debit,,,,,Intl Transaction Fee Plus XX0001 Bangalore IN,Service Charges/Fees,,
11/26/2024,11/26/2024,1.00,Debit,Debit,Debit,,,,,ATM Fee - Withdrawal,Service Charges/Fees,,
11/26/2024,11/26/2024,1.00,Debit,Debit,Debit,,,,,ATM Fee - Withdrawal,Service Charges/Fees,,
11/26/2024,11/26/2024,1.00,Debit,Debit,Debit,,,,,ATM Fee - Withdrawal,Service Charges/Fees,,
11/26/2024,11/25/2024,179.80,Credit,Credit,Credit,,,,,Adjustment - Cr Airbnb * Hm45jwwee XX5959 CA,Refunds/Adjustments,,
11/25/2024,11/25/2024,537.47,Debit,ACH Debit,ACH Debit,,,,,Payment to Best Egg,Loans,9100001,
11/25/2024,11/25/2024,50.00,Debit,Transfer,Transfer,,,,,Transfer To Checking -2740,Transfers,,
11/25/2024,11/24/2024,118.18,Debit,POS,POS,,,,,Soma,Clothing/Shoes,,
11/25/2024,11/22/2024,71.10,Debit,POS,POS,,,,,Giant Food,Groceries,,
11/25/2024,11/23/2024,64.33,Debit,POS,POS,,,,,Amazon,General Merchandise,,
11/25/2024,11/24/2024,46.00,Debit,POS,POS,,,,,Roy's Car Wash,Automotive Expenses,,
11/25/2024,11/24/2024,42.15,Debit,POS,POS,,,,,Sam's Club,General Merchandise,,
11/25/2024,11/22/2024,7.58,Debit,POS,POS,,,,,Food Plus,Groceries,,
11/25/2024,11/22/2024,7.41,Debit,POS,POS,,,,,Netflix,Entertainment,,
11/25/2024,11/22/2024,0.82,Debit,POS,POS,,,,,DEBIT-DC 4581 JACKSON TRADING CO DUBAI,Other Expenses,,
11/25/2024,11/23/2024,118.52,Debit,ATM,ATM,,,,,ATM Withdrawal Plus XX0001 Bangalore IN,ATM/Cash Withdrawals,,
11/25/2024,11/23/2024,118.52,Debit,ATM,ATM,,,,,ATM Withdrawal Plus XX0001 Bangalore IN,ATM/Cash Withdrawals,,
11/25/2024,11/23/2024,118.52,Debit,ATM,ATM,,,,,ATM Withdrawal Plus XX0001 Bangalore IN,ATM/Cash Withdrawals,,
11/25/2024,11/23/2024,1.19,Debit,Debit,Debit,,,,,Intl Transaction Fee Plus XX0001 Bangalore IN,Service Charges/Fees,,
11/25/2024,11/22/2024,1.19,Debit,Debit,Debit,,,,,Intl Transaction Fee Plus XX0001 Bangalore IN,Service Charges/Fees,,
11/25/2024,11/22/2024,1.19,Debit,Debit,Debit,,,,,Intl Transaction Fee Plus XX0001 Bangalore IN,Service Charges/Fees,,
11/25/2024,11/23/2024,1.00,Debit,Debit,Debit,,,,,ATM Fee - Withdrawal,Service Charges/Fees,,
11/25/2024,11/23/2024,1.00,Debit,Debit,Debit,,,,,ATM Fee - Withdrawal,Service Charges/Fees,,
11/25/2024,11/23/2024,1.00,Debit,Debit,Debit,,,,,ATM Fee - Withdrawal,Service Charges/Fees,,
11/25/2024,11/22/2024,0.08,Debit,Debit,Debit,,,,,Food Plus Service Charges/Fees,Service Charges/Fees,,
11/25/2024,11/22/2024,0.01,Debit,Debit,Debit,,,,,Intl Transaction Fee Visa Jackson Trading Co Dubai AE,Service Charges/Fees,,
11/22/2024,11/22/2024,202.86,Debit,ACH Debit,ACH Debit,,,,,Payment to Liberty Mutual,Insurance,2100002,
11/22/2024,11/22/2024,850.00,Debit,Transfer,Transfer,,,,,Transfer To Checking -2298,Transfers,,
11/22/2024,11/22/2024,150.00,Debit,Transfer,Transfer,,,,,Transfer To Checking -2740,Transfers,,
11/22/2024,11/20/2024,211.50,Debit,POS,POS,,,,,DEBIT-DC 8678 MVA ESERVICES XX7299 MD,Online Services,,
11/22/2024,11/20/2024,118.00,Debit,POS,POS,,,,,DEBIT-DC 4581 TST*FOUNDERS TAVER PASADENA MD,Restaurants/Dining,,
11/22/2024,11/21/2024,108.47,Debit,POS,POS,,,,,Texas Roadhouse,Restaurants/Dining,,
11/22/2024,11/21/2024,50.00,Debit,POS,POS,,,,,Transfer to Apple Cash,Transfers,,
11/22/2024,11/21/2024,14.00,Debit,POS,POS,,,,,DEBIT-DC 4581 OTF GAMBRILLS XX7925 MD,Clothing/Shoes,,
11/22/2024,11/21/2024,10.04,Debit,POS,POS,,,,,McDonald's,Restaurants/Dining,,
11/22/2024,11/21/2024,6.57,Debit,POS,POS,,,,,Rise Up Coffee,Restaurants/Dining,,
11/21/2024,11/21/2024,1.49,Credit,Credit,Credit,,,,,ATM Rebate,Refunds/Adjustments,,
11/21/2024,11/21/2024,100.88,Debit,ACH Debit,ACH Debit,,,,,Payment to Educational Computer Systems,Loans,4300012,
11/21/2024,11/20/2024,93.56,Debit,POS,POS,,,,,Giant Food,Groceries,,
11/21/2024,11/19/2024,54.56,Debit,POS,POS,,,,,Ledo Pizza,Restaurants/Dining,,
11/21/2024,11/20/2024,52.99,Debit,POS,POS,,,,,Thirdeye,Online Services,,
11/21/2024,11/19/2024,1.06,Debit,POS,POS,,,,,Lima's Chicken,Restaurants/Dining,,
11/21/2024,11/21/2024,350.00,Debit,ACH Debit,ACH Debit,,,,,ACH Debit - Claudaya Hood Be,Home Improvement,9999999999,
11/21/2024,11/21/2024,1751.25,Credit,ACH Credit,ACH Credit,,,,,Deposit Henry M Jackson Payroll,Paychecks/Salary,5200163,
11/20/2024,11/20/2024,4862.03,Debit,ACH Debit,ACH Debit,,,,,Payment to Capital One,Credit Card Payments,5607361,
11/19/2024,11/17/2024,173.00,Debit,POS,POS,,,,,DEBIT-DC 8678 TST*THE COTTON EXC SAVANNAH GA,Clothing/Shoes,,
11/19/2024,11/18/2024,39.62,Debit,POS,POS,,,,,Target,General Merchandise,,
11/19/2024,11/17/2024,36.36,Debit,POS,POS,,,,,DEBIT-DC 8678 A COASTAL CHRISTMA SAVANNAH GA,Other Expenses,,
11/19/2024,11/17/2024,30.87,Debit,POS,POS,,,,,DEBIT-DC 8678 PY *BYRD COOKIE CO SAVANNAH GA,Restaurants/Dining,,
11/19/2024,11/18/2024,29.41,Debit,POS,POS,,,,,DEBIT-DC 4581 LOVE'S #0412 OUTSI DUNN NC,Groceries,,
11/19/2024,11/18/2024,15.05,Debit,POS,POS,,,,,Royal Farms,Groceries,,
11/19/2024,11/18/2024,7.99,Debit,POS,POS,,,,,Apple,Electronics,,
11/19/2024,11/18/2024,5.35,Debit,POS,POS,,,,,Love's,Groceries,,
11/19/2024,11/19/2024,6500.00,Credit,Transfer,Transfer,,,,,Transfer From Savings -0387,Transfers,,
11/18/2024,11/18/2024,3500.00,Debit,ACH Debit,ACH Debit,,,,,Payment to Capital One,Credit Card Payments,5607361,
11/18/2024,11/18/2024,900.00,Debit,ACH Debit,ACH Debit,,,,,Toyota,Automotive Expenses,2800008,
11/18/2024,11/18/2024,616.54,Debit,ACH Debit,ACH Debit,,,,,Payment to New York Life,Insurance,2100002,
11/18/2024,11/18/2024,171.00,Debit,ACH Debit,ACH Debit,,,,,Payment to Capital One,Credit Card Payments,5607361,
11/18/2024,11/15/2024,188.84,Debit,POS,POS,,,,,DEBIT-DC 8678 VOLVO CARS ANNAPOL ANNAPOLIS MD,Automotive Expenses,,
11/18/2024,11/15/2024,103.52,Debit,POS,POS,,,,,Giant Food,Groceries,,
11/18/2024,11/17/2024,81.00,Debit,POS,POS,,,,,DEBIT-DC 8678 SQ *PERC SAVANNAH GA,Clothing/Shoes,,
11/18/2024,11/15/2024,65.54,Debit,POS,POS,,,,,Target,General Merchandise,,
11/18/2024,11/15/2024,21.75,Debit,POS,POS,,,,,Shell,Gasoline/Fuel,,
11/18/2024,11/16/2024,15.00,Debit,POS,POS,,,,,Starbucks,Restaurants/Dining,,
11/15/2024,11/15/2024,500.00,Debit,Transfer,Transfer,,,,,Transfer To Credit Card -9005,Transfers,,
11/15/2024,11/14/2024,33.33,Debit,POS,POS,,,,,Sam's Club,General Merchandise,,
11/14/2024,11/14/2024,1338.03,Debit,ACH Debit,ACH Debit,,,,,Payment to Best Egg,Loans,9100001,
11/14/2024,11/14/2024,103.88,Debit,POS,POS,,,,,Amazon,General Merchandise,,
11/14/2024,11/13/2024,41.69,Debit,POS,POS,,,,,DEBIT-DC 8678 TST*ROGGENART - SA SAVAGE MD,Restaurants/Dining,,
11/14/2024,11/13/2024,12.71,Debit,POS,POS,,,,,Amazon Kindle,Hobbies,,
11/14/2024,11/14/2024,10.59,Debit,POS,POS,,,,,Amazon,General Merchandise,,
11/14/2024,11/14/2024,5169.10,Credit,ACH Credit,ACH Credit,,,,,Microsoft Deposit,Deposits,11100001,
11/14/2024,11/13/2024,31.79,Credit,Credit,Credit,,,,,Amazon Marketplace,General Merchandise,,
11/13/2024,11/13/2024,59.37,Debit,POS,POS,,,,,Amazon,General Merchandise,,
11/13/2024,11/11/2024,15.25,Debit,POS,POS,,,,,Naval Bagels,Restaurants/Dining,,
11/13/2024,11/10/2024,8.00,Debit,POS,POS,,,,,DEBIT-DC 4581 UMB PLAZA GARAGE BALTIMORE MD,Automotive Expenses,,
11/13/2024,11/13/2024,500.00,Credit,ACH Credit,ACH Credit,,,,,Reimbursements from Wex Health,Expense Reimbursement,9131052,
11/12/2024,11/12/2024,89.99,Debit,ACH Debit,ACH Debit,,,,,Payment to Verizon,Telephone Services,3100003,
11/12/2024,11/12/2024,69.63,Debit,ACH Debit,ACH Debit,,,,,Wex Health,Online Services,9131052,
11/12/2024,11/12/2024,30.00,Debit,ACH Debit,ACH Debit,,,,,Lowe's,Home Improvement,4220268,
11/12/2024,11/11/2024,3000.00,Debit,POS,POS,,,,,DEBIT-DC 8678 VOLVO CARS ANNAPOL ANNAPOLIS MD,Automotive Expenses,,
11/12/2024,11/08/2024,887.92,Debit,POS,POS,,,,,The Tire Rack,Automotive Expenses,,
11/12/2024,11/10/2024,210.64,Debit,POS,POS,,,,,Sam's Club,General Merchandise,,
11/12/2024,11/08/2024,117.36,Debit,POS,POS,,,,,DEBIT-DC 4581 MORNINGSTAR STORAG XX1626 MD,Rent,,
11/12/2024,11/09/2024,73.57,Debit,POS,POS,,,,,Giant Food,Groceries,,
11/12/2024,11/09/2024,56.95,Debit,POS,POS,,,,,Giant Food,Groceries,,
11/12/2024,11/11/2024,30.50,Debit,POS,POS,,,,,Amazon,General Merchandise,,
11/12/2024,11/08/2024,29.99,Debit,POS,POS,,,,,Amazon,General Merchandise,,
11/12/2024,11/09/2024,20.00,Debit,POS,POS,,,,,DEBIT-DC 8678 SQ *ST. MICHAEL - BALTIMORE MD,Healthcare/Medical,,
11/12/2024,11/08/2024,19.19,Debit,POS,POS,,,,,Rise Up Coffee,Restaurants/Dining,,
11/12/2024,11/08/2024,12.99,Debit,POS,POS,,,,,Rise Up Coffee,Restaurants/Dining,,
11/12/2024,11/09/2024,10.00,Debit,POS,POS,,,,,DEBIT-DC 8678 SQ *ST. MICHAEL - BALTIMORE MD,Healthcare/Medical,,
11/12/2024,11/08/2024,6.24,Debit,POS,POS,,,,,Chick-fil-A,Restaurants/Dining,,
11/12/2024,11/09/2024,4.49,Debit,POS,POS,,,,,Giant Food,Groceries,,
11/12/2024,11/12/2024,1000.00,Credit,Transfer,Transfer,,,,,Transfer From Savings -0387,Transfers,,
11/12/2024,11/12/2024,600.00,Credit,Transfer,Transfer,,,,,Transfer From Savings -3298,Transfers,,
11/08/2024,11/08/2024,900.00,Debit,Transfer,Transfer,,,,,Transfer To Checking -2298,Transfers,,
11/08/2024,11/07/2024,38.14,Debit,POS,POS,,,,,Amazon,General Merchandise,,
11/08/2024,11/07/2024,34.01,Debit,POS,POS,,,,,Giant Food,Groceries,,
11/08/2024,11/06/2024,17.95,Debit,POS,POS,,,,,Jersey Mike's Subs,Restaurants/Dining,,
11/08/2024,11/07/2024,12.72,Debit,POS,POS,,,,,Rise Up Coffee,Restaurants/Dining,,
11/08/2024,11/07/2024,12.19,Debit,POS,POS,,,,,Rise Up Coffee,Restaurants/Dining,,
11/08/2024,11/07/2024,8.69,Debit,POS,POS,,,,,Rise Up Coffee,Restaurants/Dining,,
11/07/2024,11/07/2024,11827.23,Debit,ACH Debit,ACH Debit,,,,,Payment to Chase,Credit Card Payments,2100002,
11/07/2024,11/06/2024,13.41,Debit,POS,POS,,,,,DEBIT-DC 8678 KOZY BEANS COFFEE CROFTON MD,Restaurants/Dining,,
11/07/2024,11/06/2024,2.00,Debit,POS,POS,,,,,Elite Sfn,Personal Care,,
11/07/2024,11/07/2024,1751.27,Credit,ACH Credit,ACH Credit,,,,,Deposit Henry M Jackson Payroll,Paychecks/Salary,5200163,
11/06/2024,11/04/2024,199.00,Debit,POS,POS,,,,,DEBIT-DC 4581 OTF GAMBRILLS XX7925 MD,Clothing/Shoes,,
11/06/2024,11/06/2024,61.39,Debit,POS,POS,,,,,The Grill,Restaurants/Dining,,
11/06/2024,11/05/2024,35.99,Debit,POS,POS,,,,,LA Fitness,Personal Care,,
11/06/2024,11/05/2024,28.10,Debit,POS,POS,,,,,Sam's Club,General Merchandise,,
11/06/2024,11/04/2024,20.09,Debit,POS,POS,,,,,DEBIT-DC 8678 TST*THE OLIVE TREE GLEN BURNIE MD,Restaurants/Dining,,
11/06/2024,11/06/2024,16860.23,Credit,ACH Credit,ACH Credit,,,,,Discover Bank Deposit,Deposits,9100001,
11/06/2024,11/05/2024,13.98,Credit,Credit,Credit,,,,,Michaels,Hobbies,,
11/05/2024,11/04/2024,44.76,Debit,POS,POS,,,,,Papa John's Pizza,Restaurants/Dining,,
11/05/2024,11/04/2024,21.00,Debit,POS,POS,,,,,Rise Up Coffee,Restaurants/Dining,,
11/05/2024,11/05/2024,155.00,Credit,Transfer,Transfer,,,,,Transfer From Checking -5873,Transfers,,
11/04/2024,11/04/2024,2107.66,Debit,ACH Debit,ACH Debit,,,,,Jpmorgan Chase Bank,Online Services,2100002,
11/04/2024,11/04/2024,50.00,Debit,ACH Debit,ACH Debit,,,,,Transfer to Venmo,Transfers,9100001,
11/04/2024,11/04/2024,50.00,Debit,ACH Debit,ACH Debit,,,,,Transfer to Venmo,Transfers,9100001,
11/04/2024,11/04/2024,49.00,Debit,ACH Debit,ACH Debit,,,,,Tax Payment to Poppins Payroll,Taxes,12204348,
11/04/2024,11/02/2024,530.00,Debit,POS,POS,,,,,Chipotle Mexican Grill,Restaurants/Dining,,
11/04/2024,10/31/2024,226.24,Debit,POS,POS,,,,,Sam's Club,General Merchandise,,
11/04/2024,11/03/2024,202.90,Debit,POS,POS,,,,,Payment to AT&T,Telephone Services,,
11/04/2024,11/01/2024,171.04,Debit,POS,POS,,,,,Wegmans,Groceries,,
11/04/2024,10/31/2024,155.00,Debit,POS,POS,,,,,Elite Sfn,Personal Care,,
11/04/2024,11/03/2024,100.00,Debit,POS,POS,,,,,Transfer to Zelle,Transfers,,
11/04/2024,11/01/2024,58.91,Debit,POS,POS,,,,,Staples,Office Supplies,,
11/04/2024,11/01/2024,58.77,Debit,POS,POS,,,,,Floyd's,Restaurants/Dining,,
11/04/2024,11/03/2024,50.00,Debit,POS,POS,,,,,Transfer to Zelle,Transfers,,
11/04/2024,11/01/2024,46.64,Debit,POS,POS,,,,,Peloton Cycles,Personal Care,,
11/04/2024,11/03/2024,36.25,Debit,POS,POS,,,,,DEBIT-DC 8678 SQ *VIGILANTE COFF COLLEGE PARK MD,Restaurants/Dining,,
11/04/2024,11/02/2024,29.50,Debit,POS,POS,,,,,Amazon,General Merchandise,,
11/04/2024,11/01/2024,24.36,Debit,POS,POS,,,,,Amazon,General Merchandise,,
11/04/2024,11/02/2024,14.16,Debit,POS,POS,,,,,Burger King,Restaurants/Dining,,
11/04/2024,11/01/2024,11.07,Debit,POS,POS,,,,,Giant Food,Groceries,,
11/04/2024,11/03/2024,10.54,Debit,POS,POS,,,,,DEBIT-DC 8678 SQ *VIGILANTE COFF COLLEGE PARK MD,Restaurants/Dining,,
11/04/2024,11/01/2024,4.99,Debit,POS,POS,,,,,Safeway,Groceries,,
11/04/2024,11/02/2024,3.56,Debit,POS,POS,,,,,Chick-fil-A,Restaurants/Dining,,
11/04/2024,11/01/2024,2.49,Debit,POS,POS,,,,,Apple,Electronics,,
11/04/2024,11/01/2024,2.48,Debit,POS,POS,,,,,Walgreens,Healthcare/Medical,,
11/01/2024,11/01/2024,1173.88,Debit,ACH Debit,ACH Debit,,,,,Payment to Discover Bank,Credit Card Payments,9100001,
11/01/2024,11/01/2024,400.00,Debit,ACH Debit,ACH Debit,,,,,Payment to Chase,Credit Card Payments,2100002,
11/01/2024,11/01/2024,241.20,Debit,ACH Debit,ACH Debit,,,,,Payment to Apple Card,Credit Card Payments,12408508,
11/01/2024,11/01/2024,125.00,Debit,ACH Debit,ACH Debit,,,,,Payment to Chase,Credit Card Payments,2100002,
11/01/2024,10/31/2024,47.69,Debit,POS,POS,,,,,Amazon,General Merchandise,,
11/01/2024,10/31/2024,30.53,Debit,POS,POS,,,,,Walgreens,Healthcare/Medical,,
11/01/2024,10/31/2024,28.19,Debit,POS,POS,,,,,Michaels,Hobbies,,
11/01/2024,10/31/2024,21.09,Debit,POS,POS,,,,,Michaels,Hobbies,,
11/01/2024,10/31/2024,17.89,Debit,POS,POS,,,,,Michaels,Hobbies,,
11/01/2024,10/31/2024,16.17,Debit,POS,POS,,,,,DEBIT-DC 4581 UEP*FORTUNE COOKY GLEN BURNIE MD,Restaurants/Dining,,
11/01/2024,10/31/2024,14.83,Debit,POS,POS,,,,,Michaels,Hobbies,,
11/01/2024,10/31/2024,9.53,Debit,POS,POS,,,,,Amazon,General Merchandise,,
11/01/2024,10/31/2024,6.57,Debit,POS,POS,,,,,Rise Up Coffee,Restaurants/Dining,,
11/01/2024,10/31/2024,2.89,Debit,POS,POS,,,,,Michaels,Hobbies,,
11/01/2024,10/31/2024,2.53,Debit,POS,POS,,,,,Walgreens,Healthcare/Medical,,
11/01/2024,11/01/2024,400.00,Debit,Debit,Debit,,,,,Cash Withdrawal,ATM/Cash Withdrawals,,
10/31/2024,10/31/2024,0.67,Credit,Credit,Credit,,,,,Interest Income,Interest,,
10/31/2024,10/31/2024,266.00,Debit,ACH Debit,ACH Debit,,,,,Payment to Baltimore Gas and Electric Company,Utilities,9100001,
10/31/2024,10/31/2024,1500.00,Debit,Transfer,Transfer,,,,,Transfer To Savings -0387,Savings,,
10/31/2024,10/31/2024,525.00,Debit,Transfer,Transfer,,,,,Transfer To Credit Card -7148,Transfers,,
10/31/2024,10/31/2024,428.20,Debit,Transfer,Transfer,,,,,Transfer To Savings -3298,Savings,,
10/31/2024,10/31/2024,250.00,Debit,Transfer,Transfer,,,,,Transfer To Checking -2740,Transfers,,
10/31/2024,10/30/2024,36.90,Debit,POS,POS,,,,,Sam's Club,General Merchandise,,
10/31/2024,10/30/2024,7.00,Debit,POS,POS,,,,,DEBIT-DC 8678 GOFANTIX* LANSDOWN GOFAN.CO GA,Entertainment,,
10/31/2024,10/31/2024,1000.00,Debit,ACH Debit,ACH Debit,,,,,ACH Debit - Claudaya Hood Be,Home Improvement,9999999999,
10/31/2024,10/30/2024,35.13,Credit,Credit,Credit,,,,,Michaels,Hobbies,,
10/30/2024,10/29/2024,324.22,Debit,POS,POS,,,,,Amazon,General Merchandise,,
10/30/2024,10/29/2024,30.85,Debit,POS,POS,,,,,Sam's Club,General Merchandise,,
10/30/2024,10/29/2024,29.67,Debit,POS,POS,,,,,Rangoli Restaurant,Restaurants/Dining,,
10/30/2024,10/29/2024,14.00,Debit,POS,POS,,,,,DEBIT-DC 4581 OTF GAMBRILLS XX7925 MD,Clothing/Shoes,,
10/30/2024,10/28/2024,10.38,Debit,POS,POS,,,,,Chick-fil-A,Restaurants/Dining,,
10/30/2024,10/30/2024,12089.65,Credit,ACH Credit,ACH Credit,,,,,Microsoft Deposit,Deposits,11100001,
10/29/2024,10/29/2024,188.37,Debit,ACH Debit,ACH Debit,,,,,Tax Payment to Poppins Payroll,Taxes,12204348,
10/29/2024,10/29/2024,88.12,Debit,ACH Debit,ACH Debit,,,,,Payment to Citizens Bank,Loans,4330513,
10/29/2024,10/28/2024,40.02,Debit,POS,POS,,,,,Amazon,General Merchandise,,
10/29/2024,10/28/2024,31.90,Debit,POS,POS,,,,,Target,General Merchandise,,
10/29/2024,10/28/2024,24.79,Debit,POS,POS,,,,,Amazon,General Merchandise,,
10/29/2024,10/28/2024,21.20,Debit,POS,POS,,,,,Target,General Merchandise,,
10/29/2024,10/28/2024,14.76,Debit,POS,POS,,,,,Popeyes Louisiana Kitchen,Restaurants/Dining,,
10/29/2024,10/29/2024,400.00,Credit,Transfer,Transfer,,,,,Transfer From Savings -0387,Transfers,,
10/28/2024,10/28/2024,537.47,Debit,ACH Debit,ACH Debit,,,,,Payment to Best Egg,Loans,9100001,
10/28/2024,10/26/2024,197.16,Debit,POS,POS,,,,,DEBIT-DC 4581 SQ *EARLS TYSONS C MCLEAN VA,Restaurants/Dining,,
10/28/2024,10/27/2024,64.47,Debit,POS,POS,,,,,Giant Food,Groceries,,
10/28/2024,10/25/2024,50.73,Debit,POS,POS,,,,,Target,General Merchandise,,
10/28/2024,10/25/2024,33.99,Debit,POS,POS,,,,,Papa John's Pizza,Restaurants/Dining,,
10/28/2024,10/26/2024,27.55,Debit,POS,POS,,,,,Amazon,General Merchandise,,
10/28/2024,10/26/2024,25.68,Debit,POS,POS,,,,,Target,General Merchandise,,
10/28/2024,10/27/2024,23.75,Debit,POS,POS,,,,,Chipotle Mexican Grill,Restaurants/Dining,,
10/28/2024,10/26/2024,10.00,Debit,POS,POS,,,,,DEBIT-DC 4581 TYSONS TOWER ROSWELL GA,Groceries,,
10/28/2024,10/26/2024,100.49,Debit,ATM,ATM,,,,,ATM Withdrawal Plus PXX5083 Hanover MD US,ATM/Cash Withdrawals,,
10/28/2024,10/26/2024,1.00,Debit,Debit,Debit,,,,,ATM Fee - Withdrawal,Service Charges/Fees,,
10/25/2024,10/24/2024,380.00,Debit,POS,POS,,,,,Transfer to Apple Cash,Transfers,,
10/25/2024,10/25/2024,75.00,Debit,POS,POS,,,,,Transfer to Zelle,Transfers,,
10/25/2024,10/23/2024,1.73,Debit,POS,POS,,,,,Parking Authority of Baltimore City,Healthcare/Medical,,
10/24/2024,10/23/2024,46.55,Debit,POS,POS,,,,,Target,General Merchandise,,
10/24/2024,10/23/2024,37.20,Debit,POS,POS,,,,,Sam's Club,General Merchandise,,
10/24/2024,10/23/2024,15.57,Debit,POS,POS,,,,,Giant Food,Groceries,,
10/24/2024,10/23/2024,15.00,Debit,POS,POS,,,,,DEBIT-DC 4581 OTF GAMBRILLS XX7925 MD,Clothing/Shoes,,
10/24/2024,10/24/2024,29.00,Debit,Debit,Debit,,,,,Returned Item Fee Check# XX0001,Service Charges/Fees,9100001,
10/24/2024,10/24/2024,1751.25,Credit,ACH Credit,ACH Credit,,,,,Deposit Henry M Jackson Payroll,Paychecks/Salary,5200163,
10/23/2024,10/23/2024,202.86,Debit,ACH Debit,ACH Debit,,,,,Payment to Liberty Mutual,Insurance,2100002,
10/23/2024,10/22/2024,15.48,Debit,POS,POS,,,,,DEBIT-DC XX0419 CAVA WAUGH C MCKINNEY GAMB MD,Restaurants/Dining,,
10/23/2024,10/22/2024,7.41,Debit,POS,POS,,,,,Netflix,Entertainment,,
10/23/2024,10/22/2024,1.37,Debit,POS,POS,,,,,FedEx,Postage and Shipping,,
10/23/2024,10/23/2024,500.00,Credit,Transfer,Transfer,,,,,Transfer From Savings -0387,Transfers,,
10/23/2024,10/23/2024,36.90,Credit,Transfer,Transfer,,,,,Transfer From Savings,Transfers,,
10/22/2024,10/21/2024,34.95,Debit,POS,POS,,,,,DEBIT-DC 8678 EB *A PALETTE OF E XX-7200 CA,Entertainment,,
10/22/2024,10/21/2024,16.25,Debit,POS,POS,,,,,Sam's Club,General Merchandise,,
10/07/2024,10/07/2024,199.00,Debit,Debit,Debit,,,,,Orangetheory Fitness,Personal Care,,
10/07/2024,10/07/2024,84.80,Debit,Debit,Debit,,,,,Lovevery,Child/Dependent Expenses,,
10/07/2024,10/07/2024,35.99,Debit,Debit,Debit,,,,,LA Fitness,Personal Care,,
10/07/2024,10/07/2024,9.54,Debit,Debit,Debit,,,,,McDonald's,Restaurants/Dining,,
10/07/2024,10/07/2024,250.00,Debit,Debit,Debit,,,,,POS Debit - Visa Check Card 8678 - REJUVINATIONS PASADENA MD CLAUDAYA C STEPHAN POS TRANSACTION,Checks,,
10/07/2024,10/05/2024,250.00,Credit,Credit,Credit,,,,,Transfer from Shares TFR FR OTHER,Transfers,,
10/07/2024,10/07/2024,86.57,Debit,Debit,Debit,,,,,ALDI,Groceries,,
10/07/2024,10/07/2024,9.48,Debit,Debit,Debit,,,,,Sheetz,Groceries,,
10/07/2024,10/07/2024,39.94,Debit,Debit,Debit,,,,,Sheetz,Groceries,,
10/04/2024,10/03/2024,0.41,Debit,Debit,Debit,,,,,International Transaction fee MinistryofExternal Mumbai IN INTL TRANSACTION FEE,Service Charges/Fees,,
10/04/2024,10/04/2024,41.00,Debit,Debit,Debit,,,,,- Visa Check Card XX81 - MINISTRYOFEXTERNAL MUMBAI CHARLES R STEPHAN TRANSACTION,Online Services,,
10/04/2024,10/04/2024,201.55,Debit,Debit,Debit,,,,,Payment to AT&T,Telephone Services,,
10/03/2024,10/03/2024,22.41,Debit,Debit,Debit,,,,,Giant Food,Groceries,,
10/03/2024,10/03/2024,11.20,Debit,Debit,Debit,,,,,- Visa Check Card XX78 - SOUTHWES CLAUDAYA C STEPHAN TRANSACTION,Travel,,
10/03/2024,10/03/2024,2107.66,Debit,Debit,Debit,,,,,Jpmorgan Chase Bank,Online Services,,
10/02/2024,10/02/2024,155.00,Debit,Debit,Debit,,,,,Elite Sfn,Personal Care,,
10/02/2024,10/02/2024,21.18,Debit,Debit,Debit,,,,,- Visa Check Card XX81 - SP GAMESANDSTUFF C XX4581 CHARLES R STEPHAN TRANSACTION,Entertainment,,
10/02/2024,10/02/2024,46.64,Debit,Debit,Debit,,,,,Peloton Cycles,Personal Care,,
10/02/2024,10/02/2024,9.21,Debit,Debit,Debit,,,,,- Visa Check Card XX78 - AMAZON MKTPL DB6UA AMZN COM B CLAUDAYA C STEPHAN TRANSACTION,General Merchandise,,
10/02/2024,10/02/2024,2.49,Debit,Debit,Debit,,,,,Apple,Electronics,,
10/02/2024,10/02/2024,84.79,Debit,Debit,Debit,,,,,Amazon,General Merchandise,,
10/02/2024,10/02/2024,161.36,Debit,Debit,Debit,,,,,Anne Arundel County Board,Online Services,,
10/02/2024,10/02/2024,100.00,Debit,Debit,Debit,,,,,Transfer to Checking TRF TO OTHER,Transfers,,
10/02/2024,10/02/2024,80.00,Debit,Debit,Debit,,,,,Transfer to Checking TRF TO OTHER,Transfers,,
10/02/2024,10/02/2024,200.00,Debit,Debit,Debit,,,,,Transfer to Shares TRF TO OTHER,Transfers,,
10/01/2024,10/01/2024,6.03,Debit,Debit,Debit,,,,,Rise Up Coffee,Restaurants/Dining,,
10/01/2024,10/01/2024,266.00,Debit,Debit,Debit,,,,,Payment to Baltimore Gas and Electric Company,Utilities,,
10/01/2024,10/01/2024,99.17,Debit,Debit,Debit,,,,,Giant Food,Groceries,,
10/01/2024,10/01/2024,1.49,Debit,Debit,Debit,,,,,Dunkin' Donuts,Restaurants/Dining,,
10/01/2024,10/01/2024,1000.00,Debit,Debit,Debit,,,,,Payment to Apple Card,Credit Card Payments,,
10/01/2024,10/01/2024,175.00,Debit,Debit,Debit,,,,,Payment to Chase,Credit Card Payments,,
10/01/2024,10/01/2024,28.85,Debit,Debit,Debit,,,,,Sheetz,Groceries,,
09/30/2024,09/30/2024,117.36,Debit,Debit,Debit,,,,,- Visa Check Card XX78 - BATH WATER BREWPUB BERKELEY S CLAUDAYA C STEPHAN TRANSACTION,Restaurants/Dining,,
09/30/2024,09/30/2024,64.40,Debit,Debit,Debit,,,,,- Visa Check Card XX78 - CHARLOTTES CAFE BERKELEY SPRI CLAUDAYA C STEPHAN TRANSACTION,Restaurants/Dining,,
09/30/2024,09/30/2024,186.45,Debit,Debit,Debit,,,,,Ace Hardware,Home Improvement,,
09/30/2024,09/30/2024,43.46,Debit,Debit,Debit,,,,,POS Debit - Visa Check Card 8678 - SQ IRIDESCENT JEL BERKELEY S CLAUDAYA C STEPHAN POS TRANSACTION,Checks,,
09/30/2024,09/30/2024,1.06,Debit,Debit,Debit,,,,,POS Debit - Visa Check Card 4581 - SQ IRIDESCENT JEL BERKELEY S CHARLES R STEPHAN POS TRANSACTION,Checks,,
09/30/2024,09/30/2024,27.83,Debit,Debit,Debit,,,,,Athleta,Clothing/Shoes,,
09/30/2024,09/30/2024,55.63,Debit,Debit,Debit,,,,,Athleta,Clothing/Shoes,,
09/30/2024,09/30/2024,62.54,Debit,Debit,Debit,,,,,Athleta,Clothing/Shoes,,
09/30/2024,09/30/2024,11.72,Debit,Debit,Debit,,,,,McDonald's,Restaurants/Dining,,
09/30/2024,09/30/2024,93.18,Debit,Debit,Debit,,,,,Food Lion,Groceries,,
09/30/2024,09/30/2024,241.28,Debit,Debit,Debit,,,,,Transfer to Shares TRF TO OTHER,Transfers,,
09/30/2024,09/30/2024,88.12,Debit,Debit,Debit,,,,,- CITIZENS PAY LINE OF CR XX7148,Loans,,
09/30/2024,09/30/2024,1.47,Credit,Credit,Credit,,,,,Dividend (GT20)DIVIDEND,Investment Income,,
09/30/2024,09/30/2024,525.00,Debit,Debit,Debit,,,,,Transfer to Credit Card TRF TO OTHER,Transfers,,
09/30/2024,09/30/2024,126.46,Debit,Debit,Debit,,,,,Food Lion,Groceries,,
09/27/2024,09/27/2024,16.69,Debit,Debit,Debit,,,,,Pizza Boli's,Restaurants/Dining,,
09/27/2024,09/27/2024,29.85,Debit,Debit,Debit,,,,,Sam's Club,General Merchandise,,
09/27/2024,09/27/2024,5228.43,Credit,Credit,Credit,,,,,Microsoft Office Deposit,Deposits,,
09/27/2024,09/27/2024,20.13,Debit,Debit,Debit,,,,,Ledo Pizza,Restaurants/Dining,,
09/26/2024,09/26/2024,1751.26,Credit,Credit,Credit,,,,,Deposit - HENRY M JACKSON HENRY M JACKSON DEPOSIT,Deposits,,
09/26/2024,09/26/2024,10.15,Debit,Debit,Debit,,,,,Shell,Gasoline/Fuel,,
09/25/2024,09/25/2024,100.00,Credit,Credit,Credit,,,,,Transfer from Shares TFR FR OTHER,Transfers,,
09/25/2024,09/25/2024,30.00,Credit,Credit,Credit,,,,,Transfer from Zelle,Transfers,,
09/24/2024,09/24/2024,52.87,Debit,Debit,Debit,,,,,El Salto,Restaurants/Dining,,
09/24/2024,09/24/2024,63.00,Debit,Debit,Debit,,,,,- Visa Check Card XX81 - TST BARCA PIER ALEXANDRIA VA CHARLES R STEPHAN TRANSACTION,Restaurants/Dining,,
09/24/2024,09/24/2024,34.54,Debit,Debit,Debit,,,,,ALDI,Groceries,,
09/24/2024,09/24/2024,161.75,Credit,Credit,Credit,,,,,Transfer from Shares TRF FR OTHER,Transfers,,
09/24/2024,09/24/2024,537.47,Debit,Debit,Debit,,,,,Payment to Best Egg,Loans,,
09/24/2024,09/24/2024,24.86,Debit,Debit,Debit,,,,,Giant Food,Groceries,,
09/24/2024,09/24/2024,202.86,Debit,Debit,Debit,,,,,Payment to Liberty Mutual,Insurance,,
09/24/2024,09/24/2024,6.35,Debit,Debit,Debit,,,,,Giant Food,Groceries,,
09/23/2024,09/23/2024,2.00,Debit,Debit,Debit,,,,,Elite Sfn,Personal Care,,
09/23/2024,09/23/2024,20.65,Debit,Debit,Debit,,,,,- Visa Check Card XX81 - GAMESANDSTUFF COM XX4581 CHARLES R STEPHAN TRANSACTION,Entertainment,,
09/23/2024,09/23/2024,15.00,Debit,Debit,Debit,,,,,Hb Parking,Travel,,
09/23/2024,09/23/2024,76.44,Debit,Debit,Debit,,,,,Outback Steakhouse,Restaurants/Dining,,
09/23/2024,09/23/2024,6.45,Debit,Debit,Debit,,,,,ParkMobile,Travel,,
09/23/2024,09/23/2024,179.80,Debit,Debit,Debit,,,,,Airbnb,Travel,,
09/23/2024,09/23/2024,7.41,Debit,Debit,Debit,,,,,Netflix,Entertainment,,
09/23/2024,09/23/2024,78.00,Debit,Debit,Debit,,,,,- Visa Check Card XX78 - MERRIWEATHER LAKEH XX8678 CLAUDAYA C STEPHAN TRANSACTION,Restaurants/Dining,,
09/23/2024,09/23/2024,150.00,Credit,Credit,Credit,,,,,Transfer from Shares TFR FR OTHER,Transfers,,
09/19/2024,09/19/2024,25.00,Debit,Debit,Debit,,,,,Orangetheory Fitness,Personal Care,,
09/19/2024,09/19/2024,7.99,Debit,Debit,Debit,,,,,Apple,Electronics,,
09/19/2024,09/19/2024,8.69,Debit,Debit,Debit,,,,,Uber Bagels,Restaurants/Dining,,
09/19/2024,09/19/2024,10.59,Debit,Debit,Debit,,,,,Uber Bagels,Restaurants/Dining,,
09/19/2024,09/19/2024,7.41,Debit,Debit,Debit,,,,,Steam,Entertainment,,
09/19/2024,09/19/2024,81.00,Debit,Debit,Debit,,,,,Amtrak,Travel,,
09/19/2024,09/19/2024,8.89,Debit,Debit,Debit,,,,,Taco Bell,Restaurants/Dining,,
09/18/2024,09/18/2024,14.00,Debit,Debit,Debit,,,,,Orangetheory Fitness,Personal Care,,
09/18/2024,09/18/2024,98.13,Debit,Debit,Debit,,,,,Wegmans,Groceries,,
09/18/2024,09/18/2024,25.00,Debit,Debit,Debit,,,,,Marriott International,Travel,,
09/18/2024,09/18/2024,172.00,Debit,Debit,Debit,,,,,Amtrak,Travel,,
09/18/2024,09/18/2024,450.00,Credit,Credit,Credit,,,,,Wex Health Deposit,Deposits,,
09/18/2024,09/18/2024,7.72,Debit,Debit,Debit,,,,,Dunkin' Donuts,Restaurants/Dining,,
09/18/2024,09/18/2024,500.00,Credit,Credit,Credit,,,,,Transfer from Shares TFR FR OTHER,Transfers,,
09/18/2024,09/18/2024,100.00,Credit,Credit,Credit,,,,,Transfer from Zelle,Transfers,,
09/18/2024,09/18/2024,5.00,Debit,Debit,Debit,,,,,- Visa Check Card XX14 - WANDERU WANDERU CO HTTPS WWW CHARLES R STEPHAN TRANSACTION,Clothing/Shoes,,
09/17/2024,09/17/2024,8.48,Debit,Debit,Debit,,,,,Charm City Run,Clothing/Shoes,,
09/17/2024,09/17/2024,278.77,Debit,Debit,Debit,,,,,Charm City Run,Clothing/Shoes,,
09/17/2024,09/17/2024,294.00,Debit,Debit,Debit,,,,,Payment to Capital One,Credit Card Payments,,
09/17/2024,09/17/2024,110.94,Credit,Credit,Credit,,,,,Transfer from Shares TRF FR OTHER,Transfers,,
09/17/2024,09/17/2024,35.21,Debit,Debit,Debit,,,,,Royal Farms,Groceries,,
09/17/2024,09/17/2024,100.88,Debit,Debit,Debit,,,,,Payment to Educational Computer Systems,Loans,,
09/17/2024,09/17/2024,3500.00,Debit,Debit,Debit,,,,,Payment to Capital One,Credit Card Payments,,
09/17/2024,09/17/2024,25.00,Debit,Debit,Debit,,,,,Transfer to Apple Cash,Transfers,,
09/17/2024,09/17/2024,900.00,Debit,Debit,Debit,,,,,Toyota,Automotive Expenses,,
09/16/2024,09/16/2024,10.65,Debit,Debit,Debit,,,,,Premium Parking,Travel,,
09/16/2024,09/16/2024,8.65,Debit,Debit,Debit,,,,,Premium Parking,Travel,,
09/16/2024,09/16/2024,30.00,Debit,Debit,Debit,,,,,- Visa Check Card XX81 - NEBULA SUBSCRIPTIO HTTPSNEBUL CHARLES R STEPHAN TRANSACTION,Dues and Subscriptions,,
09/16/2024,09/16/2024,49.55,Debit,Debit,Debit,,,,,- Visa Check Card XX78 - FORTUNE COOKY HTTPSWWW FORTMD CLAUDAYA C STEPHAN TRANSACTION,Restaurants/Dining,,
09/16/2024,09/16/2024,40.00,Debit,Debit,Debit,,,,,- Visa Check Card XX14 - GAMESANDSTUFF COM HTTPSWWW GA CHARLES R STEPHAN TRANSACTION,Entertainment,,
09/16/2024,09/16/2024,51.43,Debit,Debit,Debit,,,,,- Visa Check Card XX81 - TST DIVE BAR AND G XX4581 CHARLES R STEPHAN TRANSACTION,Restaurants/Dining,,
09/16/2024,09/16/2024,12.71,Debit,Debit,Debit,,,,,Amazon Kindle,Hobbies,,
09/16/2024,09/16/2024,47.00,Debit,Debit,Debit,,,,,- Visa Check Card XX81 - TST MILK AND HONE COLLEGE PA CHARLES R STEPHAN TRANSACTION,Restaurants/Dining,,
09/16/2024,09/16/2024,27.20,Debit,Debit,Debit,,,,,Roggenart,Restaurants/Dining,,
09/16/2024,09/16/2024,45.00,Debit,Debit,Debit,,,,,- Visa Check Card XX81 - TST BYGONE BALTIMORE MD CHARLES R STEPHAN TRANSACTION,Restaurants/Dining,,
09/16/2024,09/16/2024,382.05,Debit,Debit,Debit,,,,,- Visa Check Card XX81 - TST BYGONE BALTIMORE MD CHARLES R STEPHAN TRANSACTION,Restaurants/Dining,,
09/16/2024,09/16/2024,61.79,Debit,Debit,Debit,,,,,- Visa Check Card XX78 - AMAZON MKTPL 2J3PM AMZN COM B CLAUDAYA C STEPHAN TRANSACTION,General Merchandise,,
09/16/2024,09/16/2024,129.73,Debit,Debit,Debit,,,,,Amazon,General Merchandise,,
09/16/2024,09/16/2024,97.69,Debit,Debit,Debit,,,,,The Grill,Restaurants/Dining,,
09/16/2024,09/16/2024,11983.76,Debit,Debit,Debit,,,,,Payment to Discover Bank,Credit Card Payments,,
09/16/2024,09/16/2024,1338.03,Debit,Debit,Debit,,,,,Payment to Best Egg,Loans,,
09/16/2024,09/16/2024,39.39,Debit,Debit,Debit,,,,,Giant Food,Groceries,,
09/16/2024,09/16/2024,540.17,Debit,Debit,Debit,,,,,Tax Payment to IRS,Taxes,,
09/16/2024,09/16/2024,250.00,Debit,Debit,Debit,,,,,Transfer to Venmo,Transfers,,
09/16/2024,09/16/2024,111.90,Debit,Debit,Debit,,,,,Red Brick Station,Restaurants/Dining,,
09/16/2024,09/16/2024,616.54,Debit,Debit,Debit,,,,,Payment to New York Life Insurance,Insurance,,
09/16/2024,09/16/2024,11.76,Debit,Debit,Debit,,,,,Payment to Discover Bank,Credit Card Payments,,
09/16/2024,09/15/2024,1000.00,Debit,Debit,Debit,,,,,Transfer to Shares TRF TO OTHER,Transfers,,
09/16/2024,09/16/2024,39.50,Debit,Debit,Debit,,,,,ALDI,Groceries,,
09/16/2024,09/16/2024,32.10,Debit,Debit,Debit,,,,,Shell,Gasoline/Fuel,,
09/16/2024,09/16/2024,50.00,Debit,Debit,Debit,,,,,Transfer to Zelle,Transfers,,
09/16/2024,09/16/2024,400.00,Credit,Credit,Credit,,,,,Wex Health Deposit,Deposits,,
09/16/2024,09/16/2024,75.00,Debit,Debit,Debit,,,,,Transfer to Apple Cash,Transfers,,
09/16/2024,09/16/2024,151.96,Debit,Debit,Debit,,,,,Target,General Merchandise,,
09/13/2024,09/13/2024,100.00,Debit,Debit,Debit,,,,,- Visa Check Card XX78 - T BAKER BEAUTY BA WWW TASHAS CLAUDAYA C STEPHAN TRANSACTION,Restaurants/Dining,,
09/13/2024,09/13/2024,137.80,Debit,Debit,Debit,,,,,- Visa Check Card XX78 - SQ THE POTTERY ST GOSQ COM M CLAUDAYA C STEPHAN TRANSACTION,Online Services,,
09/13/2024,09/13/2024,400.00,Debit,Debit,Debit,,,,,Transfer to Credit Card TRF TO OTHER,Transfers,,
09/13/2024,09/13/2024,425.00,Debit,Debit,Debit,,,,,Payment to Chase,Credit Card Payments,,
09/13/2024,09/13/2024,11.44,Debit,Debit,Debit,,,,,Chick-fil-A,Restaurants/Dining,,
09/13/2024,09/13/2024,121.86,Debit,Debit,Debit,,,,,Harris Teeter,Groceries,,
09/13/2024,09/13/2024,100.00,Debit,Debit,Debit,,,,,Transfer to Checking TRF TO OTHER,Transfers,,
09/13/2024,09/13/2024,39.20,Debit,Debit,Debit,,,,,Target,General Merchandise,,
09/13/2024,09/13/2024,80.09,Debit,Debit,Debit,,,,,Target,General Merchandise,,
09/13/2024,09/13/2024,400.00,Debit,Debit,Debit,,,,,- Claudaya Hood Be ACH XX3572,Home Improvement,,
09/12/2024,09/12/2024,25.00,Credit,Credit,Credit,,,,,Transfer from Zelle,Transfers,,
09/12/2024,09/12/2024,7.95,Debit,Debit,Debit,,,,,Rise Up Coffee,Restaurants/Dining,,
09/12/2024,09/12/2024,14.00,Debit,Debit,Debit,,,,,Bmore Licks,Restaurants/Dining,,
09/12/2024,09/12/2024,5.77,Debit,Debit,Debit,,,,,Giant Food,Groceries,,
09/12/2024,09/12/2024,1751.25,Credit,Credit,Credit,,,,,Deposit - HENRY M JACKSON HENRY M JACKSON DEPOSIT,Deposits,,
09/12/2024,09/12/2024,36.18,Debit,Debit,Debit,,,,,Sam's Club,General Merchandise,,
09/12/2024,09/12/2024,89.99,Debit,Debit,Debit,,,,,Payment to Verizon,Telephone Services,,
09/12/2024,09/12/2024,17149.26,Credit,Credit,Credit,,,,,Microsoft Office Deposit,Deposits,,
09/12/2024,09/12/2024,4800.00,Credit,Credit,Credit,,,,,Transfer from Shares TFR FR OTHER,Transfers,,
09/12/2024,09/12/2024,35.00,Debit,Debit,Debit,,,,,Transfer to Apple Cash,Transfers,,
09/12/2024,09/12/2024,13.46,Debit,Debit,Debit,,,,,Target,General Merchandise,,
09/11/2024,09/11/2024,11.93,Debit,Debit,Debit,,,,,- Visa Check Card XX14 - UEP FORTUNE COOKY GLEN BURNIE CHARLES R STEPHAN TRANSACTION,Service Charges/Fees,,
09/11/2024,09/11/2024,8.95,Debit,Debit,Debit,,,,,Rise Up Coffee,Restaurants/Dining,,
09/11/2024,09/11/2024,4.93,Debit,Debit,Debit,,,,,Uber Bagels,Restaurants/Dining,,
09/11/2024,09/11/2024,34.65,Debit,Debit,Debit,,,,,Target,General Merchandise,,
09/11/2024,09/11/2024,103.24,Debit,Debit,Debit,,,,,Target,General Merchandise,,
09/10/2024,09/10/2024,10.31,Debit,Debit,Debit,,,,,Naval Bagels,Restaurants/Dining,,
09/09/2024,09/06/2024,31.79,Credit,Credit,Credit,,,,,Target,General Merchandise,,
09/09/2024,09/09/2024,15.34,Debit,Debit,Debit,,,,,"Bruster's Ice Cream, Inc",Restaurants/Dining,,
09/09/2024,09/09/2024,8.00,Debit,Debit,Debit,,,,,- Visa Check Card XX78 - TST SCITTINOS ITAL CATONSVILL CLAUDAYA C STEPHAN TRANSACTION,Restaurants/Dining,,
09/09/2024,09/09/2024,46.00,Debit,Debit,Debit,,,,,- Visa Check Card XX78 - TST SCITTINOS ITAL XX8678 CLAUDAYA C STEPHAN TRANSACTION,Restaurants/Dining,,
09/09/2024,09/09/2024,88.37,Debit,Debit,Debit,,,,,- Visa Check Card XX78 - TST DIVE BAR AND G SAVAGE MD CLAUDAYA C STEPHAN TRANSACTION,Restaurants/Dining,,
09/09/2024,09/09/2024,62.14,Debit,Debit,Debit,,,,,Giant Food,Groceries,,
09/09/2024,09/09/2024,129.07,Debit,Debit,Debit,,,,,Lowe's,Home Improvement,,
09/09/2024,09/09/2024,19.61,Debit,Debit,Debit,,,,,- Visa Check Card XX78 - OAKDALE WINE AND S CATONSVILL CLAUDAYA C STEPHAN TRANSACTION,Groceries,,
09/09/2024,09/09/2024,23.97,Debit,Debit,Debit,,,,,Target,General Merchandise,,
09/06/2024,09/06/2024,199.00,Debit,Debit,Debit,,,,,Orangetheory Fitness,Personal Care,,
09/05/2024,09/05/2024,26.00,Debit,Debit,Debit,,,,,- Visa Check Card XX14 - THE SENATOR THEATR XX6114 CHARLES R STEPHAN TRANSACTION,Entertainment,,
09/05/2024,09/05/2024,35.99,Debit,Debit,Debit,,,,,LA Fitness,Personal Care,,
09/05/2024,09/05/2024,60.00,Credit,Credit,Credit,,,,,Transfer from Checking TFR FR OTHER,Transfers,,
09/05/2024,09/05/2024,200.30,Debit,Debit,Debit,,,,,Payment to AT&T,Telephone Services,,
09/05/2024,09/05/2024,44.05,Debit,Debit,Debit,,,,,Target,General Merchandise,,
09/05/2024,09/05/2024,12.62,Debit,Debit,Debit,,,,,Target,General Merchandise,,
09/04/2024,09/04/2024,61.92,Debit,Debit,Debit,,,,,Akira,Clothing/Shoes,,
09/04/2024,09/04/2024,150.00,Debit,Debit,Debit,,,,,Transfer to Zelle,Transfers,,
09/04/2024,09/04/2024,72.15,Debit,Debit,Debit,,,,,- Visa Check Card XX78 - GREEN VALLEY MARKETPLA PASADE CLAUDAYA C STEPHAN TRANSACTION,General Merchandise,,
09/03/2024,09/03/2024,579.16,Debit,Debit,Debit,,,,,- Visa Check Card XX14 - SHENANDOAH PM WWW SHENANDOAWV CHARLES R STEPHAN TRANSACTION,Clothing/Shoes,,
09/03/2024,09/03/2024,155.00,Debit,Debit,Debit,,,,,Elite Sfn,Personal Care,,
09/03/2024,09/03/2024,31.08,Debit,Debit,Debit,,,,,- Visa Check Card XX78 - BRAVELITTLELAMB HTTPSBRAVELIT CLAUDAYA C STEPHAN TRANSACTION,Travel,,
09/03/2024,09/03/2024,86.87,Debit,Debit,Debit,,,,,- Visa Check Card XX14 - GAMESANDSTUFF COM XX6114 CHARLES R STEPHAN TRANSACTION,Entertainment,,
09/03/2024,09/03/2024,41.08,Debit,Debit,Debit,,,,,Sam's Club,General Merchandise,,
09/03/2024,09/03/2024,46.64,Debit,Debit,Debit,,,,,Peloton Cycles,Personal Care,,
09/03/2024,09/03/2024,18.81,Debit,Debit,Debit,,,,,- Visa Check Card XX78 - TST PITANGO BAKERY BALTIMORE CLAUDAYA C STEPHAN TRANSACTION,Restaurants/Dining,,
09/03/2024,09/03/2024,59.00,Debit,Debit,Debit,,,,,- Visa Check Card XX78 - TST PITANGO BAKERY BALTIMORE CLAUDAYA C STEPHAN TRANSACTION,Restaurants/Dining,,
09/03/2024,09/03/2024,55.00,Debit,Debit,Debit,,,,,Transfer to Checking TRF TO OTHER,Transfers,,
09/03/2024,09/03/2024,2.49,Debit,Debit,Debit,,,,,Apple,Electronics,,
09/03/2024,09/03/2024,1.48,Debit,Debit,Debit,,,,,- Visa Check Card XX78 - TST PITANGO BAKERY BALTIMORE CLAUDAYA C STEPHAN TRANSACTION,Restaurants/Dining,,
09/03/2024,09/03/2024,37.89,Debit,Debit,Debit,,,,,- Visa Check Card XX78 - TST PITANGO BAKERY BALTIMORE CLAUDAYA C STEPHAN TRANSACTION,Restaurants/Dining,,
09/03/2024,09/03/2024,42.39,Credit,Credit,Credit,,,,,Target,General Merchandise,,
09/03/2024,09/03/2024,63.59,Debit,Debit,Debit,,,,,Amazon Marketplace,General Merchandise,,
09/03/2024,09/03/2024,44.14,Debit,Debit,Debit,,,,,- Visa Check Card XX14 - TST DIVE BAR AND G SAVAGE MD CHARLES R STEPHAN TRANSACTION,Restaurants/Dining,,
09/03/2024,09/03/2024,59.52,Debit,Debit,Debit,,,,,- Visa Check Card XX78 - TST MIKES CRAB HOU RIVA MD CLAUDAYA C STEPHAN TRANSACTION,Restaurants/Dining,,
09/03/2024,09/03/2024,28.35,Debit,Debit,Debit,,,,,Sam's Club,General Merchandise,,
09/03/2024,09/03/2024,12.20,Debit,Debit,Debit,,,,,ALDI,Groceries,,
09/03/2024,09/03/2024,55.15,Credit,Credit,Credit,,,,,Adjustment - GETAWAY XX-0021 NY GETAWAY XX-0021 NY ADJUSTMENT - CR,Refunds/Adjustments,,
09/03/2024,09/03/2024,1.69,Debit,Debit,Debit,,,,,Parking Authority-baltimore,Travel,,
09/03/2024,09/03/2024,125.91,Debit,Debit,Debit,,,,,Sam's Club,General Merchandise,,
09/03/2024,09/03/2024,400.00,Debit,Debit,Debit,,,,,Payment to Apple Card,Credit Card Payments,,
09/03/2024,08/31/2024,87.00,Credit,Credit,Credit,,,,,Transfer from Checking TFR FR OTHER,Transfers,,
09/03/2024,09/03/2024,125.00,Debit,Debit,Debit,,,,,Payment to Chase,Credit Card Payments,,
09/03/2024,09/03/2024,17.79,Debit,Debit,Debit,,,,,Target,General Merchandise,,
09/03/2024,08/31/2024,525.00,Debit,Debit,Debit,,,,,Transfer to Credit Card TRF TO OTHER,Transfers,,
09/03/2024,09/03/2024,2107.66,Debit,Debit,Debit,,,,,Jpmorgan Chase Bank,Online Services,,
08/30/2024,08/30/2024,40.49,Debit,Debit,Debit,,,,,- Visa Check Card XX14 - FORTUNE COOKY HTTPSWWW FORTMD CHARLES R STEPHAN TRANSACTION,Restaurants/Dining,,
08/30/2024,08/30/2024,30.00,Debit,Debit,Debit,,,,,Transfer to Checking TRF TO OTHER,Transfers,,
08/30/2024,08/30/2024,40.01,Debit,Debit,Debit,,,,,Transfer to Checking TRF TO OTHER,Transfers,,
08/30/2024,08/30/2024,500.00,Debit,Debit,Debit,,,,,- Claudaya Hood Be ACH XX3572,Home Improvement,,
08/30/2024,08/30/2024,252.87,Debit,Debit,Debit,,,,,Payment to Baltimore Gas and Electric Company,Utilities,,
08/30/2024,08/31/2024,0.90,Credit,Credit,Credit,,,,,Dividend (GT20)DIVIDEND,Investment Income,,
08/30/2024,08/30/2024,137.39,Debit,Debit,Debit,,,,,Transfer to Shares TRF TO OTHER,Transfers,,
08/30/2024,08/30/2024,65.00,Debit,Debit,Debit,,,,,Transfer to Checking TRF TO OTHER,Transfers,,
08/30/2024,08/30/2024,100.00,Debit,Debit,Debit,,,,,Transfer to Checking TRF TO OTHER,Transfers,,
08/30/2024,08/30/2024,65.00,Debit,Debit,Debit,,,,,Transfer to Checking TRF TO OTHER,Transfers,,
08/29/2024,08/29/2024,5.83,Debit,Debit,Debit,,,,,Rise Up Coffee,Restaurants/Dining,,
08/29/2024,08/29/2024,1751.26,Credit,Credit,Credit,,,,,Deposit - HENRY M JACKSON HENRY M JACKSON DEPOSIT,Deposits,,
08/29/2024,08/29/2024,5362.19,Credit,Credit,Credit,,,,,Microsoft Office Deposit,Deposits,,
08/29/2024,08/29/2024,94.87,Debit,Debit,Debit,,,,,Zazzle,General Merchandise,,
08/29/2024,08/29/2024,60.59,Debit,Debit,Debit,,,,,Pizza Boli's,Restaurants/Dining,,
08/28/2024,08/28/2024,100.00,Credit,Credit,Credit,,,,,Transfer from Zelle,Transfers,,
08/28/2024,08/28/2024,88.12,Debit,Debit,Debit,,,,,Payment to Citizens Pay,Loans,,
08/27/2024,08/27/2024,500.00,Credit,Credit,Credit,,,,,ATM Deposit - FCV9 CROFTON MD DEPOSIT,Deposits,,
08/27/2024,08/27/2024,101.46,Debit,Debit,Debit,,,,,Walmart,General Merchandise,,
08/26/2024,08/26/2024,39.10,Debit,Debit,Debit,,,,,Sam's Club,General Merchandise,,
08/26/2024,08/26/2024,51.87,Debit,Debit,Debit,,,,,Target,General Merchandise,,
08/26/2024,08/26/2024,89.52,Debit,Debit,Debit,,,,,Sam's Club,General Merchandise,,
08/26/2024,08/26/2024,21.37,Debit,Debit,Debit,,,,,ALDI,Groceries,,
08/26/2024,08/26/2024,4.79,Debit,Debit,Debit,,,,,Food Lion,Groceries,,
08/26/2024,08/26/2024,5.67,Debit,Debit,Debit,,,,,Sam's Club,General Merchandise,,
08/26/2024,08/26/2024,20.57,Debit,Debit,Debit,,,,,Jalapeno,Restaurants/Dining,,
08/26/2024,08/26/2024,10.91,Debit,Debit,Debit,,,,,Giant Food,Groceries,,
08/23/2024,08/23/2024,14.00,Debit,Debit,Debit,,,,,Orangetheory Fitness,Personal Care,,
08/23/2024,08/23/2024,7.41,Debit,Debit,Debit,,,,,Netflix,Entertainment,,
08/23/2024,08/23/2024,200.00,Debit,Debit,Debit,,,,,- Visa Check Card XX14 - DC GOV T XX6114 CHARLES R STEPHAN TRANSACTION,Cable/Satellite Services,,
08/23/2024,08/23/2024,40.00,Debit,Debit,Debit,,,,,Roggenart,Restaurants/Dining,,
08/23/2024,08/23/2024,115.00,Debit,Debit,Debit,,,,,- Visa Check Card XX14 - TST THE ALE HOUSE COLUMBIA MD CHARLES R STEPHAN TRANSACTION,Restaurants/Dining,,
08/23/2024,08/23/2024,537.47,Debit,Debit,Debit,,,,,Payment to Best Egg,Loans,,
08/23/2024,08/23/2024,25.37,Debit,Debit,Debit,,,,,Giant Food,Groceries,,
08/22/2024,08/22/2024,89.04,Debit,Debit,Debit,,,,,- Visa Check Card XX14 - SOLLYBABY CO HTTPSSOLLYBABCA CHARLES R STEPHAN TRANSACTION,Clothing/Shoes,,
08/22/2024,08/22/2024,202.86,Debit,Debit,Debit,,,,,Payment to Liberty Mutual,Insurance,,
08/21/2024,08/21/2024,33.63,Credit,Credit,Credit,,,,,Transfer from Checking TFR FR OTHER,Transfers,,
08/21/2024,08/21/2024,74.18,Debit,Debit,Debit,,,,,Target,General Merchandise,,
08/21/2024,08/21/2024,30.55,Debit,Debit,Debit,,,,,Giant Food,Groceries,,
08/21/2024,08/21/2024,32.84,Debit,Debit,Debit,,,,,Edible Arrangements,Gifts,,
08/21/2024,08/21/2024,33.63,Debit,Debit,Debit,,,,,Xbox,Entertainment,,
08/20/2024,08/20/2024,7.17,Debit,Debit,Debit,,,,,- Visa Check Card XX14 - AMAZON MARK R49B7 HTTPSAMAZO CHARLES R STEPHAN TRANSACTION,General Merchandise,,
08/19/2024,08/19/2024,35.00,Debit,Debit,Debit,,,,,- Visa Check Card XX14 - GLOSS LOLA ROSA - HTTPSLOLAR CHARLES R STEPHAN TRANSACTION,Clothing/Shoes,,
08/19/2024,08/19/2024,12.00,Debit,Debit,Debit,,,,,- Visa Check Card XX78 - UMB PLAZA GARAGE BALTIMORE MD CLAUDAYA C STEPHAN TRANSACTION,Automotive Expenses,,
08/19/2024,08/19/2024,12.00,Debit,Debit,Debit,,,,,- Visa Check Card XX78 - UMB PLAZA GARAGE BALTIMORE MD CLAUDAYA C STEPHAN TRANSACTION,Automotive Expenses,,
08/19/2024,08/19/2024,47.73,Debit,Debit,Debit,,,,,Papa John's Pizza,Restaurants/Dining,,
08/19/2024,08/19/2024,3.98,Debit,Debit,Debit,,,,,Dollar Tree,General Merchandise,,
08/19/2024,08/19/2024,70.00,Debit,Debit,Debit,,,,,- Visa Check Card XX78 - TST BEST WINGS N P GLEN BURNI CLAUDAYA C STEPHAN TRANSACTION,Restaurants/Dining,,
08/19/2024,08/19/2024,7.99,Debit,Debit,Debit,,,,,Apple,Electronics,,
08/19/2024,08/19/2024,12.06,Debit,Debit,Debit,,,,,Subway,Restaurants/Dining,,
08/19/2024,08/19/2024,17.00,Debit,Debit,Debit,,,,,- Visa Check Card XX78 - SQ CLARK S ELIOAK ELLICOTT C CLAUDAYA C STEPHAN TRANSACTION,Restaurants/Dining,,
08/19/2024,08/19/2024,27.31,Debit,Debit,Debit,,,,,- Visa Check Card XX14 - TST SOUTHERN BLUES XX6114 CHARLES R STEPHAN TRANSACTION,Restaurants/Dining,,
08/19/2024,08/19/2024,173.26,Debit,Debit,Debit,,,,,Target,General Merchandise,,
08/19/2024,08/19/2024,21.48,Debit,Debit,Debit,,,,,Giant Food,Groceries,,
08/19/2024,08/17/2024,4.00,Credit,Credit,Credit,,,,,Transfer from Checking TFR FR OTHER,Transfers,,
08/19/2024,08/19/2024,400.00,Debit,Debit,Debit,,,,,Payment to Chase,Credit Card Payments,,
08/19/2024,08/19/2024,7.00,Debit,Debit,Debit,,,,,- Visa Check Card XX14 - AA COUNTY LANDFILL SEVERN MD CHARLES R STEPHAN TRANSACTION,Online Services,,
08/19/2024,08/19/2024,33.00,Debit,Debit,Debit,,,,,- Visa Check Card XX14 - AA COUNTY LANDFILL SEVERN MD CHARLES R STEPHAN TRANSACTION,Online Services,,
08/19/2024,08/19/2024,13.32,Debit,Debit,Debit,,,,,Dunkin' Donuts,Restaurants/Dining,,
08/19/2024,08/19/2024,6.14,Debit,Debit,Debit,,,,,Giant Food,Groceries,,
08/19/2024,08/19/2024,152.64,Debit,Debit,Debit,,,,,Grammarly's,Restaurants/Dining,,
08/19/2024,08/17/2024,13.50,Credit,Credit,Credit,,,,,Transfer from Checking TFR FR OTHER,Transfers,,
08/19/2024,08/19/2024,281.00,Debit,Debit,Debit,,,,,Payment to Capital One,Credit Card Payments,,
08/19/2024,08/19/2024,15.00,Debit,Debit,Debit,,,,,Target,General Merchandise,,
08/19/2024,08/19/2024,18.81,Debit,Debit,Debit,,,,,Target,General Merchandise,,
08/16/2024,08/16/2024,900.00,Debit,Debit,Debit,,,,,Toyota,Automotive Expenses,,
08/16/2024,08/16/2024,100.88,Debit,Debit,Debit,,,,,Payment to Educational Computer Systems,Loans,,
08/16/2024,08/16/2024,27.33,Debit,Debit,Debit,,,,,Transfer to Checking TRF TO OTHER,Transfers,,
08/16/2024,08/16/2024,200.00,Debit,Debit,Debit,,,,,Transfer to Shares TRF TO OTHER,Transfers,,
08/16/2024,08/16/2024,326.00,Debit,Debit,Debit,,,,,Payment to Discover Bank,Credit Card Payments,,
08/16/2024,08/16/2024,616.54,Debit,Debit,Debit,,,,,Payment to New York Life Insurance,Insurance,,
08/15/2024,08/15/2024,12.16,Debit,Debit,Debit,,,,,Subway,Restaurants/Dining,,
08/15/2024,08/15/2024,46.64,Debit,Debit,Debit,,,,,Target,General Merchandise,,
08/15/2024,08/15/2024,400.00,Debit,Debit,Debit,,,,,Transfer to Credit Card TRF TO OTHER,Transfers,,
08/15/2024,08/15/2024,12.77,Debit,Debit,Debit,,,,,The Great Cookie,Restaurants/Dining,,
08/15/2024,08/15/2024,1751.26,Credit,Credit,Credit,,,,,Deposit - HENRY M JACKSON HENRY M JACKSON DEPOSIT,Deposits,,
08/15/2024,08/15/2024,67.79,Debit,Debit,Debit,,,,,Wockenfuss Candies,Groceries,,
08/14/2024,08/14/2024,12.71,Debit,Debit,Debit,,,,,- Visa Check Card XX14 - KINDLE UNLTD RU3GXX6114 CHARLES R STEPHAN TRANSACTION,Entertainment,,
08/14/2024,08/14/2024,1338.03,Debit,Debit,Debit,,,,,Payment to Best Egg,Loans,,
08/14/2024,08/14/2024,4524.85,Credit,Credit,Credit,,,,,Microsoft Office Deposit,Deposits,,
08/13/2024,08/13/2024,150.00,Debit,Debit,Debit,,,,,Elite Sfn,Personal Care,,
08/13/2024,08/13/2024,43.25,Debit,Debit,Debit,,,,,Sam's Club,General Merchandise,,
08/13/2024,08/13/2024,13.97,Debit,Debit,Debit,,,,,Giant Food,Groceries,,
08/13/2024,08/13/2024,89.99,Debit,Debit,Debit,,,,,Payment to Verizon,Telephone Services,,
08/12/2024,08/12/2024,150.00,Debit,Debit,Debit,,,,,- Visa Check Card XX14 - UNIV OF MD SCH OF XX6114 CHARLES R STEPHAN TRANSACTION,Education,,
08/12/2024,08/12/2024,100.70,Debit,Debit,Debit,,,,,- Visa Check Card XX14 - FRAMEBRIDGE HTTPSWWW FRAMDC CHARLES R STEPHAN TRANSACTION,Healthcare/Medical,,
08/12/2024,08/12/2024,13.07,Debit,Debit,Debit,,,,,- Visa Check Card XX14 - ARUNDEL PRESERVE W HANOVER MD CHARLES R STEPHAN TRANSACTION,Clothing/Shoes,,
08/12/2024,08/12/2024,41.56,Debit,Debit,Debit,,,,,- Visa Check Card XX14 - ARUNDEL PRESERVE W HANOVER MD CHARLES R STEPHAN TRANSACTION,Clothing/Shoes,,
08/12/2024,08/12/2024,97.77,Debit,Debit,Debit,,,,,Giant Food,Groceries,,
08/12/2024,08/12/2024,34.87,Debit,Debit,Debit,,,,,Chaps Pit Beef,Restaurants/Dining,,
08/12/2024,08/12/2024,42.61,Debit,Debit,Debit,,,,,Giant Food,Groceries,,
08/12/2024,08/12/2024,80.00,Debit,Debit,Debit,,,,,- Visa Check Card XX14 - INDEPENDENT AUTO C PASADENA M CHARLES R STEPHAN TRANSACTION,Automotive Expenses,,
08/09/2024,08/08/2024,52.98,Debit,POS,POS,,,,,Rangoli Restaurant,Restaurants/Dining,,
08/09/2024,08/09/2024,52.98,Debit,Debit,Debit,,,,,Rangoli Restaurant,Restaurants/Dining,,
08/08/2024,08/07/2024,55.15,Debit,POS,POS,,,,,DEBIT-DC 6114 GETAWAY XX0021 NY null,Clothing/Shoes,,
08/08/2024,08/06/2024,2.00,Debit,POS,POS,,,,,Parking Authority of Baltimore City,Healthcare/Medical,,
08/07/2024,08/06/2024,300.00,Debit,POS,POS,,,,,DEBIT-DC 6114 VENMO *Claudaya S Visa Direct NY US,Transfers,,
08/07/2024,08/06/2024,158.53,Debit,POS,POS,,,,,DEBIT-DC 6114 ANNEARUNDELCO-UTIL XX-1144 MD null,Utilities,,
08/07/2024,08/07/2024,84.80,Debit,POS,POS,,,,,Lovevery,Child/Dependent Expenses,,
08/07/2024,08/06/2024,82.00,Debit,POS,POS,,,,,DEBIT-DC 6114 STATE HIGHWAY ADMI XX3199 MD null,Insurance,,
08/07/2024,08/06/2024,46.64,Debit,POS,POS,,,,,Peloton Cycles,Personal Care,,
08/07/2024,08/06/2024,39.91,Debit,POS,POS,,,,,ALDI,Groceries,,
08/06/2024,08/05/2024,275.14,Debit,POS,POS,,,,,DEBIT-DC 6114 OTF GAMBRILLS XX7925 MD null,Clothing/Shoes,,
08/06/2024,08/05/2024,96.67,Debit,POS,POS,,,,,Giant Food,Groceries,,
08/06/2024,08/05/2024,78.90,Debit,POS,POS,,,,,ALDI,Groceries,,
08/06/2024,08/05/2024,35.99,Debit,POS,POS,,,,,LA Fitness,Personal Care,,
08/06/2024,08/05/2024,2.74,Debit,POS,POS,,,,,ALDI,Groceries,,
08/05/2024,08/05/2024,2107.66,Debit,ACH Debit,ACH Debit,,,,,JPMorgan,Securities Trades,2100002,
08/05/2024,08/05/2024,2082.41,Debit,ACH Debit,ACH Debit,,,,,Lowe's,Home Improvement,4220268,
08/05/2024,08/05/2024,200.00,Debit,ACH Debit,ACH Debit,,,,,Payment to Chase,Credit Card Payments,2100002,
08/05/2024,08/05/2024,160.00,Debit,Transfer,Transfer,,,,,Transfer To Checking -2740,Transfers,,
08/05/2024,08/05/2024,100.00,Debit,Transfer,Transfer,,,,,Transfer To Checking -5873,Transfers,,
08/05/2024,08/03/2024,200.30,Debit,POS,POS,,,,,Payment to AT&T,Telephone Services,,
08/05/2024,08/03/2024,147.34,Debit,POS,POS,,,,,Payment to Amazon Prime,Dues and Subscriptions,,
08/05/2024,08/03/2024,94.78,Debit,POS,POS,,,,,DEBIT-DC 6114 TST*BEST WINGS N P GLEN BURNIE MD null,Restaurants/Dining,,
08/05/2024,08/02/2024,64.76,Debit,POS,POS,,,,,Sherwin-Williams,Home Maintenance,,
08/05/2024,08/02/2024,47.39,Debit,POS,POS,,,,,Ledo Pizza,Restaurants/Dining,,
08/05/2024,08/04/2024,43.05,Debit,POS,POS,,,,,Giant Food,Groceries,,
08/05/2024,08/03/2024,33.37,Debit,POS,POS,,,,,Sam's Club,General Merchandise,,
08/05/2024,08/02/2024,8.98,Debit,POS,POS,,,,,McDonald's,Restaurants/Dining,,
08/05/2024,08/04/2024,8.96,Debit,POS,POS,,,,,Giant Food,Groceries,,
08/02/2024,08/02/2024,500.00,Debit,Transfer,Transfer,,,,,Transfer To Credit Card -7148,Credit Card Payments,,
08/02/2024,08/01/2024,668.00,Debit,POS,POS,,,,,DEBIT-DC 6114 AACC-CASHIER'S OFF XX-2236 MD null,Clothing/Shoes,,
08/02/2024,08/01/2024,120.00,Debit,POS,POS,,,,,Transfer to Zelle,Transfers,,
08/02/2024,08/01/2024,31.13,Debit,POS,POS,,,,,DEBIT-DC 6114 SEVERN LIQUOR DISCOUNT GLEN BURNIE null US,Groceries,,
08/02/2024,08/01/2024,20.18,Debit,POS,POS,,,,,Giant Food,Groceries,,
08/02/2024,07/31/2024,5.62,Debit,POS,POS,,,,,Burger King,Restaurants/Dining,,
08/02/2024,08/01/2024,2.49,Debit,POS,POS,,,,,Apple,Electronics,,
08/01/2024,08/01/2024,1000.00,Debit,ACH Debit,ACH Debit,,,,,Payment to Apple Card,Credit Card Payments,12408508,
08/01/2024,08/01/2024,616.87,Debit,ACH Debit,ACH Debit,,,,,Payment to US Department Of Education,Loans,4103604,
08/01/2024,08/01/2024,537.47,Debit,ACH Debit,ACH Debit,,,,,Payment to Best Egg,Loans,9100001,
08/01/2024,07/31/2024,15.80,Debit,POS,POS,,,,,DEBIT-DC 6114 UEP*FORTUNE COOKY GLEN BURNIE MD null,Service Charges/Fees,,
08/01/2024,07/31/2024,13.98,Debit,POS,POS,,,,,Giant Food,Groceries,,
08/01/2024,07/31/2024,10.58,Debit,POS,POS,,,,,McDonald's,Restaurants/Dining,,
08/01/2024,07/31/2024,7.41,Debit,POS,POS,,,,,Giant Food,Groceries,,
08/01/2024,08/01/2024,1751.25,Credit,ACH Credit,ACH Credit,,,,,Deposit Henry M Jackson Payroll,Paychecks/Salary,5200163,
07/31/2024,07/31/2024,0.49,Credit,Credit,Credit,,,,,Interest Income,Interest,,
07/30/2024,07/30/2024,266.00,Debit,ACH Debit,ACH Debit,,,,,Payment to Baltimore Gas and Electric Company,Utilities,9100001,
07/30/2024,07/30/2024,88.12,Debit,ACH Debit,ACH Debit,,,,,Payment to Citizens Bank,Loans,4330513,
07/30/2024,07/30/2024,10391.11,Credit,ACH Credit,ACH Credit,,,,,Microsoft Deposit,Deposits,11100001,
07/26/2024,07/26/2024,120.00,Credit,Credit,Credit,,,,,Transfer from Zelle,Transfers,,
07/25/2024,07/25/2024,2.00,Debit,POS,POS,,,,,Payment to City Of Sedona,Utilities,,
07/24/2024,07/24/2024,202.86,Debit,ACH Debit,ACH Debit,,,,,Payment to Liberty Mutual,Insurance,2100002,
07/24/2024,07/22/2024,12.00,Debit,POS,POS,,,,,DEBIT-DC 8678 VOVOMEENA PHOENIX AZ null,Other Expenses,,
07/24/2024,07/24/2024,29.00,Debit,Debit,Debit,,,,,Returned Item Fee Check# XX0001,Service Charges/Fees,9100001,
07/23/2024,07/22/2024,7.41,Debit,POS,POS,,,,,Netflix,Entertainment,,
07/22/2024,07/20/2024,20.12,Debit,POS,POS,,,,,Ledo Pizza,Restaurants/Dining,,
07/22/2024,07/20/2024,18.08,Debit,POS,POS,,,,,MIKES,Restaurants/Dining,,
07/22/2024,07/19/2024,12.70,Debit,POS,POS,,,,,Popeyes Louisiana Kitchen,Restaurants/Dining,,
07/22/2024,07/18/2024,11.20,Debit,POS,POS,,,,,DEBIT-DC 8678 TST* PITANGO GELAT BETHESDA MD null,Restaurants/Dining,,
07/22/2024,07/21/2024,11.09,Debit,POS,POS,,,,,McDonald's,Restaurants/Dining,,
07/22/2024,07/21/2024,9.21,Debit,POS,POS,,,,,Rise Up Coffee,Restaurants/Dining,,
07/22/2024,07/19/2024,7.99,Debit,POS,POS,,,,,Apple,Electronics,,
07/22/2024,07/18/2024,6.00,Debit,POS,POS,,,,,Payment to Piedmont Natural Gas,Utilities,,
07/19/2024,07/19/2024,9.00,Credit,Credit,Credit,,,,,ATM Rebate,Refunds/Adjustments,,
07/19/2024,07/19/2024,1338.03,Debit,ACH Debit,ACH Debit,,,,,Payment to Best Egg,Loans,9100001,
07/19/2024,07/18/2024,30.00,Debit,POS,POS,,,,,Moby Dick,Restaurants/Dining,,
07/19/2024,07/18/2024,12.10,Debit,POS,POS,,,,,UpTown Cafe,Restaurants/Dining,,
07/19/2024,07/19/2024,9.72,Debit,POS,POS,,,,,Uber,Travel,,
07/18/2024,07/18/2024,450.00,Debit,ACH Debit,ACH Debit,,,,,Payment to Chase,Credit Card Payments,2100002,
07/18/2024,07/16/2024,159.82,Debit,POS,POS,,,,,Trattoria Caffe Italia,Restaurants/Dining,,
07/18/2024,07/18/2024,37.52,Debit,POS,POS,,,,,DoorDash,Restaurants/Dining,,
07/18/2024,07/17/2024,25.05,Debit,POS,POS,,,,,Beer Wine & Co.,Groceries,,
07/18/2024,07/17/2024,22.40,Debit,POS,POS,,,,,7-Eleven,Groceries,,
07/18/2024,07/17/2024,20.64,Debit,POS,POS,,,,,UpTown Cafe,Restaurants/Dining,,
07/18/2024,07/18/2024,20.00,Debit,POS,POS,,,,,DEBIT-DC 8678 GDP*FRENCH PRESS Bethesda MD US,Clothing/Shoes,,
07/18/2024,07/17/2024,3.95,Debit,POS,POS,,,,,DEBIT-DC 8678 PARKMOBILE-MONTGOM XX-9036 GA null,Travel,,
07/18/2024,07/18/2024,1709.20,Credit,ACH Credit,ACH Credit,,,,,Deposit Henry M Jackson Payroll,Paychecks/Salary,5200163,
07/17/2024,07/17/2024,274.00,Debit,ACH Debit,ACH Debit,,,,,Payment to Capital One,Credit Card Payments,5607361,
07/17/2024,07/16/2024,43.10,Debit,POS,POS,,,,,Sam's Club,General Merchandise,,
07/17/2024,07/16/2024,30.00,Debit,POS,POS,,,,,DEBIT-DC 6114 TST* PITANGO GELAT BETHESDA MD null,Restaurants/Dining,,
07/17/2024,07/16/2024,18.30,Debit,POS,POS,,,,,World Of Beer,Groceries,,
07/17/2024,07/15/2024,12.02,Debit,POS,POS,,,,,Sarku Japan,Restaurants/Dining,,
07/17/2024,07/16/2024,1.50,Debit,POS,POS,,,,,Garage,Clothing/Shoes,,
07/17/2024,07/17/2024,29.00,Debit,Debit,Debit,,,,,Returned Item Fee Check# XX0001,Service Charges/Fees,9100001,
07/16/2024,07/16/2024,900.00,Debit,ACH Debit,ACH Debit,,,,,Toyota,Automotive Expenses,2800008,
07/16/2024,07/16/2024,616.54,Debit,ACH Debit,ACH Debit,,,,,Payment to New York Life,Insurance,2100002,
07/16/2024,07/16/2024,331.00,Debit,ACH Debit,ACH Debit,,,,,Payment to Discover Bank,Credit Card Payments,9100001,
07/16/2024,07/16/2024,100.88,Debit,ACH Debit,ACH Debit,,,,,Payment to Educational Computer Systems,Loans,4300012,
07/16/2024,07/14/2024,51.94,Debit,POS,POS,,,,,DEBIT-DC 6114 TST* FOUNDERS TAVE PASADENA MD null,Restaurants/Dining,,
07/16/2024,07/15/2024,46.53,Debit,POS,POS,,,,,Francesca's,Clothing/Shoes,,
07/16/2024,07/15/2024,45.37,Debit,POS,POS,,,,,Wockenfuss Candies,Groceries,,
07/16/2024,07/15/2024,42.39,Debit,POS,POS,,,,,Target,General Merchandise,,
07/16/2024,07/15/2024,30.00,Debit,POS,POS,,,,,Target,General Merchandise,,
07/16/2024,07/14/2024,27.51,Debit,POS,POS,,,,,DEBIT-DC 6114 SAKE JAPANESE STEA XX0150 MD null,Restaurants/Dining,,
07/16/2024,07/15/2024,6.63,Debit,POS,POS,,,,,Rise Up Coffee,Restaurants/Dining,,
07/15/2024,07/15/2024,600.00,Debit,ACH Debit,ACH Debit,,,,,Lowe's,Home Improvement,4220268,
07/15/2024,07/15/2024,400.00,Debit,Transfer,Transfer,,,,,Transfer To Credit Card -9005,Credit Card Payments,,
07/15/2024,07/13/2024,318.00,Debit,POS,POS,,,,,DEBIT-DC 8678 NUNABABY.COM NUNABABY.COM PA null,Clothing/Shoes,,
07/15/2024,07/14/2024,157.50,Debit,POS,POS,,,,,DEBIT-DC 8678 SP HARPPABABY WAN CHAI null null,Other Expenses,,
07/15/2024,07/15/2024,79.49,Debit,POS,POS,,,,,Sam Edelman,Clothing/Shoes,,
07/15/2024,07/14/2024,68.42,Debit,POS,POS,,,,,Target,General Merchandise,,
07/15/2024,07/13/2024,29.68,Debit,POS,POS,,,,,Rise Up Coffee,Restaurants/Dining,,
07/15/2024,07/14/2024,23.99,Debit,POS,POS,,,,,DEBIT-DC 8678 GAR SWEETWATERTAVE HTTPSGREATAME VA null,Restaurants/Dining,,
07/15/2024,07/15/2024,23.96,Debit,POS,POS,,,,,Harris Teeter,Groceries,,
07/15/2024,07/12/2024,20.00,Debit,POS,POS,,,,,DEBIT-DC 8678 SKIPJACKS BALTIMORE MD null,Other Expenses,,
07/15/2024,07/13/2024,16.28,Debit,POS,POS,,,,,DoorDash,Restaurants/Dining,,
07/15/2024,07/12/2024,15.87,Debit,POS,POS,,,,,Taco Bell,Restaurants/Dining,,
07/15/2024,07/13/2024,14.85,Debit,POS,POS,,,,,DEBIT-DC 6114 STOLTZFUS SOFT PRE ANNAPOLIS MD null,Clothing/Shoes,,
07/15/2024,07/14/2024,13.15,Debit,POS,POS,,,,,DEBIT-DC 6114 ISAAC ALLAL LAUREL null US,Other Expenses,,
07/15/2024,07/13/2024,12.71,Debit,POS,POS,,,,,Amazon Kindle,Hobbies,,
07/15/2024,07/14/2024,11.49,Debit,POS,POS,,,,,Harris Teeter,Groceries,,
07/15/2024,07/13/2024,11.12,Debit,POS,POS,,,,,Wendy's,Restaurants/Dining,,
07/15/2024,07/12/2024,8.74,Debit,POS,POS,,,,,Target,General Merchandise,,
07/15/2024,07/14/2024,5.23,Debit,POS,POS,,,,,Dollar Tree,General Merchandise,,
07/15/2024,07/14/2024,1.58,Debit,Debit,Debit,,,,,Intl Transaction Fee Visa Sp Harppababy Wan Chai HK,Service Charges/Fees,,
07/15/2024,07/13/2024,460.98,Credit,Credit,Credit,,,,,Transfer from Zelle,Transfers,,
07/15/2024,07/12/2024,148.39,Credit,Credit,Credit,,,,,Amazon Marketplace,General Merchandise,,
07/12/2024,07/12/2024,89.99,Debit,ACH Debit,ACH Debit,,,,,Payment to Verizon,Telephone Services,3100003,
07/12/2024,07/10/2024,3.00,Debit,POS,POS,,,,,DEBIT-DC 6114 UMMC MIDTOWN - PAR BALTIMORE MD null,Clothing/Shoes,,
07/12/2024,07/12/2024,4524.86,Credit,ACH Credit,ACH Credit,,,,,Microsoft Deposit,Deposits,11100001,
07/11/2024,07/11/2024,5.30,Debit,POS,POS,,,,,Etsy,General Merchandise,,
07/10/2024,07/08/2024,11.65,Debit,POS,POS,,,,,Pizza Boli's,Restaurants/Dining,,
07/10/2024,07/10/2024,29.00,Debit,Debit,Debit,,,,,Returned Item Fee Check# XX0268,Service Charges/Fees,4220268,
07/09/2024,07/08/2024,23.47,Debit,POS,POS,,,,,LA Fitness,Personal Care,,
07/09/2024,07/09/2024,50.00,Credit,Transfer,Transfer,,,,,Transfer From Checking -5873,Transfers,,
07/08/2024,07/06/2024,195.90,Debit,POS,POS,,,,,DEBIT-DC 6114 HOOPERS CRAB HOUSE XX0154 MD null,Restaurants/Dining,,
07/08/2024,07/05/2024,112.45,Debit,POS,POS,,,,,DEBIT-DC 6114 TPX-MOC OCEAN CITY MD null,Clothing/Shoes,,
07/08/2024,07/07/2024,75.06,Debit,POS,POS,,,,,Giant Food,Groceries,,
07/08/2024,07/05/2024,75.00,Debit,POS,POS,,,,,DEBIT-DC 6114 ROSEFELDS JEWISH D OCEAN CITY MD null,Clothing/Shoes,,
07/08/2024,07/07/2024,71.96,Debit,POS,POS,,,,,Harris Teeter,Groceries,,
07/08/2024,07/07/2024,59.93,Debit,POS,POS,,,,,ALDI,Groceries,,
07/08/2024,07/06/2024,35.66,Debit,POS,POS,,,,,Trattoria Caffe Italia,Restaurants/Dining,,
07/08/2024,07/06/2024,27.41,Debit,POS,POS,,,,,Chick,Restaurants/Dining,,
07/08/2024,07/06/2024,21.00,Debit,POS,POS,,,,,Parking Management,Travel,,
07/08/2024,07/05/2024,18.60,Debit,POS,POS,,,,,Rise Up Coffee,Restaurants/Dining,,
07/08/2024,07/05/2024,13.57,Debit,POS,POS,,,,,Rick's Market,Groceries,,
07/08/2024,07/06/2024,10.18,Debit,POS,POS,,,,,DEBIT-DC 6114 CANDY KITCHEN - 93 OCEAN CITY MD null,Restaurants/Dining,,
07/08/2024,07/05/2024,10.00,Debit,POS,POS,,,,,LA Fitness,Personal Care,,
07/08/2024,07/04/2024,8.82,Debit,POS,POS,,,,,DEBIT-DC 8678 CANDY KITCHEN - 93 OCEAN CITY MD null,Restaurants/Dining,,
07/08/2024,07/07/2024,7.09,Debit,POS,POS,,,,,Rise Up Coffee,Restaurants/Dining,,
07/08/2024,07/06/2024,123.00,Debit,ATM,ATM,,,,,ATM Withdrawal at Payment Alliance International Ocean City MD,ATM/Cash Withdrawals,,
07/08/2024,07/06/2024,1.00,Debit,Debit,Debit,,,,,ATM Fee - Withdrawal,Service Charges/Fees,,
07/08/2024,07/06/2024,275.00,Credit,Credit,Credit,,,,,Transfer from Zelle,Transfers,,
07/05/2024,07/05/2024,20.00,Debit,ACH Debit,ACH Debit,,,,,Transfer to Venmo,Transfers,9100001,
07/05/2024,07/03/2024,360.74,Debit,POS,POS,,,,,Airbnb,Travel,,
07/05/2024,07/03/2024,200.20,Debit,POS,POS,,,,,Payment to AT&T,Telephone Services,,
07/05/2024,07/03/2024,103.85,Debit,POS,POS,,,,,DEBIT-DC 8678 CANDY KITCHEN - 64 OCEAN CITY MD null,Restaurants/Dining,,
07/05/2024,07/03/2024,35.00,Debit,POS,POS,,,,,Rise Up Coffee,Restaurants/Dining,,
07/05/2024,07/03/2024,20.83,Debit,POS,POS,,,,,Rick's Market,Groceries,,
07/05/2024,07/03/2024,12.72,Debit,POS,POS,,,,,Rise Up Coffee,Restaurants/Dining,,
07/05/2024,07/02/2024,10.14,Debit,POS,POS,,,,,Wendy's,Restaurants/Dining,,
07/03/2024,07/03/2024,2107.66,Debit,ACH Debit,ACH Debit,,,,,JPMorgan,Securities Trades,2100002,
07/03/2024,07/01/2024,260.00,Debit,POS,POS,,,,,DEBIT-DC 6114 SEVERNA PARK COMMU XX5843 MD null,Other Expenses,,
07/03/2024,07/02/2024,178.81,Debit,POS,POS,,,,,Sam's Club,General Merchandise,,
07/03/2024,07/02/2024,97.11,Debit,POS,POS,,,,,Target,General Merchandise,,
07/03/2024,07/03/2024,1709.21,Credit,ACH Credit,ACH Credit,,,,,Deposit Henry M Jackson Payroll,Paychecks/Salary,5200163,
07/02/2024,07/02/2024,205.53,Debit,ACH Debit,ACH Debit,,,,,Payment to Apple Card,Credit Card Payments,12408508,
07/02/2024,07/01/2024,332.41,Debit,POS,POS,,,,,Amazon Marketplace,General Merchandise,,
07/02/2024,07/01/2024,100.00,Debit,POS,POS,,,,,DEBIT-DC 6114 AACC-CASHIER'S OFF XX-2236 MD null,Clothing/Shoes,,
07/02/2024,07/02/2024,90.19,Debit,POS,POS,,,,,Airbnb,Travel,,
07/02/2024,07/01/2024,79.45,Debit,POS,POS,,,,,Amazon Marketplace,General Merchandise,,
07/02/2024,07/02/2024,13.79,Debit,POS,POS,,,,,Steam,Entertainment,,
07/02/2024,07/01/2024,2.49,Debit,POS,POS,,,,,Apple,Electronics,,
07/02/2024,07/01/2024,2.29,Debit,POS,POS,,,,,Giant Food,Groceries,,
07/01/2024,07/01/2024,266.00,Debit,ACH Debit,ACH Debit,,,,,Payment to Baltimore Gas and Electric Company,Utilities,9100001,
07/01/2024,07/01/2024,200.00,Debit,ACH Debit,ACH Debit,,,,,Payment to Chase,Credit Card Payments,2100002,
07/01/2024,07/01/2024,500.00,Debit,Transfer,Transfer,,,,,Transfer To Credit Card -7148,Credit Card Payments,,
07/01/2024,06/30/2024,71.25,Debit,POS,POS,,,,,Giant Food,Groceries,,
07/01/2024,06/29/2024,46.99,Debit,POS,POS,,,,,Pizza Boli's,Restaurants/Dining,,
07/01/2024,06/30/2024,40.20,Debit,POS,POS,,,,,DEBIT-DC 6114 AMAZON MKTPL*RC2HY AMZN.COM/BILL WA null,General Merchandise,,
07/01/2024,06/28/2024,33.12,Debit,POS,POS,,,,,DEBIT-DC 8678 TST* ROGGENART - C COLUMBIA MD null,Restaurants/Dining,,
07/01/2024,06/29/2024,30.00,Debit,POS,POS,,,,,DEBIT-DC 8678 CASH APP*DUNA SAN FRANCISCO CA null,Transfers,,
07/01/2024,06/28/2024,23.07,Debit,POS,POS,,,,,DEBIT-DC 8678 GREEN VALLEY MARKETPLA PASADENA MD US,Groceries,,
07/01/2024,06/28/2024,20.15,Debit,POS,POS,,,,,DEBIT-DC 8678 TST* ROGGENART - C COLUMBIA MD null,Restaurants/Dining,,
07/01/2024,06/29/2024,15.89,Debit,POS,POS,,,,,Steam,Entertainment,,
07/01/2024,06/28/2024,10.00,Debit,POS,POS,,,,,LA Fitness,Personal Care,,
06/28/2024,06/28/2024,0.61,Credit,Credit,Credit,,,,,Interest Income,Interest,,
06/28/2024,06/28/2024,88.12,Debit,ACH Debit,ACH Debit,,,,,Payment to Citizens Bank,Loans,4330513,
06/28/2024,06/27/2024,50.86,Debit,POS,POS,,,,,DEBIT-DC 6114 SQ *THIRD EYE COMI ANNAPOLIS MD null,Healthcare/Medical,,
06/28/2024,06/27/2024,16.19,Debit,POS,POS,,,,,Popeyes Louisiana Kitchen,Restaurants/Dining,,
06/28/2024,06/27/2024,9.21,Debit,POS,POS,,,,,Rise Up Coffee,Restaurants/Dining,,
06/28/2024,06/27/2024,6.15,Debit,POS,POS,,,,,Uber Bagels,Restaurants/Dining,,
06/27/2024,06/27/2024,52.03,Debit,POS,POS,,,,,Harris Teeter,Groceries,,
06/27/2024,06/27/2024,4524.86,Credit,ACH Credit,ACH Credit,,,,,Microsoft Deposit,Deposits,11100001,
06/26/2024,06/25/2024,105.45,Debit,POS,POS,,,,,Gradimages,Online Services,,
06/26/2024,06/25/2024,94.57,Debit,POS,POS,,,,,DEBIT-DC 8678 SP POOPOURRI HTTPSPOURRI.C TX null,Clothing/Shoes,,
06/26/2024,06/25/2024,13.36,Debit,POS,POS,,,,,Uber Bagels,Restaurants/Dining,,
06/25/2024,06/25/2024,537.47,Debit,ACH Debit,ACH Debit,,,,,Payment to Best Egg,Loans,9100001,
06/25/2024,06/24/2024,78.62,Debit,POS,POS,,,,,Target,General Merchandise,,
06/25/2024,06/23/2024,14.71,Debit,POS,POS,,,,,Wendy's,Restaurants/Dining,,
06/25/2024,06/24/2024,9.26,Debit,POS,POS,,,,,ALDI,Groceries,,
06/25/2024,06/24/2024,6.09,Debit,POS,POS,,,,,Rise Up Coffee,Restaurants/Dining,,
06/24/2024,06/24/2024,202.86,Debit,ACH Debit,ACH Debit,,,,,Payment to Liberty Mutual,Insurance,2100002,
06/24/2024,06/24/2024,30.00,Debit,ACH Debit,ACH Debit,,,,,Transfer to Venmo,Transfers,9100001,
06/24/2024,06/21/2024,84.80,Debit,POS,POS,,,,,Lovevery,Child/Dependent Expenses,,
06/24/2024,06/23/2024,81.62,Debit,POS,POS,,,,,ALDI,Groceries,,
06/24/2024,06/23/2024,78.67,Debit,POS,POS,,,,,Giant Food,Groceries,,
06/24/2024,06/22/2024,53.79,Debit,POS,POS,,,,,Walmart,General Merchandise,,
06/24/2024,06/23/2024,31.48,Debit,POS,POS,,,,,DEBIT-DC 6114 FORTUNE COOKY HTTPSWWW.FORT MD null,Clothing/Shoes,,
06/24/2024,06/22/2024,27.70,Debit,POS,POS,,,,,Walmart,General Merchandise,,
06/24/2024,06/23/2024,25.99,Debit,POS,POS,,,,,Target,General Merchandise,,
06/24/2024,06/22/2024,24.28,Debit,POS,POS,,,,,Panera Bread,Restaurants/Dining,,
06/24/2024,06/21/2024,18.26,Debit,POS,POS,,,,,Jersey Mike's Subs,Restaurants/Dining,,
06/24/2024,06/22/2024,12.28,Debit,POS,POS,,,,,Giant Food,Groceries,,
06/24/2024,06/22/2024,10.48,Debit,POS,POS,,,,,Wendy's,Restaurants/Dining,,
06/24/2024,06/22/2024,4.70,Debit,POS,POS,,,,,Panera Bread,Restaurants/Dining,,
06/24/2024,06/21/2024,354.00,Debit,ATM,ATM,,,,,ATM Withdrawal at Bank of America Aberdeen MD,ATM/Cash Withdrawals,,
06/24/2024,06/21/2024,1.00,Debit,Debit,Debit,,,,,ATM Fee - Withdrawal,Service Charges/Fees,,
06/24/2024,06/22/2024,33.76,Credit,Credit,Credit,,,,,Walmart,General Merchandise,,
06/24/2024,06/22/2024,9.00,Credit,Credit,Credit,,,,,Michaels,Hobbies,,
06/05/2024,06/05/2024,42.10,Debit,Debit,Debit,,,,,Sam's Club,General Merchandise,,
06/05/2024,06/05/2024,7.97,Debit,Debit,Debit,,,,,- Visa Check Card XX78 - TST UBER BAGELS SEVERNA PARK CLAUDAYA C STEPHAN TRANSACTION,Restaurants/Dining,,
06/05/2024,06/05/2024,37.10,Debit,Debit,Debit,,,,,REI,General Merchandise,,
06/05/2024,06/05/2024,13.94,Debit,Debit,Debit,,,,,ALDI,Groceries,,
06/05/2024,06/05/2024,28.09,Debit,Debit,Debit,,,,,Target,General Merchandise,,
06/05/2024,06/05/2024,67.39,Debit,Debit,Debit,,,,,Target,General Merchandise,,
06/05/2024,06/05/2024,10.59,Debit,Debit,Debit,,,,,Target,General Merchandise,,
06/05/2024,06/05/2024,30.99,Debit,Debit,Debit,,,,,Target,General Merchandise,,
06/04/2024,06/04/2024,400.00,Debit,Debit,Debit,,,,,- Visa Check Card XX78 - WAVE - GBP SWIM C XX8678 CLAUDAYA C STEPHAN TRANSACTION,Entertainment,,
06/04/2024,06/04/2024,6.09,Debit,Debit,Debit,,,,,Rise Up Coffee,Restaurants/Dining,,
06/04/2024,06/04/2024,200.20,Debit,Debit,Debit,,,,,Payment to AT&T,Telephone Services,,
06/04/2024,06/04/2024,125.00,Debit,Debit,Debit,,,,,Payment to Chase,Credit Card Payments,,
06/04/2024,06/04/2024,7.60,Debit,Debit,Debit,,,,,Taco Bell,Restaurants/Dining,,
06/04/2024,06/04/2024,30.00,Debit,Debit,Debit,,,,,Transfer to Zelle,Transfers,,
06/04/2024,06/04/2024,30.00,Credit,Credit,Credit,,,,,Transfer from Zelle,Transfers,,
06/03/2024,06/03/2024,78.87,Debit,Debit,Debit,,,,,- Visa Check Card XX78 - SP IGLOOPRODUCTSCO HTTPSIGLOO CLAUDAYA C STEPHAN TRANSACTION,Clothing/Shoes,,
06/03/2024,06/03/2024,71.47,Debit,Debit,Debit,,,,,POS Debit - Visa Check Card 6114 - FH SEA ROCKET TS SEAROCKET CHARLES R STEPHAN POS TRANSACTION,Checks,,
06/03/2024,06/03/2024,80.19,Debit,Debit,Debit,,,,,Uptown,Restaurants/Dining,,
06/03/2024,06/03/2024,37.09,Debit,Debit,Debit,,,,,Ledo Pizza,Restaurants/Dining,,
06/03/2024,06/03/2024,38.64,Debit,Debit,Debit,,,,,Ledo Pizza,Restaurants/Dining,,
06/03/2024,06/03/2024,9.43,Debit,Debit,Debit,,,,,Naval Bagels,Restaurants/Dining,,
06/03/2024,06/03/2024,8.46,Debit,Debit,Debit,,,,,Quiet Storm Surf,Clothing/Shoes,,
06/03/2024,06/03/2024,8.13,Debit,Debit,Debit,,,,,Steam,Entertainment,,
06/03/2024,06/03/2024,11.30,Debit,Debit,Debit,,,,,McDonald's,Restaurants/Dining,,
06/03/2024,06/03/2024,12.19,Debit,Debit,Debit,,,,,Rise Up Coffee,Restaurants/Dining,,
06/03/2024,06/03/2024,2.49,Debit,Debit,Debit,,,,,Apple.com,Electronics,,
06/03/2024,06/03/2024,500.00,Debit,Debit,Debit,,,,,Tax Payment to IRS,Taxes,,
06/03/2024,06/03/2024,36.02,Debit,Debit,Debit,,,,,Sunsations,Personal Care,,
06/03/2024,06/03/2024,7.74,Debit,Debit,Debit,,,,,California Pizza Kitchen,Restaurants/Dining,,
06/03/2024,06/03/2024,42.93,Debit,Debit,Debit,,,,,Harris Teeter,Groceries,,
06/03/2024,06/03/2024,209.53,Debit,Debit,Debit,,,,,Payment to Apple Card,Credit Card Payments,,
06/03/2024,06/03/2024,500.00,Debit,Debit,Debit,,,,,Transfer to Credit Card TRF TO OTHER,Credit Card Payments,,
06/03/2024,06/03/2024,2107.66,Debit,Debit,Debit,,,,,JPMorgan,Securities Trades,,
05/31/2024,05/31/2024,26.17,Debit,Debit,Debit,,,,,- Visa Check Card XX14 - FORTUNE COOKY HTTPSWWW FORTMD CHARLES R STEPHAN TRANSACTION,Restaurants/Dining,,
05/31/2024,05/31/2024,1.04,Credit,Credit,Credit,,,,,Dividend (GT20)DIVIDEND,Investment Income,,
05/31/2024,05/31/2024,8.32,Debit,Debit,Debit,,,,,Chick-fil-A,Restaurants/Dining,,
05/30/2024,05/30/2024,11.30,Debit,Debit,Debit,,,,,McDonald's,Restaurants/Dining,,
05/30/2024,05/30/2024,19.07,Debit,Debit,Debit,,,,,Apple.com,Electronics,,
05/30/2024,05/30/2024,4524.84,Credit,Credit,Credit,,,,,Microsoft Office Deposit,Deposits,,
05/29/2024,05/29/2024,35.10,Debit,Debit,Debit,,,,,Sam's Club,General Merchandise,,
05/29/2024,05/29/2024,85.62,Debit,Debit,Debit,,,,,REI,General Merchandise,,
05/29/2024,05/29/2024,198.00,Debit,Debit,Debit,,,,,Payment to Baltimore Gas and Electric Company,Utilities,,
05/29/2024,05/29/2024,5875.00,Debit,Debit,Debit,,,,,Paid Check 0000000151 PAID CHECK,Checks,,
05/29/2024,05/29/2024,10.00,Debit,Debit,Debit,,,,,LA Fitness,Personal Care,,
05/28/2024,05/28/2024,106.88,Debit,Debit,Debit,,,,,- Visa Check Card XX14 - TST CROOKED CRAB ODENTON MD CHARLES R STEPHAN TRANSACTION,Restaurants/Dining,,
05/28/2024,05/28/2024,9.21,Debit,Debit,Debit,,,,,Rise Up Coffee,Restaurants/Dining,,
05/28/2024,05/28/2024,66.77,Debit,Debit,Debit,,,,,- Visa Check Card XX14 - AMZN MKTP US DB33V AMZN COM B CHARLES R STEPHAN TRANSACTION,General Merchandise,,
05/28/2024,05/28/2024,42.27,Debit,Debit,Debit,,,,,Amazon.com,General Merchandise,,
05/28/2024,05/28/2024,57.14,Debit,Debit,Debit,,,,,Target,General Merchandise,,
05/28/2024,05/28/2024,5.40,Debit,Debit,Debit,,,,,Dunkin' Donuts,Restaurants/Dining,,
05/28/2024,05/28/2024,95.49,Debit,Debit,Debit,,,,,Zuppler,Restaurants/Dining,,
05/28/2024,05/28/2024,75.82,Debit,Debit,Debit,,,,,Giant Food,Groceries,,
05/28/2024,05/28/2024,48.35,Debit,Debit,Debit,,,,,Torrid,Clothing/Shoes,,
05/28/2024,05/28/2024,88.12,Debit,Debit,Debit,,,,,Payment to Citizens Pay,Loans,,
05/28/2024,05/28/2024,7.59,Debit,Debit,Debit,,,,,Target,General Merchandise,,
05/28/2024,05/28/2024,29.75,Debit,Debit,Debit,,,,,Target,General Merchandise,,
05/28/2024,05/28/2024,19.59,Debit,Debit,Debit,,,,,Popeyes Louisiana Kitchen,Restaurants/Dining,,
05/28/2024,05/28/2024,1.45,Debit,Debit,Debit,,,,,Target,General Merchandise,,
05/28/2024,05/28/2024,1.48,Debit,Debit,Debit,,,,,- Visa Check Card XX78 - BRUSTERS REAL ICE GLEN BURNIE CLAUDAYA C STEPHAN TRANSACTION,Restaurants/Dining,,
05/28/2024,05/28/2024,7.99,Debit,Debit,Debit,,,,,- Visa Check Card XX78 - BRUSTERS REAL ICE GLEN BURNIE CLAUDAYA C STEPHAN TRANSACTION,Restaurants/Dining,,
05/24/2024,05/24/2024,4.00,Debit,Debit,Debit,,,,,- Visa Check Card XX14 - UMMC MIDTOWN - PAR BALTIMORE CHARLES R STEPHAN TRANSACTION,Clothing/Shoes,,
05/24/2024,05/24/2024,42.00,Debit,Debit,Debit,,,,,- Visa Check Card XX14 - STATE HIGHWAY ADMI XX6114 CHARLES R STEPHAN TRANSACTION,Insurance,,
05/24/2024,05/24/2024,8.87,Debit,Debit,Debit,,,,,McDonald's,Restaurants/Dining,,
05/24/2024,05/24/2024,10.58,Debit,Debit,Debit,,,,,Giant Food,Groceries,,
05/23/2024,05/23/2024,537.47,Debit,ACH Debit,ACH Debit,,,,,Payment to Best Egg,Loans,9100001,
05/23/2024,05/22/2024,100.00,Debit,POS,POS,,,,,Debit- XX 6114 Aacc-cashier's Off XX-2236 MD,Online Services,,
05/23/2024,05/22/2024,17.40,Debit,POS,POS,,,,,Walgreens,Healthcare/Medical,,
05/23/2024,05/22/2024,7.69,Debit,POS,POS,,,,,Debit- XX 8678 Sq *lisa's Luncheo Annapolis Or MD,Restaurants/Dining,,
05/23/2024,05/22/2024,7.07,Debit,POS,POS,,,,,McDonald's,Restaurants/Dining,,
05/23/2024,05/22/2024,2.85,Debit,POS,POS,,,,,Canteen Vending Services,Groceries,,
05/23/2024,05/22/2024,2.12,Debit,POS,POS,,,,,Rise Up Coffee,Restaurants/Dining,,
05/23/2024,05/22/2024,1.85,Debit,POS,POS,,,,,Canteen Vending Services,Groceries,,
05/23/2024,05/23/2024,1709.20,Credit,ACH Credit,ACH Credit,,,,,Deposit Henry M Jackson Payroll,Paychecks/Salary,5200163,
05/23/2024,05/23/2024,2.85,Debit,Debit,Debit,,,,,Canteen Vending Services,Groceries,,
05/23/2024,05/23/2024,1.85,Debit,Debit,Debit,,,,,Canteen Vending Services,Groceries,,
05/23/2024,05/23/2024,17.40,Debit,Debit,Debit,,,,,Walgreens,Healthcare/Medical,,
05/23/2024,05/23/2024,2.12,Debit,Debit,Debit,,,,,Rise Up Coffee,Restaurants/Dining,,
05/23/2024,05/23/2024,7.69,Debit,Debit,Debit,,,,,- Visa Check Card XX78 - SQ LISA S LUNCHEO ANNAPOLIS CLAUDAYA C STEPHAN TRANSACTION,Restaurants/Dining,,
05/23/2024,05/23/2024,537.47,Debit,Debit,Debit,,,,,Payment to Best Egg,Loans,,
05/23/2024,05/23/2024,1709.20,Credit,Credit,Credit,,,,,Deposit - HENRY M JACKSON HENRY M JACKSON DEPOSIT,Deposits,,
05/23/2024,05/23/2024,100.00,Debit,Debit,Debit,,,,,- Visa Check Card XX14 - AACC-CASHIER S OFF XX6114 CHARLES R STEPHAN TRANSACTION,Groceries,,
05/23/2024,05/23/2024,7.07,Debit,Debit,Debit,,,,,McDonald's,Restaurants/Dining,,
05/22/2024,05/22/2024,202.86,Debit,ACH Debit,ACH Debit,,,,,Payment to Liberty Mutual,Insurance,2100002,
05/22/2024,05/21/2024,65.48,Debit,POS,POS,,,,,Debit- XX 8678 Sq *the Commenceme Baltimore MD,Restaurants/Dining,,
05/22/2024,05/21/2024,52.99,Debit,POS,POS,,,,,Target,General Merchandise,,
05/22/2024,05/21/2024,29.62,Debit,POS,POS,,,,,Sam's Club,General Merchandise,,
05/22/2024,05/22/2024,6000.00,Credit,Transfer,Transfer,,,,,Transfer From Savings -0387,Transfers,,
05/22/2024,05/22/2024,65.48,Debit,Debit,Debit,,,,,- Visa Check Card XX78 - SQ THE COMMENCEME BALTIMORE CLAUDAYA C STEPHAN TRANSACTION,Restaurants/Dining,,
05/22/2024,05/22/2024,52.99,Debit,Debit,Debit,,,,,Target,General Merchandise,,
05/22/2024,05/22/2024,29.62,Debit,Debit,Debit,,,,,Sam's Club,General Merchandise,,
05/22/2024,05/22/2024,6000.00,Credit,Credit,Credit,,,,,Transfer from Shares TFR FR OTHER,Transfers,,
05/22/2024,05/22/2024,202.86,Debit,Debit,Debit,,,,,Payment to Liberty Mutual,Insurance,,
05/21/2024,05/20/2024,11.01,Debit,POS,POS,,,,,Giant Food,Groceries,,
05/21/2024,05/21/2024,11.01,Debit,Debit,Debit,,,,,Giant Food,Groceries,,
05/20/2024,05/19/2024,87.15,Debit,POS,POS,,,,,Total Wine & More,Groceries,,
05/20/2024,05/17/2024,46.46,Debit,POS,POS,,,,,Debit- XX 8678 2levy@orioleszippi XX8200 MD,Restaurants/Dining,,
05/20/2024,05/18/2024,40.40,Debit,POS,POS,,,,,Sam's Club,General Merchandise,,
05/20/2024,05/17/2024,37.86,Debit,POS,POS,,,,,Debit- XX 6114 2levy@oriolesparkm Baltimore MD,Restaurants/Dining,,
05/20/2024,05/19/2024,22.73,Debit,POS,POS,,,,,Sam's Club,General Merchandise,,
05/20/2024,05/17/2024,21.47,Debit,POS,POS,,,,,Levy Restaurants,Restaurants/Dining,,
05/20/2024,05/17/2024,18.80,Debit,POS,POS,,,,,Levy Restaurants,Restaurants/Dining,,
05/20/2024,05/18/2024,7.99,Debit,POS,POS,,,,,Apple,Electronics,,
05/20/2024,05/20/2024,800.00,Credit,Transfer,Transfer,,,,,Transfer From Savings -0387,Transfers,,
05/20/2024,05/20/2024,400.00,Credit,Credit,Credit,,,,,Transfer from Zelle,Transfers,,
05/20/2024,05/18/2024,31.79,Credit,Credit,Credit,,,,,Amazon Marketplace,General Merchandise,,
05/17/2024,05/17/2024,425.00,Debit,ACH Debit,ACH Debit,,,,,Payment to Chase,Credit Card Payments,2100002,
05/17/2024,05/17/2024,276.00,Debit,ACH Debit,ACH Debit,,,,,Payment to Capital One,Credit Card Payments,5607361,
05/17/2024,05/17/2024,800.00,Debit,Transfer,Transfer,,,,,Transfer To Savings -0387,Savings,,
05/17/2024,05/16/2024,30.10,Debit,POS,POS,,,,,Shell,Gasoline/Fuel,,
05/16/2024,05/16/2024,900.00,Debit,ACH Debit,ACH Debit,,,,,Toyota,Automotive Expenses,2800008,
05/16/2024,05/16/2024,616.54,Debit,ACH Debit,ACH Debit,,,,,Payment to New York Life,Insurance,2100002,
05/16/2024,05/16/2024,303.00,Debit,ACH Debit,ACH Debit,,,,,Payment to Discover Bank,Credit Card Payments,9100001,
05/16/2024,05/16/2024,100.88,Debit,ACH Debit,ACH Debit,,,,,Payment to Educational Computer Systems,Loans,4300012,
05/16/2024,05/15/2024,10.59,Debit,POS,POS,,,,,Ledo Pizza,Restaurants/Dining,,
05/15/2024,05/15/2024,400.00,Debit,Transfer,Transfer,,,,,Transfer To Credit Card -9005,Credit Card Payments,,
05/15/2024,05/14/2024,88.47,Debit,POS,POS,,,,,DoorDash,Restaurants/Dining,,
05/15/2024,05/14/2024,59.80,Debit,POS,POS,,,,,Harris Teeter,Groceries,,
05/15/2024,05/15/2024,52.98,Debit,POS,POS,,,,,Ledo Pizza,Restaurants/Dining,,
05/14/2024,05/14/2024,1338.03,Debit,ACH Debit,ACH Debit,,,,,Payment to Best Egg,Loans,9100001,
05/14/2024,05/14/2024,79.99,Debit,ACH Debit,ACH Debit,,,,,Payment to Verizon,Telephone Services,3100003,
05/14/2024,05/13/2024,46.44,Debit,POS,POS,,,,,Debit- XX 8678 Sp Its A 10 Hairca Httpsitsa10.m FL,Personal Care,,
05/14/2024,05/13/2024,20.00,Debit,POS,POS,,,,,Starbucks,Restaurants/Dining,,
05/14/2024,05/12/2024,8.50,Debit,POS,POS,,,,,Debit- XX 8678 Wvu Concessions Morgantown WV,Entertainment,,
05/14/2024,05/12/2024,7.50,Debit,POS,POS,,,,,Debit- XX 8678 Wvu Concessions Morgantown WV,Entertainment,,
05/14/2024,05/12/2024,5.85,Debit,POS,POS,,,,,Sheetz,Groceries,,
05/14/2024,05/14/2024,4524.86,Credit,ACH Credit,ACH Credit,,,,,Microsoft Deposit,Deposits,11100001,
05/13/2024,05/13/2024,20.00,Debit,ACH Debit,ACH Debit,,,,,Transfer to Venmo,Transfers,9100001,
05/13/2024,05/13/2024,15.00,Debit,ACH Debit,ACH Debit,,,,,Transfer to Venmo,Transfers,9100001,
05/13/2024,05/10/2024,125.00,Debit,POS,POS,,,,,Polished,Personal Care,,
05/13/2024,05/11/2024,82.35,Debit,POS,POS,,,,,Target,General Merchandise,,
05/13/2024,05/11/2024,65.65,Debit,POS,POS,,,,,Ledo Pizza,Restaurants/Dining,,
05/13/2024,05/10/2024,55.11,Debit,POS,POS,,,,,Edible Arrangements,Gifts,,
05/13/2024,05/10/2024,48.91,Debit,POS,POS,,,,,Royal Farms,Groceries,,
05/13/2024,05/12/2024,46.47,Debit,POS,POS,,,,,Sheetz,Groceries,,
05/13/2024,05/11/2024,29.93,Debit,POS,POS,,,,,Giant Food,Groceries,,
05/13/2024,05/10/2024,11.96,Debit,POS,POS,,,,,Shake Shack,Restaurants/Dining,,
05/13/2024,05/10/2024,5.40,Debit,POS,POS,,,,,Dunkin' Donuts,Restaurants/Dining,,
05/13/2024,05/11/2024,3.74,Debit,POS,POS,,,,,Starbucks,Restaurants/Dining,,
05/13/2024,05/13/2024,60.00,Credit,Credit,Credit,,,,,Transfer from Zelle,Transfers,,
05/10/2024,05/10/2024,600.00,Debit,ACH Debit,ACH Debit,,,,,Lowe's,Home Improvement,4220268,
05/10/2024,05/10/2024,120.88,Debit,ACH Debit,ACH Debit,,,,,Payment to Educational Computer Systems,Loans,4300012,
05/10/2024,05/09/2024,37.36,Debit,POS,POS,,,,,Harris Teeter,Groceries,,
05/10/2024,05/10/2024,32.19,Debit,POS,POS,,,,,Giant Food,Groceries,,
05/10/2024,05/09/2024,31.55,Debit,POS,POS,,,,,ALDI,Groceries,,
05/09/2024,05/09/2024,1000.00,Debit,ACH Debit,ACH Debit,,,,,Tax Payment to IRS,Taxes,6103601,
05/09/2024,05/09/2024,500.00,Debit,Transfer,Transfer,,,,,Transfer To Savings -0387,Savings,,
05/09/2024,05/08/2024,59.33,Debit,POS,POS,,,,,Debit- XX 6114 Shri Sai Kripa Httpstherango MD,Restaurants/Dining,,
05/09/2024,05/07/2024,48.00,Debit,POS,POS,,,,,Debit- XX52 - Bwi Long T Baltimore MD,Other Expenses,,
05/09/2024,05/08/2024,5.40,Debit,POS,POS,,,,,Dunkin' Donuts,Restaurants/Dining,,
05/09/2024,05/09/2024,1000.00,Credit,Transfer,Transfer,,,,,Transfer From Savings -0387,Transfers,,
05/09/2024,05/09/2024,1709.21,Credit,ACH Credit,ACH Credit,,,,,Deposit Henry M Jackson Payroll,Paychecks/Salary,5200163,
05/08/2024,05/07/2024,39.45,Debit,POS,POS,,,,,Ledo Pizza,Restaurants/Dining,,
05/07/2024,05/05/2024,300.00,Debit,POS,POS,,,,,Debit- XX 713 Tattoo Parlour Houston TX,Restaurants/Dining,,
05/07/2024,05/06/2024,50.27,Debit,POS,POS,,,,,The Pit Room,Restaurants/Dining,,
05/07/2024,05/06/2024,50.00,Debit,POS,POS,,,,,Debit- XX 8678 Sq *cidercade Hous Houston TX,Restaurants/Dining,,
05/07/2024,05/06/2024,41.40,Debit,POS,POS,,,,,Honey Farms,Groceries,,
05/07/2024,05/06/2024,17.24,Debit,POS,POS,,,,,Blacksmith,Restaurants/Dining,,
05/07/2024,05/06/2024,16.05,Debit,POS,POS,,,,,Kroger,Groceries,,
05/07/2024,05/06/2024,15.14,Debit,POS,POS,,,,,Debit- XX 6114 Dd Mainbirdhotchic XX-1040 CA,Clothing/Shoes,,
05/07/2024,05/05/2024,5.21,Debit,POS,POS,,,,,Debit- XX 8678 Tst* Holey Moley - Houston TX,Restaurants/Dining,,
05/07/2024,05/05/2024,5.00,Debit,POS,POS,,,,,Edwards,Charitable Giving,,
05/07/2024,05/07/2024,360.00,Credit,ACH Credit,ACH Credit,,,,,Transfer from Venmo,Transfers,9100001,
05/06/2024,05/06/2024,100.00,Debit,ACH Debit,ACH Debit,,,,,Payment to Chase,Credit Card Payments,2100002,
05/06/2024,05/06/2024,500.00,Debit,Transfer,Transfer,,,,,Transfer To Credit Card -7148,Credit Card Payments,,
05/06/2024,05/05/2024,229.60,Debit,POS,POS,,,,,Debit- XX 6114 Holey Moley Golf C Www.holeymole TX,Entertainment,,
05/06/2024,05/03/2024,200.20,Debit,POS,POS,,,,,Payment to AT&T,Telephone Services,,
05/06/2024,05/03/2024,190.77,Debit,POS,POS,,,,,Foodtown,Groceries,,
05/06/2024,05/05/2024,114.00,Debit,POS,POS,,,,,Blacksmith,Restaurants/Dining,,
05/06/2024,05/04/2024,88.74,Debit,POS,POS,,,,,Houston Zoo,Entertainment,,
05/06/2024,05/02/2024,86.61,Debit,POS,POS,,,,,Debit- XX 8678 Tst* Saint Arnold Houston TX,Restaurants/Dining,,
05/06/2024,05/03/2024,82.26,Debit,POS,POS,,,,,Truth Bbq,Restaurants/Dining,,
05/06/2024,05/03/2024,46.52,Debit,POS,POS,,,,,Debit- XX 8678 Scgiftst2652 Houston TX US,Clothing/Shoes,,
05/06/2024,05/04/2024,45.46,Debit,POS,POS,,,,,Houston Zoo,Entertainment,,
05/06/2024,05/03/2024,40.00,Debit,POS,POS,,,,,Debit- XX 6114 Space Center Houst Houston TX,Rent,,
05/06/2024,05/03/2024,35.00,Debit,POS,POS,,,,,Space,Entertainment,,
05/06/2024,05/02/2024,27.12,Debit,POS,POS,,,,,Jack in the Box,Restaurants/Dining,,
05/06/2024,05/04/2024,27.06,Debit,POS,POS,,,,,Houston Zoo,Entertainment,,
05/06/2024,05/02/2024,26.00,Debit,POS,POS,,,,,Debit- XX 6114 Bwi Obryckis Bwi Baltimore MD,Other Expenses,,
05/06/2024,05/04/2024,22.73,Debit,POS,POS,,,,,Houston Zoo,Entertainment,,
05/06/2024,05/04/2024,21.75,Debit,POS,POS,,,,,Voodoo Doughnut,Restaurants/Dining,,
05/06/2024,05/03/2024,18.88,Debit,POS,POS,,,,,Chevron,Gasoline/Fuel,,
05/06/2024,05/03/2024,12.45,Debit,POS,POS,,,,,Debit- XX 8678 Native Coffee Houston TX,Restaurants/Dining,,
05/06/2024,05/03/2024,10.99,Debit,POS,POS,,,,,Metropolis Technologies Parking,Travel,,
05/06/2024,05/04/2024,10.83,Debit,POS,POS,,,,,Houston Zoo,Entertainment,,
05/06/2024,05/05/2024,10.00,Debit,POS,POS,,,,,LA Fitness,Personal Care,,
05/06/2024,05/04/2024,9.00,Debit,POS,POS,,,,,Houston Zoo,Entertainment,,
05/06/2024,05/02/2024,7.62,Debit,POS,POS,,,,,Auntie Anne's,Restaurants/Dining,,
05/06/2024,05/03/2024,2.91,Debit,POS,POS,,,,,Debit- XX 8678 Spacecntrhoustonca Houston TX,Clothing/Shoes,,
05/06/2024,05/06/2024,500.00,Credit,Transfer,Transfer,,,,,Transfer From Savings -0387,Transfers,,
05/03/2024,05/03/2024,2107.66,Debit,ACH Debit,ACH Debit,,,,,JPMorgan,Securities Trades,2100002,
05/03/2024,05/03/2024,90.00,Debit,ACH Debit,ACH Debit,,,,,Transfer to Venmo,Transfers,9100001,
05/03/2024,05/02/2024,84.80,Debit,POS,POS,,,,,Connected Services,Online Services,,
05/03/2024,05/01/2024,80.00,Debit,POS,POS,,,,,Debit- XX 8678 Rejuvinations Pasadena MD,Other Expenses,,
05/03/2024,05/01/2024,13.77,Debit,POS,POS,,,,,Chick-fil-A,Restaurants/Dining,,
05/03/2024,05/03/2024,500.00,Credit,Transfer,Transfer,,,,,Transfer From Savings -0387,Transfers,,
05/02/2024,05/01/2024,29.60,Debit,POS,POS,,,,,Target,General Merchandise,,
05/02/2024,05/01/2024,2.49,Debit,POS,POS,,,,,Apple,Electronics,,
05/02/2024,04/30/2024,229.99,Credit,Credit,Credit,,,,,HomeGoods,General Merchandise,,
05/02/2024,05/01/2024,45.04,Credit,Credit,Credit,,,,,Target,General Merchandise,,
05/01/2024,05/01/2024,1373.45,Debit,ACH Debit,ACH Debit,,,,,Payment to Apple Card,Credit Card Payments,12408508,
05/01/2024,04/30/2024,65.00,Debit,POS,POS,,,,,Uncle Julio's,Restaurants/Dining,,
05/01/2024,04/30/2024,11.33,Debit,POS,POS,,,,,Giant Food,Groceries,,
04/30/2024,04/30/2024,0.57,Credit,Credit,Credit,,,,,Interest Income,Interest,,
04/30/2024,04/30/2024,198.00,Debit,ACH Debit,ACH Debit,,,,,Payment to Baltimore Gas and Electric Company,Utilities,9100001,
04/30/2024,04/30/2024,88.12,Debit,ACH Debit,ACH Debit,,,,,Payment to Citizens Bank,Loans,4330513,
04/30/2024,04/30/2024,3000.00,Debit,Transfer,Transfer,,,,,Transfer To Savings -0387,Savings,,
04/30/2024,04/30/2024,750.00,Debit,POS,POS,,,,,Transfer to Zelle,Transfers,,
04/30/2024,04/29/2024,85.00,Debit,POS,POS,,,,,Precheck,Restaurants/Dining,,
04/30/2024,04/30/2024,50.00,Debit,POS,POS,,,,,Transfer to Zelle,Transfers,,
04/30/2024,04/27/2024,35.00,Debit,POS,POS,,,,,Debit- XX 6114 Yards Lot Q 1925 Washington DC,Groceries,,
04/30/2024,04/29/2024,18.45,Debit,POS,POS,,,,,Giant Food,Groceries,,
04/30/2024,04/29/2024,10.44,Debit,POS,POS,,,,,Target,General Merchandise,,
04/30/2024,04/29/2024,5.40,Debit,POS,POS,,,,,Dunkin' Donuts,Restaurants/Dining,,
04/29/2024,04/29/2024,20.00,Debit,ACH Debit,ACH Debit,,,,,Transfer to Venmo,Transfers,9100001,
04/29/2024,04/27/2024,282.98,Debit,POS,POS,,,,,HomeGoods,General Merchandise,,
04/29/2024,04/26/2024,192.50,Debit,POS,POS,,,,,Debit- XX 6114 Sq *nick?s Barber Baltimore MD,Personal Care,,
04/29/2024,04/28/2024,173.98,Debit,POS,POS,,,,,Target,General Merchandise,,
04/29/2024,04/27/2024,83.21,Debit,POS,POS,,,,,Ulta Beauty,Personal Care,,
04/29/2024,04/28/2024,72.45,Debit,POS,POS,,,,,Old Navy,Clothing/Shoes,,
04/29/2024,04/28/2024,59.83,Debit,POS,POS,,,,,Amazon Marketplace,General Merchandise,,
04/29/2024,04/28/2024,55.63,Debit,POS,POS,,,,,Target,General Merchandise,,
04/29/2024,04/27/2024,45.07,Debit,POS,POS,,,,,Harris Teeter,Groceries,,
04/29/2024,04/26/2024,42.89,Debit,POS,POS,,,,,Popeyes Louisiana Kitchen,Restaurants/Dining,,
04/29/2024,04/26/2024,23.28,Debit,POS,POS,,,,,Bagels 'n Grinds,Restaurants/Dining,,
04/29/2024,04/26/2024,20.72,Debit,POS,POS,,,,,McDonald's,Restaurants/Dining,,
04/29/2024,04/27/2024,20.00,Debit,POS,POS,,,,,Debit- XX 8678 Rejuvinations Pasadena MD,Other Expenses,,
04/29/2024,04/28/2024,18.50,Debit,POS,POS,,,,,Amazon Marketplace,General Merchandise,,
04/29/2024,04/27/2024,18.08,Debit,POS,POS,,,,,Levy Restaurant,Restaurants/Dining,,
04/29/2024,04/27/2024,15.00,Debit,POS,POS,,,,,Debit- XX 6114 Waterloo Jessup US,Other Expenses,,
04/29/2024,04/27/2024,10.37,Debit,POS,POS,,,,,Dunkin' Donuts,Restaurants/Dining,,
04/29/2024,04/28/2024,10.00,Debit,POS,POS,,,,,LA Fitness,Personal Care,,
04/29/2024,04/27/2024,9.06,Debit,POS,POS,,,,,Chick-fil-A,Restaurants/Dining,,
04/29/2024,04/28/2024,8.47,Debit,POS,POS,,,,,Target,General Merchandise,,
04/29/2024,04/29/2024,10391.11,Credit,ACH Credit,ACH Credit,,,,,Microsoft Deposit,Deposits,11100001,
04/29/2024,04/27/2024,52.99,Credit,Credit,Credit,,,,,HomeGoods,General Merchandise,,
04/26/2024,04/26/2024,537.47,Debit,ACH Debit,ACH Debit,,,,,Payment to Best Egg,Loans,9100001,
04/26/2024,04/25/2024,73.27,Debit,POS,POS,,,,,Rangoli Restaurant,Restaurants/Dining,,
04/26/2024,04/25/2024,50.00,Debit,POS,POS,,,,,Debit- XX 6114 Aacc-cashier's Off XX-2236 MD,Online Services,,
04/26/2024,04/25/2024,48.70,Debit,POS,POS,,,,,Costco Gas Stations,Gasoline/Fuel,,
04/26/2024,04/25/2024,25.28,Debit,POS,POS,,,,,Rangoli Restaurant,Restaurants/Dining,,
04/25/2024,04/25/2024,1709.20,Credit,ACH Credit,ACH Credit,,,,,Deposit Henry M Jackson Payroll,Paychecks/Salary,5200163,
04/25/2024,04/25/2024,100.00,Credit,Credit,Credit,,,,,Transfer from Zelle,Transfers,,
04/24/2024,04/24/2024,202.86,Debit,ACH Debit,ACH Debit,,,,,Payment to Liberty Mutual,Insurance,2100002,
04/24/2024,04/23/2024,45.26,Debit,POS,POS,,,,,Giant Food,Groceries,,
04/24/2024,04/24/2024,29.00,Debit,Debit,Debit,,,,,Returned Item Fee Check# XX0001,Service Charges/Fees,9100001,
04/23/2024,04/21/2024,15.96,Debit,POS,POS,,,,,Frank's Den,Groceries,,
04/23/2024,04/21/2024,9.45,Debit,POS,POS,,,,,ParkMobile,Travel,,
04/23/2024,04/23/2024,270.00,Credit,ACH Credit,ACH Credit,,,,,Transfer from Venmo,Transfers,9100001,
04/22/2024,04/22/2024,395.00,Debit,Transfer,Transfer,,,,,Transfer To Credit Card -9005,Credit Card Payments,,
04/22/2024,04/19/2024,53.15,Debit,POS,POS,,,,,Debit- XX 6114 Fortune Cooky Httpswww.fort MD,Restaurants/Dining,,
04/22/2024,04/19/2024,23.63,Debit,POS,POS,,,,,Target,General Merchandise,,
04/22/2024,04/20/2024,7.00,Debit,POS,POS,,,,,Debit- XX 8678 Muddy Creek Liquor XX6267 MD,Groceries,,
04/22/2024,04/21/2024,3.07,Debit,POS,POS,,,,,Target,General Merchandise,,
04/22/2024,04/22/2024,37.19,Credit,Transfer,Transfer,,,,,Transfer From Savings -0387,Transfers,,
04/19/2024,04/18/2024,23.65,Debit,POS,POS,,,,,Life Pho,Restaurants/Dining,,
04/19/2024,04/18/2024,11.13,Debit,POS,POS,,,,,Debit- XX 8678 Brusters Real Ice Severna Park MD,Restaurants/Dining,,
04/19/2024,04/19/2024,7.99,Debit,POS,POS,,,,,Apple,Electronics,,
04/19/2024,04/17/2024,4.00,Debit,POS,POS,,,,,Debit- XX 6114 Ummc Midtown - Par Baltimore MD,Other Expenses,,
04/18/2024,04/17/2024,602.48,Debit,POS,POS,,,,,Airbnb,Travel,,
04/18/2024,04/17/2024,28.91,Debit,POS,POS,,,,,Debit- XX 8678 Brusters Real Ice Glen Burnie MD,Restaurants/Dining,,
04/17/2024,04/17/2024,287.00,Debit,ACH Debit,ACH Debit,,,,,Payment to Capital One,Credit Card Payments,5607361,
04/17/2024,04/15/2024,22.40,Debit,POS,POS,,,,,Debit- XX 6114 Southwes XX-9792 TX,Travel,,
04/17/2024,04/16/2024,18.98,Debit,POS,POS,,,,,Sam's Club,General Merchandise,,
04/17/2024,04/16/2024,1.49,Debit,POS,POS,,,,,Dunkin' Donuts,Restaurants/Dining,,
04/16/2024,04/16/2024,1338.03,Debit,ACH Debit,ACH Debit,,,,,Payment to Best Egg,Loans,9100001,
04/16/2024,04/16/2024,900.00,Debit,ACH Debit,ACH Debit,,,,,Toyota,Automotive Expenses,2800008,
04/16/2024,04/16/2024,616.54,Debit,ACH Debit,ACH Debit,,,,,Payment to New York Life,Insurance,2100002,
04/16/2024,04/16/2024,400.00,Debit,ACH Debit,ACH Debit,,,,,Payment to Chase,Credit Card Payments,2100002,
04/16/2024,04/16/2024,212.00,Debit,ACH Debit,ACH Debit,,,,,Payment to Discover Bank,Credit Card Payments,9100001,
04/16/2024,04/15/2024,166.93,Debit,POS,POS,,,,,Sam's Club,General Merchandise,,
04/16/2024,04/15/2024,71.90,Debit,POS,POS,,,,,Costco,General Merchandise,,
04/16/2024,04/14/2024,70.00,Debit,POS,POS,,,,,Polished,Personal Care,,
04/16/2024,04/14/2024,25.43,Debit,POS,POS,,,,,Old Navy,Clothing/Shoes,,
04/16/2024,04/15/2024,13.75,Debit,POS,POS,,,,,Popeyes Louisiana Kitchen,Restaurants/Dining,,
04/16/2024,04/15/2024,10.80,Debit,POS,POS,,,,,Costco Gas Stations,Gasoline/Fuel,,
04/15/2024,04/12/2024,167.55,Debit,POS,POS,,,,,Target,General Merchandise,,
04/15/2024,04/14/2024,139.92,Debit,POS,POS,,,,,Ulta Beauty,Personal Care,,
04/15/2024,04/13/2024,74.00,Debit,POS,POS,,,,,Debit- XX 8678 Bay Nails Of Pasad Pasadena MD,Personal Care,,
04/15/2024,04/12/2024,52.99,Debit,POS,POS,,,,,Once Upon A Child,Child/Dependent Expenses,,
04/15/2024,04/13/2024,51.69,Debit,POS,POS,,,,,Royal Farms,Groceries,,
04/15/2024,04/13/2024,50.22,Debit,POS,POS,,,,,Debit- XX 8678 Di Pasquales Marke Baltimore MD,Groceries,,
04/15/2024,04/14/2024,22.25,Debit,POS,POS,,,,,Old Navy,Clothing/Shoes,,
04/15/2024,04/13/2024,22.00,Debit,POS,POS,,,,,Debit- XX 8678 Chynnea Marie Beau Httpspocketsu MD,Restaurants/Dining,,
04/15/2024,04/13/2024,15.50,Debit,POS,POS,,,,,Debit- XX 6114 Sun Wah Baltimore MD,Restaurants/Dining,,
04/15/2024,04/12/2024,10.91,Debit,POS,POS,,,,,Chick-fil-A,Restaurants/Dining,,
04/15/2024,04/13/2024,9.39,Debit,POS,POS,,,,,Royal Farms,Groceries,,
04/15/2024,04/12/2024,5.57,Debit,POS,POS,,,,,Rise Up Coffee,Restaurants/Dining,,
04/15/2024,04/12/2024,5.00,Debit,POS,POS,,,,,Debit- XX 8678 Chynnea Marie Beau Httpspocketsu MD,Restaurants/Dining,,
04/15/2024,04/13/2024,1.38,Debit,POS,POS,,,,,Naval Bagels,Restaurants/Dining,,
04/12/2024,04/12/2024,79.99,Debit,ACH Debit,ACH Debit,,,,,Payment to Verizon,Telephone Services,3100003,
04/12/2024,04/12/2024,4524.86,Credit,ACH Credit,ACH Credit,,,,,Microsoft Deposit,Deposits,11100001,
04/11/2024,04/11/2024,1709.21,Credit,ACH Credit,ACH Credit,,,,,Deposit Henry M Jackson Payroll,Paychecks/Salary,5200163,
04/10/2024,04/09/2024,25.20,Debit,POS,POS,,,,,Lucky's Food & Deli,Groceries,,
04/09/2024,04/09/2024,600.00,Debit,ACH Debit,ACH Debit,,,,,Lowe's,Home Improvement,4220268,
04/08/2024,04/06/2024,183.73,Debit,POS,POS,,,,,Giant Food,Groceries,,
04/08/2024,04/06/2024,87.98,Debit,POS,POS,,,,,Debit- XX 8678 Sq *nick?s Barber Baltimore MD,Personal Care,,
04/08/2024,04/05/2024,42.34,Debit,POS,POS,,,,,Amazon Marketplace,General Merchandise,,
04/08/2024,04/06/2024,24.15,Debit,POS,POS,,,,,Debit- XX 8678 Di Pasquales Marke Baltimore MD,Groceries,,
04/08/2024,04/04/2024,21.19,Debit,POS,POS,,,,,Sally Beauty Supply,Personal Care,,
04/08/2024,04/05/2024,20.09,Debit,POS,POS,,,,,Amazon Marketplace,General Merchandise,,
04/08/2024,04/06/2024,18.35,Debit,POS,POS,,,,,Naval Bagels,Restaurants/Dining,,
04/08/2024,04/06/2024,12.69,Debit,POS,POS,,,,,Target,General Merchandise,,
04/08/2024,04/05/2024,10.00,Debit,POS,POS,,,,,LA Fitness,Personal Care,,
04/08/2024,04/08/2024,150.00,Credit,Transfer,Transfer,,,,,Transfer From Savings -0387,Transfers,,
04/05/2024,04/05/2024,450.00,Debit,ACH Debit,ACH Debit,,,,,Payment to Chase,Credit Card Payments,2100002,
04/05/2024,04/04/2024,14.17,Debit,POS,POS,,,,,Popeyes Louisiana Kitchen,Restaurants/Dining,,
04/05/2024,04/04/2024,3.38,Debit,POS,POS,,,,,Giant Food,Groceries,,
04/04/2024,04/04/2024,500.00,Debit,Transfer,Transfer,,,,,Transfer To Credit Card -7148,Credit Card Payments,,
04/04/2024,04/03/2024,195.34,Debit,POS,POS,,,,,Payment to AT&T,Telephone Services,,
04/04/2024,04/02/2024,35.23,Debit,POS,POS,,,,,Pizza Boli's,Restaurants/Dining,,
04/04/2024,04/03/2024,13.75,Debit,POS,POS,,,,,Naval Bagels,Restaurants/Dining,,
04/03/2024,04/03/2024,2107.66,Debit,ACH Debit,ACH Debit,,,,,JPMorgan,Securities Trades,2100002,
04/03/2024,04/01/2024,80.00,Debit,POS,POS,,,,,Debit- XX 8678 Rejuvinations Pasadena MD,Other Expenses,,
04/03/2024,04/02/2024,62.09,Debit,POS,POS,,,,,Giant Food,Groceries,,
04/03/2024,04/02/2024,18.84,Debit,POS,POS,,,,,Popeyes Louisiana Kitchen,Restaurants/Dining,,
04/03/2024,04/02/2024,11.39,Debit,POS,POS,,,,,Rise Up Coffee,Restaurants/Dining,,
04/03/2024,04/02/2024,2.49,Debit,POS,POS,,,,,Apple,Electronics,,
04/02/2024,04/02/2024,400.00,Debit,ACH Debit,ACH Debit,,,,,Payment to Apple Card,Credit Card Payments,12408508,
04/02/2024,04/02/2024,198.00,Debit,ACH Debit,ACH Debit,,,,,Payment to Baltimore Gas and Electric Company,Utilities,9100001,
04/02/2024,04/01/2024,132.38,Debit,POS,POS,,,,,Debit- XX 8678 Annearundelco-util XX-1144 MD,Utilities,,
04/02/2024,04/02/2024,120.00,Debit,POS,POS,,,,,Costco,General Merchandise,,
04/02/2024,04/01/2024,23.10,Debit,POS,POS,,,,,Debit- XX 6114 Jenkin's Mini M Alberta US,Clothing/Shoes,,
04/02/2024,04/01/2024,19.07,Debit,POS,POS,,,,,Amazon Marketplace,General Merchandise,,
04/01/2024,03/30/2024,205.44,Debit,POS,POS,,,,,Harris Teeter,Groceries,,
04/01/2024,03/29/2024,85.13,Debit,POS,POS,,,,,Food Lion,Groceries,,
04/01/2024,03/30/2024,78.03,Debit,POS,POS,,,,,Target,General Merchandise,,
04/01/2024,03/30/2024,42.75,Debit,POS,POS,,,,,Circle K,Groceries,,
04/01/2024,03/28/2024,37.07,Debit,POS,POS,,,,,&pizza,Restaurants/Dining,,
04/01/2024,03/29/2024,30.50,Debit,POS,POS,,,,,Sam's Club,General Merchandise,,
04/01/2024,03/30/2024,28.33,Debit,POS,POS,,,,,Debit- XX 8678 Tst* Blue Ridge Ca XX-3633 VA,Restaurants/Dining,,
04/01/2024,03/29/2024,12.97,Debit,POS,POS,,,,,Chick-fil-A,Restaurants/Dining,,
04/01/2024,03/29/2024,8.66,Debit,POS,POS,,,,,Burger King,Restaurants/Dining,,
04/01/2024,03/30/2024,8.29,Debit,POS,POS,,,,,The Fresh Market,Groceries,,
04/01/2024,03/30/2024,7.37,Debit,POS,POS,,,,,Debit- XX 8678 Borough Coffee Greensboro NC,Restaurants/Dining,,
04/01/2024,03/30/2024,5.39,Debit,POS,POS,,,,,Circle K,Groceries,,
04/01/2024,03/30/2024,5.28,Debit,POS,POS,,,,,Apple,Electronics,,
04/01/2024,03/29/2024,4.40,Debit,POS,POS,,,,,Bullfrog Bagels,Restaurants/Dining,,
04/01/2024,03/29/2024,3.03,Debit,POS,POS,,,,,Popeyes Louisiana Kitchen,Restaurants/Dining,,
04/01/2024,04/01/2024,500.00,Debit,ACH Debit,ACH Debit,,,,,ACH Debit - Claudaya Hood Be,Home Improvement,9999999999,
03/29/2024,03/29/2024,0.84,Credit,Credit,Credit,,,,,Interest Income,Interest,,
03/29/2024,03/28/2024,10.00,Debit,POS,POS,,,,,LA Fitness,Personal Care,,
03/29/2024,03/28/2024,8.48,Debit,POS,POS,,,,,7-Eleven,Groceries,,
03/28/2024,03/28/2024,88.12,Debit,ACH Debit,ACH Debit,,,,,Payment to Citizens Bank,Loans,4330513,
03/28/2024,03/28/2024,4524.86,Credit,ACH Credit,ACH Credit,,,,,Microsoft Deposit,Deposits,11100001,
03/28/2024,03/28/2024,1709.20,Credit,ACH Credit,ACH Credit,,,,,Deposit Henry M Jackson Payroll,Paychecks/Salary,5200163,
03/27/2024,03/26/2024,100.00,Debit,POS,POS,,,,,Debit- XX 6114 Aacc-cashier's Off XX-2236 MD,Online Services,,
03/27/2024,03/25/2024,38.00,Debit,POS,POS,,,,,Debit- XX 6114 Sun Wah Baltimore MD,Restaurants/Dining,,
03/27/2024,03/26/2024,10.49,Debit,POS,POS,,,,,Dairy Queen,Restaurants/Dining,,
03/27/2024,03/26/2024,1.00,Debit,POS,POS,,,,,Target,General Merchandise,,
03/26/2024,03/24/2024,115.88,Debit,POS,POS,,,,,Harris Teeter,Groceries,,
03/26/2024,03/25/2024,29.76,Debit,POS,POS,,,,,Target,General Merchandise,,
03/26/2024,03/24/2024,18.04,Debit,POS,POS,,,,,DSW,Clothing/Shoes,,
03/26/2024,03/26/2024,50.00,Credit,Transfer,Transfer,,,,,Transfer From Savings -0387,Transfers,,
03/25/2024,03/25/2024,537.47,Debit,ACH Debit,ACH Debit,,,,,Payment to Best Egg,Loans,9100001,
03/25/2024,03/22/2024,169.59,Debit,POS,POS,,,,,Cabela's,General Merchandise,,
03/25/2024,03/23/2024,73.36,Debit,POS,POS,,,,,Sam's Club,General Merchandise,,
03/25/2024,03/23/2024,25.28,Debit,POS,POS,,,,,Popeyes Louisiana Kitchen,Restaurants/Dining,,
03/25/2024,03/23/2024,17.02,Debit,POS,POS,,,,,Dunkin' Donuts,Restaurants/Dining,,
03/25/2024,03/22/2024,7.25,Debit,POS,POS,,,,,Naval Bagels,Restaurants/Dining,,
03/22/2024,03/22/2024,202.86,Debit,ACH Debit,ACH Debit,,,,,Payment to Liberty Mutual,Insurance,2100002,
03/22/2024,03/21/2024,32.00,Debit,POS,POS,,,,,Sam's Club,General Merchandise,,
03/22/2024,03/20/2024,5.52,Debit,POS,POS,,,,,Chick-fil-A,Restaurants/Dining,,
03/21/2024,03/20/2024,327.00,Debit,POS,POS,,,,,Crate & Barrel,General Merchandise,,
03/21/2024,03/20/2024,85.46,Debit,POS,POS,,,,,Target,General Merchandise,,
03/20/2024,03/19/2024,367.47,Debit,POS,POS,,,,,Airbnb,Travel,,
03/20/2024,03/19/2024,100.00,Debit,POS,POS,,,,,Debit- XX 6114 Dc *gov't XX-5000 DC,Gasoline/Fuel,,
03/20/2024,03/19/2024,32.04,Debit,POS,POS,,,,,Texas Roadhouse,Restaurants/Dining,,
03/20/2024,03/20/2024,340.00,Credit,Deposit,Deposit,,,,,ATM Deposit,Deposits,,
03/20/2024,03/20/2024,285.00,Credit,Deposit,Deposit,,,,,ATM Deposit,Deposits,,
03/20/2024,03/20/2024,245.00,Credit,ACH Credit,ACH Credit,,,,,Transfer from Venmo,Transfers,9100001,
03/19/2024,03/18/2024,29.89,Debit,POS,POS,,,,,Amazon Marketplace,General Merchandise,,
03/19/2024,03/18/2024,7.99,Debit,POS,POS,,,,,Apple,Electronics,,
03/19/2024,03/19/2024,200.00,Credit,Credit,Credit,,,,,Transfer from Zelle,Transfers,,
03/18/2024,03/18/2024,900.00,Debit,ACH Debit,ACH Debit,,,,,Toyota,Automotive Expenses,2800008,
03/18/2024,03/18/2024,616.54,Debit,ACH Debit,ACH Debit,,,,,Payment to New York Life,Insurance,2100002,
03/18/2024,03/18/2024,500.00,Debit,ACH Debit,ACH Debit,,,,,Payment to Capital One,Credit Card Payments,5607361,
03/18/2024,03/18/2024,430.00,Debit,ACH Debit,ACH Debit,,,,,Payment to Discover Bank,Credit Card Payments,9100001,
03/18/2024,03/18/2024,400.00,Debit,ACH Debit,ACH Debit,,,,,Payment to Chase,Credit Card Payments,2100002,
03/18/2024,03/18/2024,40.00,Debit,ACH Debit,ACH Debit,,,,,Transfer to Venmo,Transfers,9100001,
03/18/2024,03/15/2024,169.55,Debit,POS,POS,,,,,Giant Food,Groceries,,
03/18/2024,03/15/2024,145.00,Debit,POS,POS,,,,,Polished,Personal Care,,
03/18/2024,03/17/2024,38.16,Debit,POS,POS,,,,,Target,General Merchandise,,
03/18/2024,03/14/2024,35.81,Debit,POS,POS,,,,,Debit- XX 8678 Tst* Scittinos Ita Catonsville MD,Restaurants/Dining,,
03/18/2024,03/17/2024,32.39,Debit,POS,POS,,,,,Debit- XX 8678 Tst* Southern Blue XX-0156 MD,Restaurants/Dining,,
03/18/2024,03/15/2024,30.00,Debit,POS,POS,,,,,Royal Farms,Groceries,,
03/18/2024,03/17/2024,29.85,Debit,POS,POS,,,,,Debit- XX 6114 Sq *kinohi Poultry Annapolis MD,Other Expenses,,
03/18/2024,03/15/2024,19.06,Debit,POS,POS,,,,,Ace Hardware,Home Improvement,,
03/18/2024,03/16/2024,17.67,Debit,POS,POS,,,,,Naval Bagels,Restaurants/Dining,,
03/18/2024,03/17/2024,14.30,Debit,POS,POS,,,,,Amazon,General Merchandise,,
03/18/2024,03/17/2024,12.25,Debit,POS,POS,,,,,Debit- XX 6114 Sq *shlagel Farmer Annapolis MD,Groceries,,
03/18/2024,03/15/2024,10.00,Debit,POS,POS,,,,,Debit- XX 8678 Ewc Canton 0814 Baltimore MD,Groceries,,
03/18/2024,03/17/2024,8.48,Debit,POS,POS,,,,,Debit- XX 8678 P A Bowen Farmstea Brandywine MD,Groceries,,
03/18/2024,03/17/2024,8.33,Debit,POS,POS,,,,,Debit- XX 8678 Sq *morris Hill Fa Annapolis MD,Groceries,,
03/18/2024,03/14/2024,7.99,Debit,POS,POS,,,,,Debit- XX 6114 Tst* Scittinos Ita Catonsville MD,Restaurants/Dining,,
03/18/2024,03/15/2024,5.61,Debit,POS,POS,,,,,Rita's,Restaurants/Dining,,
03/18/2024,03/18/2024,300.00,Debit,ATM,ATM,,,,,ATM Withdrawal,ATM/Cash Withdrawals,,
03/18/2024,03/17/2024,129.05,Credit,Credit,Credit,,,,,Adjustment - Cr Sp Hunter Us Hunterboots.c CT,Refunds/Adjustments,,
03/15/2024,03/15/2024,500.00,Debit,Transfer,Transfer,,,,,Transfer To Credit Card -9005,Credit Card Payments,,
03/15/2024,03/14/2024,11.54,Debit,POS,POS,,,,,Party City,Entertainment,,
03/15/2024,03/14/2024,7.41,Debit,POS,POS,,,,,Apple,Electronics,,
03/14/2024,03/14/2024,1338.03,Debit,ACH Debit,ACH Debit,,,,,Payment to Best Egg,Loans,9100001,
03/14/2024,03/13/2024,69.93,Debit,POS,POS,,,,,Rangoli Restaurant,Restaurants/Dining,,
03/14/2024,03/14/2024,4524.86,Credit,ACH Credit,ACH Credit,,,,,Microsoft Deposit,Deposits,11100001,
03/14/2024,03/14/2024,1709.21,Credit,ACH Credit,ACH Credit,,,,,Deposit Henry M Jackson Payroll,Paychecks/Salary,5200163,
03/13/2024,03/12/2024,8.75,Debit,POS,POS,,,,,Naval Bagels,Restaurants/Dining,,
03/12/2024,03/12/2024,79.99,Debit,ACH Debit,ACH Debit,,,,,Payment to Verizon,Telephone Services,3100003,
03/12/2024,03/11/2024,61.00,Debit,POS,POS,,,,,Debit- XX 8678 Silky Tots Us Mount Eliza,Other Expenses,,
03/12/2024,03/11/2024,0.61,Debit,Debit,Debit,,,,,Intl Transaction Fee Visa Silky Tots Us Mount Eliza AU,Service Charges/Fees,,
03/11/2024,03/11/2024,600.00,Debit,ACH Debit,ACH Debit,,,,,Lowe's,Home Improvement,4220268,
03/11/2024,03/11/2024,95.00,Debit,ACH Debit,ACH Debit,,,,,Transfer to Venmo,Transfers,9100001,
03/11/2024,03/11/2024,17.00,Debit,ACH Debit,ACH Debit,,,,,Comptroller Of Maryland,Online Services,9100001,
03/11/2024,03/09/2024,31.95,Debit,POS,POS,,,,,Debit- XX 8678 Capriottis Sandwic Annapolis MD,Restaurants/Dining,,
03/11/2024,03/09/2024,28.10,Debit,POS,POS,,,,,Sam's Club,General Merchandise,,
03/11/2024,03/08/2024,14.64,Debit,POS,POS,,,,,Naval Bagels,Restaurants/Dining,,
03/11/2024,03/09/2024,10.25,Debit,POS,POS,,,,,Naval Bagels,Restaurants/Dining,,
03/11/2024,03/06/2024,9.00,Debit,POS,POS,,,,,Debit- XX 8678 Umb Penn Garage Baltimore MD,Automotive Expenses,,
03/11/2024,03/11/2024,195.00,Credit,ACH Credit,ACH Credit,,,,,Transfer from Venmo,Transfers,9100001,
03/11/2024,03/11/2024,45.00,Credit,Credit,Credit,,,,,Transfer from Zelle,Transfers,,
03/08/2024,03/07/2024,29.70,Debit,POS,POS,,,,,Sam's Club,General Merchandise,,
03/08/2024,03/07/2024,16.48,Debit,POS,POS,,,,,Popeyes Louisiana Kitchen,Restaurants/Dining,,
03/08/2024,03/08/2024,250.00,Debit,ATM,ATM,,,,,ATM Withdrawal,ATM/Cash Withdrawals,,
03/08/2024,03/08/2024,100.00,Debit,ATM,ATM,,,,,ATM Withdrawal,ATM/Cash Withdrawals,,
03/07/2024,03/06/2024,84.40,Debit,POS,POS,,,,,Target,General Merchandise,,
03/07/2024,03/06/2024,37.09,Debit,POS,POS,,,,,Target,General Merchandise,,
03/06/2024,03/06/2024,50.00,Debit,Check,Check,,,,,Paid Check 191,Checks,191,
03/06/2024,03/05/2024,104.55,Debit,POS,POS,,,,,Harris Teeter,Groceries,,
03/06/2024,03/03/2024,65.99,Debit,POS,POS,,,,,Debit- XX 6114 Hatley Com XX8539 QC,Clothing/Shoes,,
03/06/2024,03/05/2024,38.92,Debit,POS,POS,,,,,Sam's Club,General Merchandise,,
03/06/2024,03/05/2024,10.00,Debit,POS,POS,,,,,LA Fitness,Personal Care,,
03/06/2024,03/05/2024,0.66,Debit,Debit,Debit,,,,,Intl Transaction Fee Visa Hatley Com XX8539 CA,Service Charges/Fees,,
03/05/2024,03/05/2024,500.00,Debit,ACH Debit,ACH Debit,,,,,Payment to Chase,Credit Card Payments,2100002,
03/05/2024,03/04/2024,135.00,Debit,POS,POS,,,,,Debit- XX 6114 Kids First Severna Severna Park MD,Clothing/Shoes,,
03/05/2024,03/03/2024,99.00,Debit,POS,POS,,,,,Ted's Bulletin,Restaurants/Dining,,
03/05/2024,03/04/2024,17.06,Debit,POS,POS,,,,,Giant Food,Groceries,,
03/05/2024,03/03/2024,11.64,Debit,POS,POS,,,,,Ted's Bulletin,Restaurants/Dining,,
03/05/2024,03/05/2024,3.99,Debit,POS,POS,,,,,USPS,Postage and Shipping,,
03/04/2024,03/04/2024,2107.66,Debit,ACH Debit,ACH Debit,,,,,JPMorgan,Securities Trades,2100002,
03/04/2024,03/04/2024,100.00,Debit,ACH Debit,ACH Debit,,,,,Transfer to Venmo,Transfers,9100001,
03/04/2024,03/04/2024,600.00,Debit,Transfer,Transfer,,,,,Transfer To Credit Card -7148,Credit Card Payments,,
03/04/2024,03/03/2024,195.34,Debit,POS,POS,,,,,Payment to AT&T,Telephone Services,,
03/04/2024,03/03/2024,140.65,Debit,POS,POS,,,,,Torrid,Clothing/Shoes,,
03/04/2024,03/02/2024,136.00,Debit,POS,POS,,,,,Boots UK,Healthcare/Medical,,
03/04/2024,03/04/2024,89.93,Debit,POS,POS,,,,,"Debit- XX 8678 Mayoral Usa, Inc. Miami FL",Personal Care,,
03/04/2024,03/01/2024,85.47,Debit,POS,POS,,,,,Joyce Beauty Club,Personal Care,,
03/04/2024,03/01/2024,80.00,Debit,POS,POS,,,,,Debit- XX 8678 Rejuvinations Pasadena MD,Other Expenses,,
03/04/2024,03/02/2024,70.00,Debit,POS,POS,,,,,Polished,Personal Care,,
03/04/2024,03/02/2024,64.87,Debit,POS,POS,,,,,Texas Roadhouse,Restaurants/Dining,,
03/04/2024,03/01/2024,63.84,Debit,POS,POS,,,,,Target,General Merchandise,,
03/04/2024,03/02/2024,57.93,Debit,POS,POS,,,,,Debit- XX 8678 Bonfire.com Httpsbonfire. VA,Other Expenses,,
03/04/2024,03/01/2024,40.00,Debit,POS,POS,,,,,Debit- XX 8678 Sq *diablo Doughnu Nottingham MD,Restaurants/Dining,,
03/04/2024,03/01/2024,15.37,Debit,POS,POS,,,,,Mezeh,Restaurants/Dining,,
03/04/2024,02/29/2024,9.00,Debit,POS,POS,,,,,Debit- XX 8678 Umb Plaza Garage Baltimore MD,Automotive Expenses,,
03/04/2024,03/01/2024,2.49,Debit,POS,POS,,,,,Apple,Electronics,,
03/04/2024,03/04/2024,500.00,Debit,ACH Debit,ACH Debit,,,,,ACH Debit - Claudaya Hood Be,Home Improvement,9999999999,
03/04/2024,03/02/2024,63.84,Credit,Credit,Credit,,,,,Target,General Merchandise,,
03/01/2024,03/01/2024,171.20,Debit,ACH Debit,ACH Debit,,,,,Payment to Apple Card,Credit Card Payments,12408508,
03/01/2024,02/28/2024,41.00,Debit,POS,POS,,,,,Debit- XX 6114 Tst* The Olive Tre Glen Burnie MD,Restaurants/Dining,,
02/29/2024,02/29/2024,0.81,Credit,Credit,Credit,,,,,Interest Income,Interest,,
02/29/2024,02/29/2024,278.18,Debit,Transfer,Transfer,,,,,Transfer To Savings -0387,Savings,,
02/29/2024,02/29/2024,136.00,Debit,POS,POS,,,,,Boots UK,Healthcare/Medical,,
02/29/2024,02/28/2024,10.00,Debit,POS,POS,,,,,LA Fitness,Personal Care,,
02/29/2024,02/28/2024,3.96,Debit,POS,POS,,,,,Food Lion,Groceries,,
02/29/2024,02/29/2024,1750.00,Credit,Transfer,Transfer,,,,,Transfer From Savings -0387,Transfers,,
02/29/2024,02/29/2024,1709.20,Credit,ACH Credit,ACH Credit,,,,,Deposit Henry M Jackson Payroll,Paychecks/Salary,5200163,
02/28/2024,02/28/2024,88.12,Debit,ACH Debit,ACH Debit,,,,,Payment to Citizens Bank,Loans,4330513,
02/28/2024,02/27/2024,395.00,Debit,POS,POS,,,,,Tax Payment to H&R Block,Taxes,,
02/28/2024,02/27/2024,32.47,Debit,POS,POS,,,,,Giant Food,Groceries,,
02/28/2024,02/27/2024,19.73,Debit,POS,POS,,,,,Target,General Merchandise,,
02/28/2024,02/28/2024,100.00,Credit,Transfer,Transfer,,,,,Transfer From Savings -0387,Transfers,,
02/28/2024,02/28/2024,4524.85,Credit,ACH Credit,ACH Credit,,,,,Microsoft Deposit,Deposits,11100001,
02/27/2024,02/27/2024,198.00,Debit,ACH Debit,ACH Debit,,,,,Payment to Baltimore Gas and Electric Company,Utilities,9100001,
02/27/2024,02/27/2024,121.18,Credit,Transfer,Transfer,,,,,Transfer From Savings,Transfers,,
02/26/2024,02/25/2024,125.36,Debit,POS,POS,,,,,Harris Teeter,Groceries,,
02/26/2024,02/22/2024,48.00,Debit,POS,POS,,,,,Debit- XX 8678 Mva Annapolis XX4567 MD,Other Expenses,,
02/26/2024,02/24/2024,46.74,Debit,POS,POS,,,,,Debit- XX 8678 National Aquariu 501 E Baltimore MD US,Other Expenses,,
02/26/2024,02/24/2024,34.98,Debit,POS,POS,,,,,Debit- XX 8678 Magic Memories Usa XX6740 CO,Groceries,,
02/26/2024,02/24/2024,34.93,Debit,POS,POS,,,,,Debit- XX 8678 Ssa-national Aquar XX3021 MD,Online Services,,
02/26/2024,02/25/2024,33.51,Debit,POS,POS,,,,,Sam's Club,General Merchandise,,
02/26/2024,02/24/2024,10.25,Debit,POS,POS,,,,,Naval Bagels,Restaurants/Dining,,
02/26/2024,02/26/2024,250.86,Credit,Transfer,Transfer,,,,,Transfer From Savings -0387,Transfers,,
02/26/2024,02/26/2024,175.00,Credit,Transfer,Transfer,,,,,Transfer From Savings -0387,Transfers,,
02/26/2024,02/26/2024,110.00,Credit,ACH Credit,ACH Credit,,,,,Transfer from Venmo,Transfers,9100001,
02/23/2024,02/23/2024,537.47,Debit,ACH Debit,ACH Debit,,,,,Payment to Best Egg,Loans,9100001,
02/23/2024,02/22/2024,18.01,Debit,POS,POS,,,,,The UPS Store,Postage and Shipping,,
02/22/2024,02/22/2024,235.58,Debit,ACH Debit,ACH Debit,,,,,Payment to Liberty Mutual,Insurance,2100002,
02/22/2024,02/21/2024,9.28,Debit,POS,POS,,,,,Target,General Merchandise,,
02/22/2024,02/20/2024,3.58,Debit,POS,POS,,,,,Taco Bell,Restaurants/Dining,,
02/22/2024,02/21/2024,200.00,Debit,ATM,ATM,,,,,ATM Withdrawal Coop 7eleven-fc Glen Burnie MD US,ATM/Cash Withdrawals,,
02/22/2024,02/21/2024,40.00,Debit,ATM,ATM,,,,,ATM Withdrawal Coop 7eleven-fc Glen Burnie MD US,ATM/Cash Withdrawals,,
02/21/2024,02/19/2024,110.00,Debit,POS,POS,,,,,Ted's Bulletin,Restaurants/Dining,,
02/21/2024,02/20/2024,101.23,Debit,POS,POS,,,,,Giant Food,Groceries,,
02/21/2024,02/20/2024,25.67,Debit,POS,POS,,,,,Harris Teeter,Groceries,,
02/21/2024,02/20/2024,2.39,Debit,POS,POS,,,,,Giant Food,Groceries,,
02/20/2024,02/20/2024,616.54,Debit,ACH Debit,ACH Debit,,,,,Payment to New York Life,Insurance,2100002,
02/20/2024,02/20/2024,35.99,Debit,ACH Debit,ACH Debit,,,,,Transfer to Venmo,Transfers,9100001,
02/20/2024,02/16/2024,269.11,Debit,POS,POS,,,,,Debit- XX 8678 Safford Brown Toyo Glen Burnie MD,Automotive Expenses,,
02/20/2024,02/19/2024,140.90,Debit,POS,POS,,,,,Celebrate,General Merchandise,,
02/20/2024,02/15/2024,125.00,Debit,POS,POS,,,,,Polished,Personal Care,,
02/20/2024,02/16/2024,90.00,Debit,POS,POS,,,,,Debit- XX 6114 Rejuvinations Pasadena MD,Other Expenses,,
02/20/2024,02/18/2024,60.80,Debit,POS,POS,,,,,Target,General Merchandise,,
02/20/2024,02/17/2024,60.36,Debit,POS,POS,,,,,Politics And Prose,Hobbies,,
02/20/2024,02/16/2024,42.17,Debit,POS,POS,,,,,Debit- XX 6114 Sun Wah Baltimore MD,Restaurants/Dining,,
02/20/2024,02/18/2024,41.27,Debit,POS,POS,,,,,Sam's Club,General Merchandise,,
02/20/2024,02/17/2024,36.59,Debit,POS,POS,,,,,La Casita,Restaurants/Dining,,
02/20/2024,02/17/2024,30.61,Debit,POS,POS,,,,,Debit- XX 8678 Sq *vigilante Coff Hyattsville MD,Restaurants/Dining,,
02/20/2024,02/19/2024,29.72,Debit,POS,POS,,,,,Naval Bagels,Restaurants/Dining,,
02/20/2024,02/19/2024,27.56,Debit,POS,POS,,,,,Sephora,Personal Care,,
02/20/2024,02/18/2024,27.54,Debit,POS,POS,,,,,Ledo Pizza,Restaurants/Dining,,
02/20/2024,02/15/2024,22.04,Debit,POS,POS,,,,,Chick-fil-A,Restaurants/Dining,,
02/20/2024,02/17/2024,14.00,Debit,POS,POS,,,,,Maryland's VEIP Station,Gasoline/Fuel,,
02/20/2024,02/20/2024,9.50,Debit,POS,POS,,,,,Debit- XX 8678 Tst* Le Pain Quoti Washington DC,Restaurants/Dining,,
02/20/2024,02/16/2024,9.00,Debit,POS,POS,,,,,Debit- XX 6114 Umb Penn Garage Baltimore MD,Automotive Expenses,,
02/20/2024,02/15/2024,9.00,Debit,POS,POS,,,,,Debit- XX 6114 Umb Plaza Garage Baltimore MD,Automotive Expenses,,
02/20/2024,02/19/2024,7.99,Debit,POS,POS,,,,,Apple,Electronics,,
02/20/2024,02/19/2024,40.00,Credit,Credit,Credit,,,,,Transfer from Zelle,Transfers,,
02/16/2024,02/16/2024,900.00,Debit,ACH Debit,ACH Debit,,,,,Toyota,Automotive Expenses,2800008,
02/16/2024,02/16/2024,500.00,Debit,ACH Debit,ACH Debit,,,,,Payment to Discover Bank,Credit Card Payments,9100001,
02/16/2024,02/16/2024,500.00,Debit,ACH Debit,ACH Debit,,,,,Payment to Capital One,Credit Card Payments,5607361,
02/16/2024,02/16/2024,500.00,Debit,ACH Debit,ACH Debit,,,,,Payment to Chase,Credit Card Payments,2100002,
02/16/2024,02/15/2024,259.74,Debit,POS,POS,,,,,Etsy,General Merchandise,,
02/16/2024,02/14/2024,31.11,Debit,POS,POS,,,,,Pizza Boli's,Restaurants/Dining,,
02/16/2024,02/16/2024,28.94,Debit,POS,POS,,,,,Brooklyn Tea,Restaurants/Dining,,
02/15/2024,02/15/2024,600.00,Debit,Transfer,Transfer,,,,,Transfer To Credit Card -9005,Credit Card Payments,,
02/15/2024,02/15/2024,1709.22,Credit,ACH Credit,ACH Credit,,,,,Deposit Henry M Jackson Payroll,Paychecks/Salary,5200163,
02/14/2024,02/14/2024,1338.03,Debit,ACH Debit,ACH Debit,,,,,Payment to Best Egg,Loans,9100001,
02/14/2024,02/14/2024,24.10,Debit,POS,POS,,,,,Ledo Pizza,Restaurants/Dining,,
02/14/2024,02/13/2024,17.43,Debit,POS,POS,,,,,Debit- XX 6114 Franks Den Glen Burnie MD,Service Charges/Fees,,
02/14/2024,02/14/2024,4524.37,Credit,ACH Credit,ACH Credit,,,,,Microsoft Deposit,Deposits,11100001,
02/13/2024,02/13/2024,79.99,Debit,ACH Debit,ACH Debit,,,,,Payment to Verizon,Telephone Services,3100003,
02/13/2024,02/12/2024,15.85,Debit,POS,POS,,,,,Giant Food,Groceries,,
02/12/2024,02/11/2024,90.57,Debit,POS,POS,,,,,Harris Teeter,Groceries,,
02/12/2024,02/09/2024,66.88,Debit,POS,POS,,,,,Walmart,General Merchandise,,
02/12/2024,02/10/2024,37.35,Debit,POS,POS,,,,,Sheetz,Groceries,,
02/12/2024,02/10/2024,34.68,Debit,POS,POS,,,,,Debit- XX 6114 Tst* Southern Blue Hanover MD,Restaurants/Dining,,
02/12/2024,02/11/2024,33.88,Debit,POS,POS,,,,,Sprouts Farmers Market,Groceries,,
02/12/2024,02/11/2024,22.12,Debit,POS,POS,,,,,Target,General Merchandise,,
02/12/2024,02/10/2024,19.16,Debit,POS,POS,,,,,Giant Food,Groceries,,
02/12/2024,02/11/2024,13.23,Debit,POS,POS,,,,,Giant Food,Groceries,,
02/12/2024,02/11/2024,10.25,Debit,POS,POS,,,,,7-Eleven,Groceries,,
02/12/2024,02/09/2024,8.79,Debit,POS,POS,,,,,Taco Bell,Restaurants/Dining,,
02/09/2024,02/09/2024,600.00,Debit,ACH Debit,ACH Debit,,,,,Lowe's,Home Improvement,4220268,
02/08/2024,02/07/2024,12.67,Debit,POS,POS,,,,,Zazzle,General Merchandise,,
02/08/2024,02/06/2024,10.91,Debit,POS,POS,,,,,Chick-fil-A,Restaurants/Dining,,
02/07/2024,02/07/2024,102.89,Debit,POS,POS,,,,,Walmart,General Merchandise,,
02/07/2024,02/06/2024,33.89,Debit,POS,POS,,,,,Target,General Merchandise,,
02/06/2024,02/05/2024,99.00,Debit,POS,POS,,,,,Constellation Home,Home Maintenance,,
02/06/2024,02/06/2024,60.60,Debit,POS,POS,,,,,Debit- XX 6114 Shri Sai Kripa Httpstherango MD,Restaurants/Dining,,
02/06/2024,02/05/2024,10.00,Debit,POS,POS,,,,,LA Fitness,Personal Care,,
02/06/2024,02/05/2024,8.71,Debit,POS,POS,,,,,CVS Pharmacy,Healthcare/Medical,,
02/06/2024,02/05/2024,1.90,Debit,POS,POS,,,,,CVS Pharmacy,Healthcare/Medical,,
02/05/2024,02/05/2024,2107.66,Debit,ACH Debit,ACH Debit,,,,,JPMorgan,Securities Trades,2100002,
02/05/2024,02/05/2024,616.54,Debit,ACH Debit,ACH Debit,,,,,Payment to New York Life,Insurance,2100002,
02/05/2024,02/03/2024,195.61,Debit,POS,POS,,,,,Payment to AT&T,Telephone Services,,
02/05/2024,02/01/2024,91.00,Debit,POS,POS,,,,,Lib's Grill,Restaurants/Dining,,
02/05/2024,02/04/2024,59.64,Debit,POS,POS,,,,,Giant Food,Groceries,,
02/05/2024,02/02/2024,43.35,Debit,POS,POS,,,,,Royal Farms,Groceries,,
02/05/2024,02/02/2024,32.84,Debit,POS,POS,,,,,Pizza Boli's,Restaurants/Dining,,
02/05/2024,02/02/2024,23.30,Debit,POS,POS,,,,,Ledo Pizza,Restaurants/Dining,,
02/02/2024,02/01/2024,124.05,Debit,POS,POS,,,,,Debit- XX 6114 Oak Hall Cap & Gow XX-0429 VA,Clothing/Shoes,,
02/02/2024,02/01/2024,2.49,Debit,POS,POS,,,,,Apple,Electronics,,
02/01/2024,02/01/2024,3197.10,Debit,ACH Debit,ACH Debit,,,,,Payment to Apple Card,Credit Card Payments,12408508,
02/01/2024,02/01/2024,717.00,Debit,ACH Debit,ACH Debit,,,,,Payment to Chase,Credit Card Payments,2100002,
02/01/2024,02/01/2024,35.00,Debit,ACH Debit,ACH Debit,,,,,Transfer to Venmo,Transfers,9100001,
02/01/2024,01/31/2024,139.90,Debit,POS,POS,,,,,HomeGoods,General Merchandise,,
02/01/2024,01/31/2024,76.42,Debit,POS,POS,,,,,Target,General Merchandise,,
02/01/2024,01/31/2024,45.77,Debit,POS,POS,,,,,Total Wine & More,Groceries,,
02/01/2024,01/31/2024,36.88,Debit,POS,POS,,,,,Harris Teeter,Groceries,,
02/01/2024,02/01/2024,1815.76,Credit,ACH Credit,ACH Credit,,,,,Deposit Henry M Jackson Payroll,Paychecks/Salary,5200163,
01/31/2024,01/31/2024,0.75,Credit,Credit,Credit,,,,,Interest Income,Interest,,
01/31/2024,01/31/2024,600.00,Debit,Transfer,Transfer,,,,,Transfer To Credit Card -7148,Credit Card Payments,,
01/31/2024,01/31/2024,800.00,Debit,Debit,Debit,,,,,Cash Withdrawal,ATM/Cash Withdrawals,,
01/30/2024,01/30/2024,198.00,Debit,ACH Debit,ACH Debit,,,,,Payment to Baltimore Gas and Electric Company,Utilities,9100001,
01/30/2024,01/30/2024,88.12,Debit,ACH Debit,ACH Debit,,,,,Payment to Citizens Bank,Loans,4330513,
01/30/2024,01/30/2024,10072.71,Credit,ACH Credit,ACH Credit,,,,,Microsoft Deposit,Deposits,11100001,
01/29/2024,01/27/2024,20.14,Debit,POS,POS,,,,,DoorDash,Restaurants/Dining,,
01/29/2024,01/28/2024,10.00,Debit,POS,POS,,,,,LA Fitness,Personal Care,,
01/29/2024,01/29/2024,29.00,Debit,Debit,Debit,,,,,Returned Item Fee Check# XX0002,Service Charges/Fees,2100002,
01/29/2024,01/28/2024,17.11,Credit,Credit,Credit,,,,,Target,General Merchandise,,
01/26/2024,01/26/2024,35.99,Debit,POS,POS,,,,,Debit- XX 6114 Girl Scouts Of The XX-4467 NY,Charitable Giving,,
01/25/2024,01/24/2024,20.00,Debit,POS,POS,,,,,Debit- XX 8678 Chynnea Marie Beau Www.chynneama MD,Other Expenses,,
01/25/2024,01/23/2024,5.93,Debit,POS,POS,,,,,Auntie Anne's,Restaurants/Dining,,
01/25/2024,01/24/2024,3.17,Debit,POS,POS,,,,,Jersey Mike's Subs,Restaurants/Dining,,
01/24/2024,01/23/2024,5.02,Debit,POS,POS,,,,,Crate & Barrel,General Merchandise,,
01/24/2024,01/23/2024,27.65,Credit,Credit,Credit,,,,,Banana Republic,Clothing/Shoes,,
01/23/2024,01/23/2024,537.47,Debit,ACH Debit,ACH Debit,,,,,Payment to Best Egg,Loans,9100001,
01/23/2024,01/22/2024,169.87,Debit,POS,POS,,,,,Debit- XX 6114 Annearundelco-util XX-1144 MD,Utilities,,
01/23/2024,01/22/2024,47.95,Debit,POS,POS,,,,,Etsy,General Merchandise,,
01/23/2024,01/22/2024,17.11,Debit,POS,POS,,,,,Target,General Merchandise,,
01/23/2024,01/20/2024,9.98,Debit,POS,POS,,,,,Sam's Market,Groceries,,
01/23/2024,01/22/2024,5.00,Debit,POS,POS,,,,,Debit- XX 8678 Chynnea Marie Beau Www.chynneama MD,Other Expenses,,
01/22/2024,01/20/2024,64.05,Debit,POS,POS,,,,,Debit- XX 8678 Sp Aarin&co. Httpsaarinand MD,Clothing/Shoes,,
01/22/2024,01/21/2024,30.64,Debit,POS,POS,,,,,Trader Joe's,Groceries,,
01/22/2024,01/20/2024,30.50,Debit,POS,POS,,,,,Debit- XX 8678 Muddy Creek Liquor XX6267 MD,Groceries,,
01/22/2024,01/21/2024,16.35,Debit,POS,POS,,,,,Giant Food,Groceries,,
01/22/2024,01/19/2024,14.81,Debit,POS,POS,,,,,Transfer to Apple Cash,Transfers,,
01/22/2024,01/20/2024,10.07,Debit,POS,POS,,,,,Rise Up Coffee,Restaurants/Dining,,
01/22/2024,01/18/2024,3.83,Debit,POS,POS,,,,,Parking Authority-baltimore,Travel,,
01/22/2024,01/21/2024,2.33,Debit,POS,POS,,,,,Wawa,Groceries,,
01/19/2024,01/18/2024,7.99,Debit,POS,POS,,,,,Apple,Electronics,,
01/18/2024,01/18/2024,500.00,Debit,ACH Debit,ACH Debit,,,,,Payment to Chase,Credit Card Payments,2100002,
01/18/2024,01/17/2024,52.71,Debit,POS,POS,,,,,DoorDash,Restaurants/Dining,,
01/18/2024,01/17/2024,41.84,Debit,POS,POS,,,,,Debit- XX 8678 Edgewater Xm Edgewater US,Utilities,,
01/18/2024,01/17/2024,21.98,Debit,POS,POS,,,,,Ledo Pizza,Restaurants/Dining,,
01/18/2024,01/18/2024,1621.95,Credit,ACH Credit,ACH Credit,,,,,Deposit Henry M Jackson Payroll,Paychecks/Salary,5200163,
01/17/2024,01/17/2024,1338.03,Debit,ACH Debit,ACH Debit,,,,,Payment to Best Egg,Loans,9100001,
01/17/2024,01/17/2024,900.00,Debit,ACH Debit,ACH Debit,,,,,Toyota,Automotive Expenses,2800008,
01/17/2024,01/17/2024,500.00,Debit,ACH Debit,ACH Debit,,,,,Payment to Discover Bank,Credit Card Payments,9100001,
01/17/2024,01/16/2024,169.57,Debit,POS,POS,,,,,Nordstrom Rack,Clothing/Shoes,,
01/16/2024,01/16/2024,500.00,Debit,ACH Debit,ACH Debit,,,,,Payment to Capital One,Credit Card Payments,5607361,
01/16/2024,01/16/2024,500.00,Debit,Transfer,Transfer,,,,,Transfer To Credit Card -9005,Credit Card Payments,,
01/16/2024,01/12/2024,228.37,Debit,POS,POS,,,,,Chart House,Restaurants/Dining,,
01/16/2024,01/14/2024,105.67,Debit,POS,POS,,,,,Harris Teeter,Groceries,,
01/16/2024,01/13/2024,55.00,Debit,POS,POS,,,,,Polished,Personal Care,,
01/16/2024,01/13/2024,42.02,Debit,POS,POS,,,,,Debit- XX 6114 Di Pasquales Marke Baltimore MD,Groceries,,
01/16/2024,01/13/2024,38.96,Debit,POS,POS,,,,,Debit- XX 8678 Tst* Pitango Baker Baltimore MD,Restaurants/Dining,,
01/16/2024,01/12/2024,35.80,Debit,POS,POS,,,,,Target,General Merchandise,,
01/16/2024,01/12/2024,30.00,Debit,POS,POS,,,,,Target,General Merchandise,,
01/16/2024,01/12/2024,29.98,Debit,POS,POS,,,,,Debit- XX 8678 Sq *bird In Hand C Baltimore MD,Restaurants/Dining,,
01/16/2024,01/12/2024,21.09,Debit,POS,POS,,,,,Clark Burger,Restaurants/Dining,,
01/16/2024,01/13/2024,20.28,Debit,POS,POS,,,,,Greedy Reads,Hobbies,,
01/16/2024,01/14/2024,16.96,Debit,POS,POS,,,,,Debit- XX 6114 Tst* Pitango Baker XX-6447 MD,Restaurants/Dining,,
01/16/2024,01/14/2024,13.62,Debit,POS,POS,,,,,Debit- XX 8678 Tst* Pitango Baker Baltimore MD,Restaurants/Dining,,
01/16/2024,01/13/2024,7.41,Debit,POS,POS,,,,,Debit- XX 6114 Di Pasquales Marke Baltimore MD,Groceries,,
01/16/2024,01/13/2024,2.37,Debit,POS,POS,,,,,Parking Authority-baltimore,Travel,,
01/16/2024,01/12/2024,2.00,Debit,POS,POS,,,,,Parking Authority-baltimore,Travel,,
01/16/2024,01/16/2024,200.00,Debit,ATM,ATM,,,,,ATM Withdrawal,ATM/Cash Withdrawals,,
01/16/2024,01/12/2024,0.10,Credit,Credit,Credit,,,,,Target,General Merchandise,,
01/12/2024,01/12/2024,79.99,Debit,ACH Debit,ACH Debit,,,,,Payment to Verizon,Telephone Services,3100003,
01/11/2024,01/09/2024,42.07,Debit,POS,POS,,,,,Safeway,Groceries,,
01/11/2024,01/10/2024,20.66,Debit,POS,POS,,,,,Levi Strauss & Co.,Clothing/Shoes,,
01/11/2024,01/10/2024,4.23,Debit,POS,POS,,,,,Apple,Electronics,,
01/11/2024,01/11/2024,4841.65,Credit,ACH Credit,ACH Credit,,,,,Microsoft Deposit,Deposits,11100001,
01/10/2024,01/09/2024,518.22,Debit,POS,POS,,,,,Airbnb,Travel,,
01/10/2024,01/09/2024,111.83,Debit,POS,POS,,,,,Levi Strauss & Co.,Clothing/Shoes,,
01/10/2024,01/09/2024,71.82,Debit,POS,POS,,,,,Target,General Merchandise,,
01/10/2024,01/09/2024,52.00,Debit,POS,POS,,,,,Debit- XX 6114 The Senator Theatr Baltimore MD,Entertainment,,
01/10/2024,01/10/2024,11.43,Debit,POS,POS,,,,,Steamgames,Entertainment,,
01/10/2024,01/09/2024,5.21,Debit,POS,POS,,,,,Debit- XX 8678 Lake Shore Family Lake Shore MD,Healthcare/Medical,,
01/09/2024,01/09/2024,300.00,Debit,ACH Debit,ACH Debit,,,,,Lowe's,Home Improvement,4220268,
01/08/2024,01/06/2024,113.95,Debit,POS,POS,,,,,Debit- XX 8678 Weather Gage XX9500 MD,Online Services,,
01/08/2024,01/05/2024,100.00,Debit,POS,POS,,,,,Sew More Couture,Clothing/Shoes,,
01/08/2024,01/06/2024,74.41,Debit,POS,POS,,,,,Banana Republic,Clothing/Shoes,,
01/08/2024,01/05/2024,45.53,Debit,POS,POS,,,,,Asean Bistro,Restaurants/Dining,,
01/08/2024,01/05/2024,37.09,Debit,POS,POS,,,,,Target,General Merchandise,,
01/08/2024,01/06/2024,28.31,Debit,POS,POS,,,,,Giant Food,Groceries,,
01/08/2024,01/05/2024,20.88,Debit,POS,POS,,,,,Giant Food,Groceries,,
01/08/2024,01/06/2024,16.96,Debit,POS,POS,,,,,Rise Up Coffee,Restaurants/Dining,,
01/08/2024,01/05/2024,10.00,Debit,POS,POS,,,,,LA Fitness,Personal Care,,
01/08/2024,01/05/2024,2.49,Debit,POS,POS,,,,,Apple,Electronics,,
01/05/2024,01/05/2024,100.00,Debit,ACH Debit,ACH Debit,,,,,Payment to Chase,Credit Card Payments,2100002,
01/05/2024,01/04/2024,77.09,Debit,POS,POS,,,,,Torrid,Clothing/Shoes,,
01/05/2024,01/05/2024,3.90,Debit,POS,POS,,,,,Debit- XX 6114 College Transcript XX-4200 VA,Education,,
01/04/2024,01/04/2024,2114.83,Debit,ACH Debit,ACH Debit,,,,,JPMorgan,Securities Trades,2100002,
01/04/2024,01/04/2024,616.54,Debit,ACH Debit,ACH Debit,,,,,Payment to New York Life,Insurance,2100002,
01/04/2024,01/04/2024,600.00,Debit,Transfer,Transfer,,,,,Transfer To Credit Card -7148,Credit Card Payments,,
01/04/2024,01/03/2024,195.61,Debit,POS,POS,,,,,Payment to AT&T,Telephone Services,,
01/04/2024,01/02/2024,50.25,Debit,POS,POS,,,,,Debit- XX 6114 Vcn*maryland Vital XX1838 MD,Online Services,,
01/04/2024,01/02/2024,50.25,Debit,POS,POS,,,,,Debit- XX 6114 Vcn*maryland Vital XX1838 MD,Online Services,,
01/04/2024,01/03/2024,25.84,Debit,POS,POS,,,,,Papa John's Pizza,Restaurants/Dining,,
01/02/2024,01/02/2024,500.00,Debit,ACH Debit,ACH Debit,,,,,Payment to Apple Card,Credit Card Payments,12408508,
01/02/2024,12/31/2023,153.45,Debit,POS,POS,,,,,"Debit- XX 6114 Mayoral Usa, Inc. Miami FL",Personal Care,,
01/02/2024,12/31/2023,105.99,Debit,POS,POS,,,,,Naturalizer,Clothing/Shoes,,
01/02/2024,12/30/2023,67.22,Debit,POS,POS,,,,,Giant Food,Groceries,,
01/02/2024,12/30/2023,62.90,Debit,POS,POS,,,,,Iron Rooster,Restaurants/Dining,,
01/02/2024,12/29/2023,27.96,Debit,POS,POS,,,,,Safeway,Groceries,,
01/02/2024,01/01/2024,25.80,Debit,POS,POS,,,,,Giant Food,Groceries,,
01/02/2024,12/31/2023,22.35,Debit,POS,POS,,,,,Wegmans,Groceries,,
01/02/2024,01/01/2024,15.25,Debit,POS,POS,,,,,Target,General Merchandise,,
01/02/2024,12/30/2023,14.92,Debit,POS,POS,,,,,Daily Grind,Restaurants/Dining,,
01/02/2024,12/30/2023,7.00,Debit,POS,POS,,,,,Harris Teeter,Groceries,,
01/02/2024,01/02/2024,500.00,Debit,ATM,ATM,,,,,ATM Withdrawal,ATM/Cash Withdrawals,,
01/02/2024,01/02/2024,3000.00,Credit,Deposit,Deposit,,,,,ATM Deposit,Deposits,,
01/02/2024,12/31/2023,56.16,Credit,Credit,Credit,,,,,Dick's Sporting Goods,General Merchandise,,
12/29/2023,12/29/2023,0.51,Credit,Credit,Credit,,,,,Interest Income,Interest,,
12/29/2023,12/29/2023,198.00,Debit,ACH Debit,ACH Debit,,,,,Payment to Baltimore Gas and Electric Company,Utilities,9100001,
12/29/2023,12/29/2023,305.32,Debit,POS,POS,,,,,Sam's Club,General Merchandise,,
12/29/2023,12/28/2023,15.00,Debit,POS,POS,,,,,Debit- XX 8678 Chynnea Marie Beau Chynneamarieb MD,Clothing/Shoes,,
12/29/2023,12/28/2023,10.00,Debit,POS,POS,,,,,LA Fitness,Personal Care,,
12/29/2023,12/29/2023,250.00,Debit,ATM,ATM,,,,,ATM Withdrawal,ATM/Cash Withdrawals,,
12/28/2023,12/28/2023,88.12,Debit,ACH Debit,ACH Debit,,,,,- Citizens Pay Line Of Cr XX0513,Loans,4330513,
12/28/2023,12/27/2023,17.17,Debit,POS,POS,,,,,Giant Food,Groceries,,
12/28/2023,12/27/2023,5.00,Debit,POS,POS,,,,,Debit- XX 8678 Chynnea Marie Beau Chynneamarieb MD,Clothing/Shoes,,
12/28/2023,12/28/2023,5158.07,Credit,ACH Credit,ACH Credit,,,,,Microsoft Deposit,Deposits,11100001,
12/27/2023,12/27/2023,29.00,Debit,Debit,Debit,,,,,Returned Item Fee Check# XX0002,Service Charges/Fees,2100002,
12/26/2023,12/26/2023,537.47,Debit,ACH Debit,ACH Debit,,,,,Payment to Best Egg,Loans,9100001,
12/26/2023,12/22/2023,53.58,Debit,POS,POS,,,,,Harris Teeter,Groceries,,
12/26/2023,12/22/2023,52.98,Debit,POS,POS,,,,,Debit- XX 8678 Paypal *dickssport XX-7733 PA,Transfers,,
12/26/2023,12/22/2023,48.71,Debit,POS,POS,,,,,Ledo Pizza,Restaurants/Dining,,
12/26/2023,12/23/2023,5.38,Debit,POS,POS,,,,,Shipley Do-Nuts,Restaurants/Dining,,
12/26/2023,12/23/2023,3.90,Debit,POS,POS,,,,,Debit- XX 6114 College Transcript XX-4200 VA,Education,,
12/26/2023,12/24/2023,6.35,Credit,Credit,Credit,,,,,Target,General Merchandise,,
12/22/2023,12/21/2023,12.70,Debit,POS,POS,,,,,Target,General Merchandise,,
12/21/2023,12/21/2023,10.00,Debit,ACH Debit,ACH Debit,,,,,Transfer to Venmo,Transfers,9100001,
12/21/2023,12/19/2023,50.25,Debit,POS,POS,,,,,Debit- XX 6114 Vcn*maryland Vital XX1838 MD,Online Services,,
12/21/2023,12/20/2023,42.56,Debit,POS,POS,,,,,Target,General Merchandise,,
12/21/2023,12/19/2023,42.50,Debit,POS,POS,,,,,Debit- XX 8678 Di Pasquales Marke Baltimore MD,Groceries,,
12/21/2023,12/20/2023,15.62,Debit,POS,POS,,,,,First Watch,Restaurants/Dining,,
12/21/2023,12/20/2023,11.98,Debit,POS,POS,,,,,Debit- XX 8678 Ls Bin 201 Wine S XX2011 MD,Groceries,,
12/21/2023,12/20/2023,7.20,Debit,POS,POS,,,,,Target,General Merchandise,,
12/21/2023,12/20/2023,5.63,Debit,POS,POS,,,,,Target,General Merchandise,,
12/21/2023,12/20/2023,4.76,Debit,POS,POS,,,,,Target,General Merchandise,,
12/20/2023,12/20/2023,225.15,Debit,POS,POS,,,,,Debit- XX 8678 Vineyard Vines Llc XX4982 CT,Clothing/Shoes,,
12/20/2023,12/19/2023,49.00,Debit,POS,POS,,,,,LA Fitness,Personal Care,,
12/20/2023,12/19/2023,21.15,Debit,POS,POS,,,,,DoorDash,Restaurants/Dining,,
12/19/2023,12/18/2023,97.10,Debit,POS,POS,,,,,Debit- XX 8678 Sp We Are Amma Httpsweareamm CA,Clothing/Shoes,,
12/19/2023,12/19/2023,7.99,Debit,POS,POS,,,,,Apple,Electronics,,
12/18/2023,12/18/2023,900.00,Debit,ACH Debit,ACH Debit,,,,,Toyota,Automotive Expenses,2800008,
12/18/2023,12/18/2023,450.00,Debit,ACH Debit,ACH Debit,,,,,Payment to Chase,Credit Card Payments,2100002,
12/18/2023,12/18/2023,300.00,Debit,ACH Debit,ACH Debit,,,,,Payment to Capital One,Credit Card Payments,5607361,
12/18/2023,12/18/2023,200.00,Debit,ACH Debit,ACH Debit,,,,,Payment to Discover Bank,Credit Card Payments,9100001,
12/18/2023,12/18/2023,45.00,Debit,ACH Debit,ACH Debit,,,,,Transfer to Venmo,Transfers,9100001,
12/18/2023,12/18/2023,450.00,Debit,Transfer,Transfer,,,,,Transfer To Credit Card -9005,Credit Card Payments,,
12/18/2023,12/15/2023,106.95,Debit,POS,POS,,,,,Crate & Barrel,General Merchandise,,
12/18/2023,12/16/2023,73.14,Debit,POS,POS,,,,,Debit- XX 8678 Sp Kitsch Httpswww.myki CA,Clothing/Shoes,,
12/18/2023,12/16/2023,51.55,Debit,POS,POS,,,,,Giant Food,Groceries,,
12/18/2023,12/17/2023,49.46,Debit,POS,POS,,,,,Bagels 'n Grinds,Restaurants/Dining,,
12/18/2023,12/15/2023,29.22,Debit,POS,POS,,,,,Target,General Merchandise,,
12/18/2023,12/15/2023,22.10,Debit,POS,POS,,,,,Debit- XX 6114 Thai At Waugh Chap Gambrills MD,Restaurants/Dining,,
12/18/2023,12/15/2023,6.56,Debit,POS,POS,,,,,McDonald's,Restaurants/Dining,,
12/18/2023,12/17/2023,5.98,Debit,POS,POS,,,,,Giant Food,Groceries,,
12/15/2023,12/14/2023,48.11,Debit,POS,POS,,,,,Giant Food,Groceries,,
12/15/2023,12/14/2023,40.49,Debit,POS,POS,,,,,Ledo Pizza,Restaurants/Dining,,
12/14/2023,12/14/2023,1338.03,Debit,ACH Debit,ACH Debit,,,,,Payment to Best Egg,Loans,9100001,
12/14/2023,12/14/2023,213.00,Debit,ACH Debit,ACH Debit,,,,,Payment to Synchrony Bank,Credit Card Payments,4220268,
12/14/2023,12/13/2023,500.00,Debit,POS,POS,,,,,Caliber Collision,Automotive Expenses,,
12/14/2023,12/13/2023,19.00,Debit,POS,POS,,,,,Gianni's Pizza,Restaurants/Dining,,
12/14/2023,12/13/2023,4.64,Debit,POS,POS,,,,,7-Eleven,Groceries,,
12/14/2023,12/14/2023,5156.62,Credit,ACH Credit,ACH Credit,,,,,Microsoft Deposit,Deposits,11100001,
12/13/2023,12/12/2023,49.03,Debit,POS,POS,,,,,Debit- XX 8678 Paypal *dickssport XX-7733 PA,Transfers,,
12/13/2023,12/12/2023,38.60,Debit,POS,POS,,,,,7-Eleven,Groceries,,
12/13/2023,12/12/2023,4.75,Debit,POS,POS,,,,,McDonald's,Restaurants/Dining,,
12/13/2023,12/13/2023,250.00,Credit,Credit,Credit,,,,,Adjustment - Cr KeylibmXX0001 Boston US,Refunds/Adjustments,,
12/12/2023,12/12/2023,79.99,Debit,ACH Debit,ACH Debit,,,,,Payment to Verizon,Telephone Services,3100003,
12/12/2023,12/11/2023,4.22,Debit,POS,POS,,,,,McDonald's,Restaurants/Dining,,
12/12/2023,12/10/2023,22.61,Credit,Credit,Credit,,,,,Target,General Merchandise,,
12/11/2023,12/11/2023,300.00,Debit,ACH Debit,ACH Debit,,,,,Lowe's,Home Improvement,4220268,
12/11/2023,12/08/2023,82.68,Debit,POS,POS,,,,,Victoria's Secret,Clothing/Shoes,,
12/08/2023,12/07/2023,118.11,Debit,POS,POS,,,,,Giant Food,Groceries,,
12/08/2023,12/07/2023,10.00,Debit,POS,POS,,,,,LA Fitness,Personal Care,,
12/08/2023,12/07/2023,10.00,Debit,POS,POS,,,,,LA Fitness,Personal Care,,
12/07/2023,12/05/2023,60.39,Debit,POS,POS,,,,,Debit- XX 6114 Columbia Famous Da XX-0091 MD,Other Expenses,,
12/07/2023,12/06/2023,37.07,Debit,POS,POS,,,,,Taichi Bubble Tea,Restaurants/Dining,,
12/07/2023,12/06/2023,36.00,Debit,POS,POS,,,,,Rise Up Coffee,Restaurants/Dining,,
12/06/2023,12/05/2023,125.04,Debit,POS,POS,,,,,Debit- XX 8678 Paypal *haloinnova XX-8632 NY,Transfers,,
12/06/2023,12/04/2023,62.45,Debit,POS,POS,,,,,Target,General Merchandise,,
12/05/2023,12/03/2023,70.00,Debit,POS,POS,,,,,Polished,Personal Care,,
12/05/2023,12/05/2023,500.00,Credit,Transfer,Transfer,,,,,Transfer From Savings -0387,Transfers,,
12/05/2023,12/05/2023,170.00,Credit,ACH Credit,ACH Credit,,,,,Transfer from Venmo,Transfers,9100001,
12/04/2023,12/04/2023,1926.24,Debit,ACH Debit,ACH Debit,,,,,JPMorgan,Securities Trades,2100002,
12/04/2023,12/04/2023,250.00,Debit,ACH Debit,ACH Debit,,,,,Payment to Chase,Credit Card Payments,2100002,
12/04/2023,12/04/2023,550.00,Debit,Transfer,Transfer,,,,,Transfer To Credit Card -7148,Credit Card Payments,,
12/04/2023,12/03/2023,195.61,Debit,POS,POS,,,,,Payment to AT&T,Telephone Services,,
12/04/2023,12/03/2023,165.48,Debit,POS,POS,,,,,"Debit- XX 8678 Mayoral Usa, Inc. Miami FL",Personal Care,,
12/04/2023,12/01/2023,79.00,Debit,POS,POS,,,,,Papis Tacos,Restaurants/Dining,,
12/04/2023,12/01/2023,58.28,Debit,POS,POS,,,,,Debit- XX 8678 Paypal *uproot Lin XX-7733 FL,Transfers,,
12/04/2023,12/01/2023,16.99,Debit,POS,POS,,,,,Debit- XX 6114 Tst* The Royal Blu Baltimore MD,Restaurants/Dining,,
12/04/2023,12/02/2023,12.70,Debit,POS,POS,,,,,The Great Cookie,Restaurants/Dining,,
12/04/2023,12/01/2023,11.40,Debit,POS,POS,,,,,Debit- XX 6114 Kirbies Grill And Baltimore MD,Restaurants/Dining,,
12/04/2023,12/03/2023,10.00,Debit,POS,POS,,,,,Debit- XX 8678 Ewc Canton 0814 Baltimore MD,Groceries,,
12/04/2023,12/01/2023,8.47,Debit,POS,POS,,,,,Domino's Pizza,Restaurants/Dining,,
12/04/2023,12/02/2023,6.80,Debit,POS,POS,,,,,Mamma's Pizza,Restaurants/Dining,,
12/04/2023,12/03/2023,6.03,Debit,POS,POS,,,,,Daily Grind,Restaurants/Dining,,
12/04/2023,12/02/2023,5.36,Debit,POS,POS,,,,,Target,General Merchandise,,
12/04/2023,11/30/2023,5.00,Debit,POS,POS,,,,,Little Italy,Restaurants/Dining,,
12/04/2023,12/03/2023,3.60,Debit,POS,POS,,,,,The Great Cookie,Restaurants/Dining,,
12/04/2023,12/02/2023,2.49,Debit,POS,POS,,,,,Apple,Electronics,,
12/01/2023,12/01/2023,1000.00,Debit,ACH Debit,ACH Debit,,,,,Apple Card Credit Card Payment,Credit Card Payments,12408508,
12/01/2023,11/30/2023,148.27,Debit,POS,POS,,,,,Debit- XX 8678 Tst* Tagliata - At Baltimore MD,Restaurants/Dining,,
12/01/2023,11/30/2023,9.23,Debit,POS,POS,,,,,Debit- XX 6114 Fortune Cooky XX8399 MD,Restaurants/Dining,,
12/01/2023,11/30/2023,8.71,Debit,POS,POS,,,,,The Great Cookie,Restaurants/Dining,,
12/01/2023,11/30/2023,8.42,Debit,POS,POS,,,,,Rise Up Coffee,Restaurants/Dining,,
11/30/2023,11/30/2023,1.11,Credit,Credit,Credit,,,,,Interest,Interest,,
11/30/2023,11/28/2023,143.51,Debit,POS,POS,,,,,Harris Teeter,Groceries,,
11/30/2023,11/30/2023,106.00,Debit,POS,POS,,,,,HomeGoods,General Merchandise,,
11/30/2023,11/29/2023,72.15,Debit,POS,POS,,,,,Transfer,Transfers,,
11/30/2023,11/29/2023,38.38,Debit,POS,POS,,,,,Debit- XX 6114 Kirbies Grill And Baltimore MD,Restaurants/Dining,,
11/30/2023,11/30/2023,15.06,Debit,POS,POS,,,,,Giant Food,Groceries,,
11/30/2023,11/29/2023,11.67,Debit,POS,POS,,,,,Subway,Restaurants/Dining,,
11/30/2023,11/30/2023,7.29,Debit,POS,POS,,,,,Trader Joe's,Groceries,,
11/30/2023,11/29/2023,6.82,Debit,POS,POS,,,,,The Great Cookie,Restaurants/Dining,,
11/30/2023,11/30/2023,300.00,Debit,Debit,Debit,,,,,ATM/Cash Withdrawal,ATM/Cash Withdrawals,,
11/29/2023,11/28/2023,114.33,Debit,POS,POS,,,,,Debit- XX 8678 Sp Birdy Grey Httpsbirdygra CA,Clothing/Shoes,,
11/29/2023,11/28/2023,6.30,Debit,POS,POS,,,,,Rise Up Coffee,Restaurants/Dining,,
11/29/2023,11/29/2023,5160.16,Credit,ACH Credit,ACH Credit,,,,,Microsoft Deposit,Deposits,11100001,
11/28/2023,11/28/2023,198.00,Debit,ACH Debit,ACH Debit,,,,,Baltimore Gas and Electric Company Utilities Payment,Utilities,9100001,
11/28/2023,11/27/2023,95.87,Debit,POS,POS,,,,,Target,General Merchandise,,
11/28/2023,11/28/2023,90.00,Debit,POS,POS,,,,,Zelle Transfer,Transfers,,
11/28/2023,11/27/2023,45.55,Debit,POS,POS,,,,,Wockenfuss Candies,Groceries,,
11/28/2023,11/27/2023,30.00,Debit,POS,POS,,,,,Target,General Merchandise,,
11/28/2023,11/27/2023,20.39,Debit,POS,POS,,,,,Target,General Merchandise,,
11/28/2023,11/27/2023,10.00,Debit,POS,POS,,,,,Target,General Merchandise,,
11/28/2023,11/27/2023,3.44,Debit,POS,POS,,,,,Target,General Merchandise,,
11/28/2023,11/27/2023,2.84,Debit,POS,POS,,,,,The Great Cookie,Restaurants/Dining,,
11/27/2023,11/27/2023,616.54,Debit,ACH Debit,ACH Debit,,,,,New York Life Insurance Payment,Insurance,2100002,
11/27/2023,11/22/2023,183.22,Debit,POS,POS,,,,,Debit- XX 8678 Payne Christmas Tr Elkridge MD,Home Improvement,,
11/27/2023,11/26/2023,75.49,Debit,POS,POS,,,,,Debit- XX 8678 Sp Calabash Tea Calabashtea.c DC,Restaurants/Dining,,
11/27/2023,11/24/2023,71.79,Debit,POS,POS,,,,,Whole Foods Market,Groceries,,
11/27/2023,11/24/2023,63.95,Debit,POS,POS,,,,,Debit- XX 8678 Lifevac Llc XX-3822 NY,Online Services,,
11/27/2023,11/26/2023,58.48,Debit,POS,POS,,,,,Target,General Merchandise,,
11/27/2023,11/22/2023,47.65,Debit,POS,POS,,,,,Debit- XX 8678 Payne Christmas Tr Elkridge MD,Home Improvement,,
11/27/2023,11/24/2023,36.25,Debit,POS,POS,,,,,Sunoco,Gasoline/Fuel,,
11/27/2023,11/25/2023,35.84,Debit,POS,POS,,,,,Whole Foods Market,Groceries,,
11/27/2023,11/24/2023,20.00,Debit,POS,POS,,,,,Rise Up Coffee,Restaurants/Dining,,
11/27/2023,11/21/2023,9.00,Debit,POS,POS,,,,,Debit- XX 6114 Umb Plaza Garage Baltimore MD,Automotive Expenses,,
11/27/2023,11/23/2023,5.99,Debit,POS,POS,,,,,Starbucks,Restaurants/Dining,,
11/27/2023,11/26/2023,5.00,Debit,POS,POS,,,,,Target,General Merchandise,,
11/24/2023,11/24/2023,537.47,Debit,ACH Debit,ACH Debit,,,,,Best Egg Loan,Loans,9100001,
11/24/2023,11/24/2023,40.00,Debit,ACH Debit,ACH Debit,,,,,Venmo Transfer,Transfers,9100001,
11/24/2023,11/22/2023,347.50,Debit,POS,POS,,,,,The Womb Room,Other Expenses,,
11/24/2023,11/23/2023,190.07,Debit,POS,POS,,,,,Debit- XX 8678 Sp Bombas Httpsbombas.c NY,Entertainment,,
11/24/2023,11/21/2023,175.58,Debit,POS,POS,,,,,Famous Dave's,Restaurants/Dining,,
11/24/2023,11/23/2023,78.44,Debit,POS,POS,,,,,Victoria's Secret,Clothing/Shoes,,
11/24/2023,11/22/2023,33.69,Debit,POS,POS,,,,,Franks Pizza,Restaurants/Dining,,
11/24/2023,11/24/2023,300.00,Debit,ACH Debit,ACH Debit,,,,,ACH Debit - Claudaya Hood Be,Home Improvement,9999999999,
11/22/2023,11/21/2023,127.20,Debit,POS,POS,,,,,Transfer,Transfers,,
11/22/2023,11/21/2023,37.50,Debit,POS,POS,,,,,Debit- XX 6114 Umms Parking Baltimore MD,Travel,,
11/22/2023,11/20/2023,14.05,Debit,POS,POS,,,,,McDonald's,Restaurants/Dining,,
11/22/2023,11/21/2023,11.18,Debit,POS,POS,,,,,Target,General Merchandise,,
11/22/2023,11/19/2023,9.00,Debit,POS,POS,,,,,Debit- XX 6114 Umb Plaza Garage Baltimore MD,Automotive Expenses,,
11/21/2023,11/21/2023,8.50,Credit,Credit,Credit,,,,,ATM Rebate,Refunds/Adjustments,,
11/21/2023,11/21/2023,100.00,Debit,ACH Debit,ACH Debit,,,,,Venmo Transfer,Transfers,9100001,
11/21/2023,11/20/2023,127.19,Debit,POS,POS,,,,,Target,General Merchandise,,
11/21/2023,11/20/2023,80.78,Debit,POS,POS,,,,,A.l.e.x,Entertainment,,
11/21/2023,11/18/2023,27.00,Debit,POS,POS,,,,,Debit- XX 6114 Umb Plaza Garage Baltimore MD,Automotive Expenses,,
11/21/2023,11/20/2023,18.38,Debit,POS,POS,,,,,The Great Cookie,Restaurants/Dining,,
11/21/2023,11/20/2023,11.09,Debit,POS,POS,,,,,Target,General Merchandise,,
11/21/2023,11/18/2023,8.00,Debit,POS,POS,,,,,Debit- XX 6114 Umb Plaza Garage Baltimore MD,Automotive Expenses,,
11/21/2023,11/19/2023,5.78,Debit,POS,POS,,,,,Starbucks,Restaurants/Dining,,
11/21/2023,11/19/2023,3.73,Debit,POS,POS,,,,,Mamma's Pizza,Restaurants/Dining,,
11/21/2023,11/21/2023,3500.00,Credit,Transfer,Transfer,,,,,Transfer,Transfers,,
11/20/2023,11/20/2023,35.00,Debit,ACH Debit,ACH Debit,,,,,Venmo Transfer,Transfers,9100001,
11/20/2023,11/19/2023,69.91,Debit,POS,POS,,,,,Target,General Merchandise,,
11/20/2023,11/19/2023,7.99,Debit,POS,POS,,,,,Apple,Electronics,,
11/20/2023,11/19/2023,6.04,Debit,POS,POS,,,,,Target,General Merchandise,,
11/17/2023,11/17/2023,405.00,Debit,ACH Debit,ACH Debit,,,,,Chase Credit Card Payment,Credit Card Payments,2100002,
11/17/2023,11/17/2023,400.00,Debit,ACH Debit,ACH Debit,,,,,Capital One Credit Card Payment,Credit Card Payments,5607361,
11/17/2023,11/17/2023,288.19,Debit,ACH Debit,ACH Debit,,,,,Discover Bank Credit Card Payment,Credit Card Payments,9100001,
11/17/2023,11/17/2023,100.00,Debit,ACH Debit,ACH Debit,,,,,Chase Credit Card Payment,Credit Card Payments,2100002,
11/17/2023,11/17/2023,50.00,Debit,POS,POS,,,,,Zelle Transfer,Transfers,,
11/16/2023,11/16/2023,900.00,Debit,ACH Debit,ACH Debit,,,,,Toyota,Automotive Expenses,2800008,
11/16/2023,11/16/2023,500.00,Debit,Transfer,Transfer,,,,,Credit Card Payment,Credit Card Payments,,
11/16/2023,11/15/2023,158.50,Debit,ATM,ATM,,,,,ATM/Cash Withdrawal,ATM/Cash Withdrawals,,
11/16/2023,11/15/2023,1.00,Debit,Debit,Debit,,,,,Other Charges/Fees,Service Charges/Fees,,
11/15/2023,11/14/2023,167.70,Debit,POS,POS,,,,,Kindred Bravely,Other Expenses,,
11/15/2023,11/13/2023,8.48,Debit,POS,POS,,,,,Debit- XX 8678 Di Pasquales Marke Baltimore MD,Groceries,,
11/14/2023,11/14/2023,1338.03,Debit,ACH Debit,ACH Debit,,,,,Best Egg Loan,Loans,9100001,
11/14/2023,11/14/2023,300.00,Debit,ACH Debit,ACH Debit,,,,,Synchrony Bank Credit Card Payment,Credit Card Payments,4220268,
11/14/2023,11/14/2023,79.99,Debit,ACH Debit,ACH Debit,,,,,Verizon,Telephone Services,3100003,
11/14/2023,11/14/2023,15.00,Debit,ACH Debit,ACH Debit,,,,,Venmo Transfer,Transfers,9100001,
11/14/2023,11/13/2023,49.00,Debit,POS,POS,,,,,LA Fitness,Personal Care,,
11/14/2023,11/13/2023,21.25,Debit,POS,POS,,,,,Sephora,Personal Care,,
11/14/2023,11/14/2023,5160.17,Credit,ACH Credit,ACH Credit,,,,,Microsoft Deposit,Deposits,11100001,
11/14/2023,11/14/2023,98.25,Credit,Credit,Credit,,,,,Adjustment - Cr Venmo*stephan Ryan New York City NY US,Refunds/Adjustments,,
11/13/2023,11/12/2023,100.00,Debit,POS,POS,,,,,Transfer,Transfers,,
11/13/2023,11/11/2023,58.33,Debit,POS,POS,,,,,Janie and Jack,Child/Dependent Expenses,,
11/13/2023,11/12/2023,30.00,Debit,POS,POS,,,,,Chipotle Mexican Grill,Restaurants/Dining,,
11/13/2023,11/10/2023,26.95,Debit,POS,POS,,,,,Giant Food,Groceries,,
11/13/2023,11/10/2023,26.69,Debit,POS,POS,,,,,Target,General Merchandise,,
11/13/2023,11/10/2023,15.78,Debit,POS,POS,,,,,Target,General Merchandise,,
11/13/2023,11/09/2023,9.00,Debit,POS,POS,,,,,Debit- XX 6114 Umb Plaza Garage Baltimore MD,Automotive Expenses,,
11/13/2023,11/09/2023,7.84,Debit,POS,POS,,,,,Starbucks,Restaurants/Dining,,
11/13/2023,11/09/2023,5.57,Debit,POS,POS,,,,,Starbucks,Restaurants/Dining,,
11/13/2023,11/12/2023,63.00,Debit,ATM,ATM,,,,,ATM/Cash Withdrawal,ATM/Cash Withdrawals,,
11/13/2023,11/12/2023,1.00,Debit,Debit,Debit,,,,,Other Charges/Fees,Service Charges/Fees,,
11/10/2023,11/09/2023,24.00,Debit,POS,POS,,,,,Best Cleaners,Personal Care,,
11/10/2023,11/09/2023,20.72,Debit,POS,POS,,,,,Debit- XX0071 Cava Arundel Hanover MD,Restaurants/Dining,,
11/10/2023,11/08/2023,17.18,Debit,POS,POS,,,,,Cured,Restaurants/Dining,,
11/10/2023,11/08/2023,9.76,Debit,POS,POS,,,,,Starbucks,Restaurants/Dining,,
11/10/2023,11/09/2023,9.29,Debit,POS,POS,,,,,The Great Cookie,Restaurants/Dining,,
11/10/2023,11/09/2023,7.08,Debit,POS,POS,,,,,McDonald's,Restaurants/Dining,,
11/10/2023,11/08/2023,4.45,Debit,POS,POS,,,,,Starbucks,Restaurants/Dining,,
11/09/2023,11/07/2023,10.29,Debit,POS,POS,,,,,Starbucks,Restaurants/Dining,,
11/09/2023,11/07/2023,6.57,Debit,POS,POS,,,,,Starbucks,Restaurants/Dining,,
11/08/2023,11/07/2023,270.30,Debit,POS,POS,,,,,Debit- XX 8678 Sp Lovealllittleon Httpswww.meet NY,Clothing/Shoes,,
11/08/2023,11/07/2023,31.51,Debit,POS,POS,,,,,Debit- XX 6114 Mali Thai Glen Burnie MD,Restaurants/Dining,,
11/08/2023,11/07/2023,2.64,Debit,POS,POS,,,,,McDonald's,Restaurants/Dining,,
11/07/2023,11/07/2023,34.22,Debit,POS,POS,,,,,TGI Friday's,Restaurants/Dining,,
11/06/2023,11/06/2023,2228.51,Debit,ACH Debit,ACH Debit,,,,,Chase Credit Card Payment,Credit Card Payments,2100002,
11/06/2023,11/06/2023,300.00,Debit,ACH Debit,ACH Debit,,,,,Lowe's,Home Improvement,4220268,
11/06/2023,11/06/2023,750.00,Debit,Transfer,Transfer,,,,,Credit Card Payment,Credit Card Payments,,
11/06/2023,11/03/2023,225.43,Debit,POS,POS,,,,,PayPal Transfer,Transfers,,
11/06/2023,11/03/2023,195.61,Debit,POS,POS,,,,,AT&T,Cable/Satellite Services,,
11/06/2023,11/04/2023,58.06,Debit,POS,POS,,,,,Harris Teeter,Groceries,,
11/06/2023,11/03/2023,44.50,Debit,POS,POS,,,,,Cost Plus World Market,General Merchandise,,
11/06/2023,11/03/2023,43.45,Debit,POS,POS,,,,,Target,General Merchandise,,
11/06/2023,11/05/2023,39.99,Debit,POS,POS,,,,,LA Fitness,Personal Care,,
11/06/2023,11/03/2023,39.79,Debit,POS,POS,,,,,Debit- XX 8678 Sq *diablo Doughnu Nottingham MD,Restaurants/Dining,,
11/06/2023,11/03/2023,39.60,Debit,POS,POS,,,,,Five Guys,Restaurants/Dining,,
11/06/2023,11/02/2023,37.00,Debit,POS,POS,,,,,Debit- XX 8678 Tst* The Olive Tre Glen Burnie MD,Restaurants/Dining,,
11/06/2023,11/05/2023,36.03,Debit,POS,POS,,,,,la buena empa,Restaurants/Dining,,
11/06/2023,11/04/2023,22.10,Debit,POS,POS,,,,,Cold Stone Creamery,Restaurants/Dining,,
11/06/2023,11/05/2023,16.67,Debit,POS,POS,,,,,Giant Food,Groceries,,
11/06/2023,11/04/2023,14.95,Debit,POS,POS,,,,,The Creamery,Restaurants/Dining,,
11/06/2023,11/02/2023,11.29,Debit,POS,POS,,,,,Starbucks,Restaurants/Dining,,
11/06/2023,11/04/2023,10.95,Debit,POS,POS,,,,,Tax Payment,Taxes,,
11/06/2023,11/01/2023,9.00,Debit,POS,POS,,,,,Debit- XX 6114 Umb Plaza Garage Baltimore MD,Automotive Expenses,,
11/06/2023,11/03/2023,7.67,Debit,POS,POS,,,,,McDonald's,Restaurants/Dining,,
11/06/2023,11/03/2023,7.42,Debit,POS,POS,,,,,Debit- XX 8678 Sq *diablo Doughnu Nottingham MD,Restaurants/Dining,,
11/06/2023,11/03/2023,7.10,Debit,POS,POS,,,,,Starbucks,Restaurants/Dining,,
11/06/2023,11/05/2023,4.18,Debit,POS,POS,,,,,Giant Food,Groceries,,
11/03/2023,11/03/2023,1957.35,Debit,ACH Debit,ACH Debit,,,,,JPMorgan Transfer,Securities Trades,2100002,
11/03/2023,11/03/2023,616.54,Debit,ACH Debit,ACH Debit,,,,,New York Life Insurance Payment,Insurance,2100002,
11/03/2023,11/02/2023,158.99,Debit,POS,POS,,,,,Target,General Merchandise,,
11/03/2023,11/02/2023,113.21,Debit,POS,POS,,,,,Lowe's,Home Improvement,,
11/03/2023,10/31/2023,90.05,Debit,POS,POS,,,,,eBay,General Merchandise,,
11/03/2023,10/31/2023,90.05,Debit,POS,POS,,,,,eBay,General Merchandise,,
11/03/2023,11/02/2023,16.84,Debit,POS,POS,,,,,Michaels,Hobbies,,
11/03/2023,11/02/2023,10.59,Debit,POS,POS,,,,,Edible Arrangements,Gifts,,
11/02/2023,11/02/2023,537.47,Debit,ACH Debit,ACH Debit,,,,,Best Egg Loan,Loans,9100001,
11/02/2023,11/01/2023,28.57,Debit,POS,POS,,,,,Target,General Merchandise,,
11/02/2023,11/01/2023,26.79,Debit,POS,POS,,,,,Ledo Pizza,Restaurants/Dining,,
11/02/2023,10/31/2023,12.19,Debit,POS,POS,,,,,Debit- XX 8678 Seoul Blues Annapolis MD,Restaurants/Dining,,
11/02/2023,11/01/2023,10.01,Debit,POS,POS,,,,,Rise Up Coffee,Restaurants/Dining,,
11/02/2023,11/01/2023,5.28,Debit,POS,POS,,,,,McDonald's,Restaurants/Dining,,
11/02/2023,11/01/2023,5.11,Debit,POS,POS,,,,,Pos Debit-    6114 6114 In *the Perfect Fi Glen Burnie MD,Service Charges/Fees,,
11/02/2023,11/01/2023,2.49,Debit,POS,POS,,,,,Apple,Electronics,,
11/02/2023,11/02/2023,158.00,Credit,Credit,Credit,,,,,Zelle Transfer,Transfers,,
11/01/2023,11/01/2023,500.00,Debit,ACH Debit,ACH Debit,,,,,Apple Card Credit Card Payment,Credit Card Payments,12408508,
11/01/2023,11/01/2023,175.00,Debit,ACH Debit,ACH Debit,,,,,Venmo Transfer,Transfers,9100001,
11/01/2023,10/31/2023,263.56,Debit,POS,POS,,,,,Babylist,Child/Dependent Expenses,,
11/01/2023,10/31/2023,58.47,Debit,POS,POS,,,,,Target,General Merchandise,,
11/01/2023,10/31/2023,53.60,Debit,POS,POS,,,,,Michaels,Hobbies,,
11/01/2023,10/31/2023,32.85,Debit,POS,POS,,,,,Debit- XX 8678 Coopers Hawk Annap Annapolis MD,Restaurants/Dining,,
11/01/2023,10/31/2023,15.88,Debit,POS,POS,,,,,Apple,Electronics,,
11/01/2023,10/31/2023,10.00,Debit,POS,POS,,,,,Target,General Merchandise,,
11/01/2023,11/01/2023,500.00,Debit,ACH Debit,ACH Debit,,,,,ACH Debit - Claudaya Hood Be,Home Improvement,9999999999,
11/01/2023,11/01/2023,35.00,Credit,Credit,Credit,,,,,Zelle Transfer,Transfers,,
10/31/2023,10/31/2023,0.79,Credit,Credit,Credit,,,,,Dividend,,,
10/31/2023,10/31/2023,197.87,Debit,ACH Debit,ACH Debit,,,,,ACH Debit - Baltimore Gas An  Billpay 9100001,,9100001,
10/31/2023,10/30/2023,104.98,Debit,POS,POS,,,,,Pos Debit-    6114 6114 La Fitness Severn Severn MD,,,
10/31/2023,10/30/2023,24.23,Debit,POS,POS,,,,,Pos Debit-    6114 6114 Target        0001 Glen Burnie MD,,,
10/31/2023,10/30/2023,5.51,Debit,POS,POS,,,,,Pos Debit-    8678 8678 Sq *rise Up Coffee Annapolis MD,,,
10/30/2023,10/30/2023,11567.17,Credit,ACH Credit,ACH Credit,,,,,Deposit Microsoft Edipayment,,11100001,
10/27/2023,10/27/2023,29.00,Debit,Debit,Debit,,,,,Returned Check Charge,Service Charges/Fees,2100002,
10/25/2023,10/25/2023,29.00,Debit,Debit,Debit,,,,,Returned Check Charge,Service Charges/Fees,9100001,
10/23/2023,10/20/2023,1.06,Debit,POS,POS,,,,,7-Eleven,Groceries,,
10/20/2023,10/20/2023,5.50,Credit,Credit,Credit,,,,,ATM Rebate,Refunds/Adjustments,,
10/20/2023,10/19/2023,530.00,Debit,POS,POS,,,,,Apple Cash Transfer,Transfers,,
10/20/2023,10/18/2023,13.41,Debit,POS,POS,,,,,Qdoba Mexican Grill,Restaurants/Dining,,
10/20/2023,10/18/2023,7.58,Debit,POS,POS,,,,,Debit- XX 8678 Seoul Blues Annapolis MD,Restaurants/Dining,,
10/20/2023,10/18/2023,4.65,Debit,POS,POS,,,,,Parking Authority-baltimore,Travel,,
10/19/2023,10/17/2023,38.55,Debit,POS,POS,,,,,Safeway Fuel,Gasoline/Fuel,,
10/19/2023,10/18/2023,9.93,Debit,POS,POS,,,,,McDonald's,Restaurants/Dining,,
10/19/2023,10/18/2023,7.99,Debit,POS,POS,,,,,Apple,Electronics,,
10/19/2023,10/18/2023,6.60,Debit,POS,POS,,,,,Walmart,General Merchandise,,
10/19/2023,10/18/2023,6.48,Debit,POS,POS,,,,,Giant Food,Groceries,,
10/19/2023,10/17/2023,5.71,Debit,POS,POS,,,,,Wendy's,Restaurants/Dining,,
10/19/2023,10/19/2023,600.00,Credit,Transfer,Transfer,,,,,Transfer,Transfers,,
10/18/2023,10/18/2023,300.00,Debit,ACH Debit,ACH Debit,,,,,Capital One Credit Card Payment,Credit Card Payments,5607361,
10/18/2023,10/18/2023,125.35,Debit,ACH Debit,ACH Debit,,,,,Discover Bank Credit Card Payment,Credit Card Payments,9100001,
10/18/2023,10/17/2023,10.00,Debit,POS,POS,,,,,Target,General Merchandise,,
10/17/2023,10/17/2023,900.00,Debit,ACH Debit,ACH Debit,,,,,Toyota,Automotive Expenses,2800008,
10/17/2023,10/17/2023,418.01,Debit,Transfer,Transfer,,,,,Credit Card Payment,Credit Card Payments,,
10/17/2023,10/16/2023,25.00,Debit,POS,POS,,,,,Therapy Llc,Healthcare/Medical,,
10/17/2023,10/16/2023,8.76,Debit,POS,POS,,,,,McDonald's,Restaurants/Dining,,
10/17/2023,10/16/2023,7.24,Debit,POS,POS,,,,,Chili's,Restaurants/Dining,,
10/16/2023,10/16/2023,1957.35,Debit,ACH Debit,ACH Debit,,,,,JPMorgan Credit Card Payment,Credit Card Payments,2100002,
10/16/2023,10/16/2023,1338.03,Debit,ACH Debit,ACH Debit,,,,,Best Egg Loan,Loans,9100001,
10/16/2023,10/16/2023,500.00,Debit,ACH Debit,ACH Debit,,,,,Chase Credit Card Payment,Credit Card Payments,2100002,
10/16/2023,10/16/2023,300.00,Debit,ACH Debit,ACH Debit,,,,,Synchrony Bank Credit Card Payment,Credit Card Payments,4220268,
10/16/2023,10/15/2023,91.74,Debit,POS,POS,,,,,Sharps,Personal Care,,
10/16/2023,10/12/2023,76.32,Debit,POS,POS,,,,,Pos Debit-    6114 6114 Wee-sale Consignme Arnold MD,Securities Trades,,
10/16/2023,10/14/2023,58.51,Debit,POS,POS,,,,,Blue Moon Cafe,Restaurants/Dining,,
10/16/2023,10/12/2023,54.06,Debit,POS,POS,,,,,Pos Debit-    6114 6114 Wee-sale Consignme Arnold MD,Securities Trades,,
10/16/2023,10/13/2023,42.25,Debit,POS,POS,,,,,Sunoco,Gasoline/Fuel,,
10/16/2023,10/15/2023,41.98,Debit,POS,POS,,,,,Target,General Merchandise,,
10/16/2023,10/13/2023,38.00,Debit,POS,POS,,,,,Maria D's Sub Shop,Restaurants/Dining,,
10/16/2023,10/13/2023,29.00,Debit,POS,POS,,,,,Crabby,Restaurants/Dining,,
10/16/2023,10/14/2023,21.60,Debit,POS,POS,,,,,Zeke's Coffee,Restaurants/Dining,,
10/16/2023,10/13/2023,21.19,Debit,POS,POS,,,,,Target,General Merchandise,,
10/16/2023,10/15/2023,20.00,Debit,POS,POS,,,,,Debit- XX 8678 Sq *jz Pizza Marriottsvill MD,Restaurants/Dining,,
10/16/2023,10/15/2023,15.41,Debit,POS,POS,,,,,Sharps,Personal Care,,
10/16/2023,10/13/2023,12.54,Debit,POS,POS,,,,,Debit- XX 6114 Sq *western Maryla Cumberland MD,Groceries,,
10/16/2023,10/13/2023,12.54,Debit,POS,POS,,,,,Debit- XX 6114 Sq *western Maryla Cumberland MD,Groceries,,
10/16/2023,10/15/2023,10.88,Debit,POS,POS,,,,,McDonald's,Restaurants/Dining,,
10/16/2023,10/15/2023,9.73,Debit,POS,POS,,,,,7-Eleven,Groceries,,
10/16/2023,10/13/2023,9.49,Debit,POS,POS,,,,,Starbucks,Restaurants/Dining,,
10/16/2023,10/14/2023,2.00,Debit,POS,POS,,,,,Parking Authority-baltimore,Travel,,
10/16/2023,10/13/2023,250.00,Credit,Credit,Credit,,,,,Adjustment - Cr Alcove Eve* (3 Of Gabrielle@ghi MD,Refunds/Adjustments,,
10/13/2023,10/12/2023,169.58,Debit,POS,POS,,,,,Debit- XX 6114 Pti* Westernmaryla Www.peek.com UT,Online Services,,
10/13/2023,10/11/2023,22.86,Debit,POS,POS,,,,,Checkers,Restaurants/Dining,,
10/13/2023,10/13/2023,21.29,Debit,POS,POS,,,,,Walmart,General Merchandise,,
10/13/2023,10/13/2023,17.99,Debit,POS,POS,,,,,Giant Food,Groceries,,
10/13/2023,10/12/2023,15.78,Debit,POS,POS,,,,,Maria D's Sub Shop,Restaurants/Dining,,
10/13/2023,10/12/2023,6.18,Debit,POS,POS,,,,,Bruster's Ice Cream,Restaurants/Dining,,
10/13/2023,10/12/2023,4.75,Debit,POS,POS,,,,,McDonald's,Restaurants/Dining,,
10/12/2023,10/12/2023,79.99,Debit,ACH Debit,ACH Debit,,,,,Verizon,Telephone Services,3100003,
10/12/2023,10/11/2023,25.00,Debit,POS,POS,,,,,Franks Pizza,Restaurants/Dining,,
10/12/2023,10/11/2023,3.17,Debit,POS,POS,,,,,Royal Farms,Groceries,,
10/12/2023,10/12/2023,5219.77,Credit,ACH Credit,ACH Credit,,,,,Microsoft Deposit,Deposits,11100001,
10/11/2023,10/09/2023,11.52,Debit,POS,POS,,,,,Chick-fil-A,Restaurants/Dining,,
10/11/2023,10/11/2023,29.00,Debit,Debit,Debit,,,,,Returned Check Charge,Service Charges/Fees,2100002,
10/11/2023,10/10/2023,39.21,Credit,Credit,Credit,,,,,Target Refund,General Merchandise,,
10/10/2023,10/09/2023,62.00,Debit,POS,POS,,,,,Once Upon A Child,Child/Dependent Expenses,,
10/10/2023,10/09/2023,41.85,Debit,POS,POS,,,,,Target,General Merchandise,,
10/10/2023,10/08/2023,38.02,Debit,POS,POS,,,,,Giant Food,Groceries,,
10/10/2023,10/06/2023,25.00,Debit,POS,POS,,,,,European Wax Center,Personal Care,,
10/10/2023,10/07/2023,6.89,Debit,POS,POS,,,,,Target,General Merchandise,,
10/10/2023,10/07/2023,2.93,Debit,POS,POS,,,,,Sam's Club,General Merchandise,,
10/10/2023,10/06/2023,25.54,Credit,Credit,Credit,,,,,Target Refund,General Merchandise,,
10/06/2023,10/06/2023,18.00,Debit,ACH Debit,ACH Debit,,,,,Venmo Transfer,Transfers,9100001,
10/06/2023,10/06/2023,15.00,Debit,ACH Debit,ACH Debit,,,,,Venmo Transfer,Transfers,9100001,
10/06/2023,10/06/2023,5.00,Debit,ACH Debit,ACH Debit,,,,,Venmo Transfer,Transfers,9100001,
10/06/2023,10/05/2023,39.99,Debit,POS,POS,,,,,LA Fitness,Personal Care,,
10/06/2023,10/03/2023,12.00,Debit,POS,POS,,,,,Debit- XX 6114 Umb Plaza Garage Baltimore MD,Automotive Expenses,,
10/05/2023,10/05/2023,100.00,Debit,ACH Debit,ACH Debit,,,,,Lowe's,Home Improvement,2100002,
10/05/2023,10/04/2023,116.64,Debit,POS,POS,,,,,Debit- XX 6114 Annearundelco-util XX-1144 MD,Utilities,,
10/05/2023,10/04/2023,34.40,Debit,POS,POS,,,,,Chipotle Mexican Grill,Restaurants/Dining,,
10/05/2023,10/05/2023,280.00,Credit,Deposit,Deposit,,,,,Deposit,Deposits,,
10/04/2023,10/04/2023,616.54,Debit,ACH Debit,ACH Debit,,,,,New York Life Insurance Payment,Insurance,2100002,
10/04/2023,10/03/2023,195.18,Debit,POS,POS,,,,,AT&T,Cable/Satellite Services,,
10/04/2023,10/03/2023,80.86,Debit,POS,POS,,,,,Target,General Merchandise,,
10/04/2023,10/03/2023,34.99,Debit,POS,POS,,,,,Target,General Merchandise,,
10/04/2023,10/03/2023,16.40,Debit,POS,POS,,,,,Sams Bagels,Restaurants/Dining,,
10/04/2023,10/03/2023,9.99,Debit,POS,POS,,,,,Subway,Restaurants/Dining,,
10/04/2023,10/03/2023,8.55,Debit,POS,POS,,,,,7-Eleven,Groceries,,
10/04/2023,10/03/2023,6.63,Debit,POS,POS,,,,,The Great Cookie,Restaurants/Dining,,
10/04/2023,10/03/2023,2.43,Debit,POS,POS,,,,,Target,General Merchandise,,
10/03/2023,10/01/2023,80.00,Debit,POS,POS,,,,,Papermoon Diner,Restaurants/Dining,,
10/03/2023,10/02/2023,71.24,Debit,POS,POS,,,,,Target,General Merchandise,,
10/03/2023,10/02/2023,23.45,Debit,POS,POS,,,,,Target,General Merchandise,,
10/03/2023,10/02/2023,12.80,Debit,POS,POS,,,,,7-Eleven,Groceries,,
10/03/2023,10/02/2023,6.01,Debit,POS,POS,,,,,Giant Food,Groceries,,
10/03/2023,10/02/2023,4.86,Debit,POS,POS,,,,,McDonald's,Restaurants/Dining,,
10/02/2023,10/02/2023,275.00,Debit,ACH Debit,ACH Debit,,,,,Apple Card Credit Card Payment,Credit Card Payments,12408508,
10/02/2023,10/02/2023,193.50,Debit,ACH Debit,ACH Debit,,,,,Chase Credit Card Payment,Credit Card Payments,2100002,
10/02/2023,10/02/2023,182.50,Debit,ACH Debit,ACH Debit,,,,,Baltimore Gas and Electric Company Utilities Payment,Utilities,9100001,
10/02/2023,10/02/2023,30.00,Debit,ACH Debit,ACH Debit,,,,,Venmo Transfer,Transfers,9100001,
10/02/2023,09/29/2023,184.00,Debit,POS,POS,,,,,Debit- XX 8678 Fh* Bltchefshop Baltimorechef MD,Healthcare/Medical,,
10/02/2023,09/29/2023,184.00,Debit,POS,POS,,,,,Debit- XX 8678 Fh* Bltchefshop Baltimorechef MD,Healthcare/Medical,,
10/02/2023,09/29/2023,124.61,Debit,POS,POS,,,,,Target,General Merchandise,,
10/02/2023,09/29/2023,105.58,Debit,POS,POS,,,,,Debit- XX 6114 Sq *nick?s Barber Baltimore MD,Personal Care,,
10/02/2023,09/30/2023,100.00,Debit,POS,POS,,,,,Pos Debit-    8678 8678 Sq *bhd Extensions Glen Burnie MD,Service Charges/Fees,,
10/02/2023,09/29/2023,79.75,Debit,POS,POS,,,,,Metta Wellness Insurance Payment,Insurance,,
10/02/2023,09/30/2023,49.90,Debit,POS,POS,,,,,Weis Markets,Groceries,,
10/02/2023,09/30/2023,39.21,Debit,POS,POS,,,,,Debit- XX 8678 Edible.com Atlanta GA,Groceries,,
10/02/2023,09/29/2023,30.35,Debit,POS,POS,,,,,Sam's Club,General Merchandise,,
10/02/2023,09/29/2023,25.86,Debit,POS,POS,,,,,Fortune Cookie,Restaurants/Dining,,
10/02/2023,09/30/2023,20.00,Debit,POS,POS,,,,,Target,General Merchandise,,
10/02/2023,10/01/2023,19.56,Debit,POS,POS,,,,,Fortune Cookie,Restaurants/Dining,,
10/02/2023,09/28/2023,17.00,Debit,POS,POS,,,,,Dino's Restaurant,Restaurants/Dining,,
10/02/2023,09/30/2023,13.69,Debit,POS,POS,,,,,Chick-fil-A,Restaurants/Dining,,
10/02/2023,09/29/2023,13.14,Debit,POS,POS,,,,,Target,General Merchandise,,
10/02/2023,09/29/2023,12.37,Debit,POS,POS,,,,,Debit- XX 8678 Sq *diablo Doughnu Nottingham MD,Restaurants/Dining,,
10/02/2023,10/01/2023,10.59,Debit,POS,POS,,,,,Giant Food,Groceries,,
10/02/2023,09/30/2023,10.00,Debit,POS,POS,,,,,Target,General Merchandise,,
10/02/2023,09/29/2023,7.14,Debit,POS,POS,,,,,The Charmery,Restaurants/Dining,,
10/02/2023,10/01/2023,5.36,Debit,POS,POS,,,,,Giant Food,Groceries,,
10/02/2023,09/30/2023,4.11,Debit,POS,POS,,,,,7-Eleven,Groceries,,
10/02/2023,10/01/2023,2.49,Debit,POS,POS,,,,,Apple,Electronics,,
10/02/2023,09/29/2023,1.06,Debit,POS,POS,,,,,7-Eleven,Groceries,,
10/02/2023,09/29/2023,1.00,Debit,POS,POS,,,,,Parking Authority-baltimore,Travel,,
10/02/2023,10/02/2023,107.00,Credit,ACH Credit,ACH Credit,,,,,Venmo Transfer,Transfers,9100001,
09/29/2023,09/29/2023,1.32,Credit,Credit,Credit,,,,,Investment Income/Cash,Investment Income,,
09/29/2023,09/29/2023,507.27,Debit,Transfer,Transfer,,,,,Credit Card Payment,Credit Card Payments,,
09/29/2023,09/28/2023,9.00,Debit,POS,POS,,,,,Pos Debit-    8678 8678 Pt Solutions Of Gl Glen Burnie MD,Service Charges/Fees,,
09/29/2023,09/28/2023,7.00,Debit,POS,POS,,,,,Debit- XX 6114 Jhmi Parking Baltimore MD,Travel,,
09/29/2023,09/28/2023,4.75,Debit,POS,POS,,,,,Debit- XX 6114 Gift Shop At Jhh Baltimore MD,Gifts,,
09/29/2023,09/28/2023,40.27,Credit,Credit,Credit,,,,,Best Buy Refund,Electronics,,
09/28/2023,09/27/2023,22.26,Debit,POS,POS,,,,,Debit- XX 8678 Sq *diablo Doughnu Nottingham MD,Restaurants/Dining,,
09/28/2023,09/27/2023,15.00,Debit,POS,POS,,,,,Debit- XX 8678 Chynnea Marie Beau Chynneamarieb MD,Clothing/Shoes,,
09/28/2023,09/27/2023,14.10,Debit,POS,POS,,,,,Target,General Merchandise,,
09/28/2023,09/28/2023,5219.76,Credit,ACH Credit,ACH Credit,,,,,Microsoft Deposit,Deposits,11100001,
09/27/2023,09/26/2023,182.21,Debit,POS,POS,,,,,REI,General Merchandise,,
09/27/2023,09/25/2023,50.00,Debit,POS,POS,,,,,Debit- XX 6114 Aaco Liquor Board XX1148 MD,Groceries,,
09/27/2023,09/27/2023,29.00,Debit,Debit,Debit,,,,,Returned Check Charge,Service Charges/Fees,2100002,
09/26/2023,09/24/2023,108.35,Debit,POS,POS,,,,,Union Jacks,Restaurants/Dining,,
09/26/2023,09/24/2023,28.44,Debit,POS,POS,,,,,Debit- XX 6114 Amk M&t-f&b Conces Baltimore MD,Other Expenses,,
09/26/2023,09/24/2023,10.68,Debit,POS,POS,,,,,Debit- XX 6114 Amk M&t- Hawking Baltimore MD,Other Expenses,,
09/26/2023,09/24/2023,7.42,Debit,POS,POS,,,,,Debit- XX 6114 Amk M&t-f&b Conces Baltimore MD,Other Expenses,,
09/25/2023,09/25/2023,537.47,Debit,ACH Debit,ACH Debit,,,,,Best Egg Loan,Loans,9100001,
09/25/2023,09/22/2023,105.13,Debit,POS,POS,,,,,Koco's Pub,Restaurants/Dining,,
09/25/2023,09/21/2023,83.65,Debit,POS,POS,,,,,A L Schutzman Company,Groceries,,
09/25/2023,09/22/2023,53.00,Debit,POS,POS,,,,,Debit- XX 6114 Mark Supik And Com Baltimore MD,Groceries,,
09/25/2023,09/24/2023,41.40,Debit,POS,POS,,,,,Sam's Club,General Merchandise,,
09/25/2023,09/22/2023,20.00,Debit,POS,POS,,,,,Debit- XX 8678 Sq *diablo Doughnu Nottingham MD,Restaurants/Dining,,
09/25/2023,09/22/2023,16.78,Debit,POS,POS,,,,,"Bruster's Ice Cream, Inc",Restaurants/Dining,,
09/25/2023,09/20/2023,12.07,Debit,POS,POS,,,,,Raising Cane's,Restaurants/Dining,,
09/25/2023,09/24/2023,11.33,Debit,POS,POS,,,,,Ledo Pizza,Restaurants/Dining,,
09/25/2023,09/23/2023,10.00,Debit,POS,POS,,,,,BP Global,Gasoline/Fuel,,
09/25/2023,09/24/2023,5.00,Debit,POS,POS,,,,,Debit- XX 8678 Chynnea Marie Beau Chynneamarieb MD,Clothing/Shoes,,
09/25/2023,09/24/2023,143.50,Debit,ATM,ATM,,,,,ATM/Cash Withdrawal,ATM/Cash Withdrawals,,
09/25/2023,09/24/2023,1.00,Debit,Debit,Debit,,,,,Other Charges/Fees,Service Charges/Fees,,
09/25/2023,09/24/2023,1.00,Debit,Debit,Debit,,,,,Other Charges/Fees,Service Charges/Fees,,
09/22/2023,09/21/2023,104.54,Debit,POS,POS,,,,,The Container Store,General Merchandise,,
09/22/2023,09/21/2023,72.97,Debit,POS,POS,,,,,Target,General Merchandise,,
09/22/2023,09/21/2023,44.98,Debit,POS,POS,,,,,Debit- XX 6114 M2m*productgirlsco XX-8520 OH,Clothing/Shoes,,
09/22/2023,09/21/2023,40.27,Debit,POS,POS,,,,,Best Buy,Electronics,,
09/22/2023,09/21/2023,30.00,Debit,POS,POS,,,,,Target,General Merchandise,,
09/22/2023,09/21/2023,19.52,Debit,POS,POS,,,,,Giant Food,Groceries,,
09/22/2023,09/21/2023,19.20,Debit,POS,POS,,,,,Rise Up Coffee,Restaurants/Dining,,
09/22/2023,09/21/2023,10.77,Debit,POS,POS,,,,,McDonald's,Restaurants/Dining,,
09/22/2023,09/21/2023,4.75,Debit,POS,POS,,,,,Rise Up Coffee,Restaurants/Dining,,
09/22/2023,09/21/2023,1.19,Debit,POS,POS,,,,,Target,General Merchandise,,
09/21/2023,09/20/2023,87.00,Debit,POS,POS,,,,,Metta Wellness Insurance Payment,Insurance,,
09/21/2023,09/20/2023,53.00,Debit,POS,POS,,,,,Babylist,Child/Dependent Expenses,,
09/21/2023,09/19/2023,7.87,Debit,POS,POS,,,,,Five Guys,Restaurants/Dining,,
09/21/2023,09/19/2023,5.82,Debit,POS,POS,,,,,Chick-fil-A,Restaurants/Dining,,
09/20/2023,09/19/2023,159.00,Debit,POS,POS,,,,,Deckers Outdoor Corporation,Clothing/Shoes,,
09/20/2023,09/19/2023,18.76,Debit,POS,POS,,,,,P. F. Chang's China Bistro,Restaurants/Dining,,
09/20/2023,09/19/2023,18.62,Debit,POS,POS,,,,,Five Guys,Restaurants/Dining,,
09/20/2023,09/19/2023,8.00,Debit,POS,POS,,,,,Rise Up Coffee,Restaurants/Dining,,
09/20/2023,09/18/2023,7.42,Debit,POS,POS,,,,,Starbucks,Restaurants/Dining,,
09/20/2023,09/20/2023,500.00,Debit,ACH Debit,ACH Debit,,,,,ACH Debit - Claudaya Hood Be,Home Improvement,9999999999,
09/20/2023,09/20/2023,200.00,Debit,ACH Debit,ACH Debit,,,,,ACH Debit - Claudaya Hood Be,Home Improvement,9999999999,
09/19/2023,09/18/2023,50.00,Debit,POS,POS,,,,,Transfer,Transfers,,
09/19/2023,09/18/2023,40.00,Debit,POS,POS,,,,,Zelle Transfer,Transfers,,
09/19/2023,09/18/2023,23.80,Debit,POS,POS,,,,,Sam's Club,General Merchandise,,
09/19/2023,09/18/2023,9.50,Debit,POS,POS,,,,,McDonald's,Restaurants/Dining,,
09/19/2023,09/18/2023,7.99,Debit,POS,POS,,,,,Apple,Electronics,,
09/18/2023,09/18/2023,6620.00,Debit,ACH Debit,ACH Debit,,,,,- Jhulive XX0163,Insurance,5200163,
09/18/2023,09/18/2023,900.00,Debit,ACH Debit,ACH Debit,,,,,Toyota,Automotive Expenses,2800008,
09/18/2023,09/18/2023,500.00,Debit,ACH Debit,ACH Debit,,,,,Discover Bank Credit Card Payment,Credit Card Payments,9100001,
09/18/2023,09/18/2023,500.00,Debit,ACH Debit,ACH Debit,,,,,Chase Credit Card Payment,Credit Card Payments,2100002,
09/18/2023,09/18/2023,300.00,Debit,ACH Debit,ACH Debit,,,,,Capital One Credit Card Payment,Credit Card Payments,5607361,
09/18/2023,09/18/2023,300.00,Debit,ACH Debit,ACH Debit,,,,,Lowe's,Home Improvement,2100002,
09/18/2023,09/15/2023,563.35,Debit,POS,POS,,,,,Debit- XX 6114 Alcove Eve* (3 Of Gabrielle@ghi MD,Online Services,,
09/18/2023,09/15/2023,396.44,Debit,POS,POS,,,,,Pottery Barn Kids,General Merchandise,,
09/18/2023,09/15/2023,237.37,Debit,POS,POS,,,,,Costco,General Merchandise,,
09/18/2023,09/15/2023,200.00,Debit,POS,POS,,,,,Zelle Transfer,Transfers,,
09/18/2023,09/17/2023,119.18,Debit,POS,POS,,,,,Iron Rooster,Restaurants/Dining,,
09/18/2023,09/17/2023,114.46,Debit,POS,POS,,,,,Dream Baby,Clothing/Shoes,,
09/18/2023,09/16/2023,81.95,Debit,POS,POS,,,,,Brooklyn Tea,Restaurants/Dining,,
09/18/2023,09/15/2023,78.78,Debit,POS,POS,,,,,calabash tea,Restaurants/Dining,,
09/18/2023,09/15/2023,71.54,Debit,POS,POS,,,,,Target,General Merchandise,,
09/18/2023,09/16/2023,65.00,Debit,POS,POS,,,,,Debit- XX 8678 Blvd *nail Haven Odenton MD,Personal Care,,
09/18/2023,09/16/2023,34.45,Debit,POS,POS,,,,,Etsy,General Merchandise,,
09/18/2023,09/15/2023,34.22,Debit,POS,POS,,,,,Target,General Merchandise,,
09/18/2023,09/18/2023,32.64,Debit,POS,POS,,,,,Debit- XX 6114 Shri Sai Kripa Httpstherango MD,Restaurants/Dining,,
09/18/2023,09/16/2023,30.00,Debit,POS,POS,,,,,Pos Debit-    6114 6114 Nebula Subscriptio Httpsnebula.t CO,Dues and Subscriptions,,
09/18/2023,09/15/2023,25.00,Debit,POS,POS,,,,,McCormick,Groceries,,
09/18/2023,09/15/2023,22.99,Debit,POS,POS,,,,,Costco,General Merchandise,,
09/18/2023,09/17/2023,17.54,Debit,POS,POS,,,,,Giant Food,Groceries,,
09/18/2023,09/17/2023,15.00,Debit,POS,POS,,,,,Apple Cash Transfer,Transfers,,
09/18/2023,09/15/2023,13.53,Debit,POS,POS,,,,,Quickway Hibachi,Restaurants/Dining,,
09/18/2023,09/15/2023,12.91,Debit,POS,POS,,,,,McDonald's,Restaurants/Dining,,
09/18/2023,09/14/2023,12.69,Debit,POS,POS,,,,,Taco Bell,Restaurants/Dining,,
09/18/2023,09/15/2023,10.95,Debit,POS,POS,,,,,Quickway Hibachi,Restaurants/Dining,,
09/18/2023,09/18/2023,139.13,Credit,Transfer,Transfer,,,,,Transfer,Transfers,,
09/18/2023,09/17/2023,20.00,Credit,Credit,Credit,,,,,Zelle Transfer,Transfers,,
09/15/2023,09/15/2023,20.00,Debit,ACH Debit,ACH Debit,,,,,Venmo Transfer,Transfers,9100001,
09/15/2023,09/15/2023,500.00,Debit,Transfer,Transfer,,,,,Credit Card Payment,Credit Card Payments,,
09/15/2023,09/14/2023,142.03,Debit,POS,POS,,,,,Debit- XX 8678 Sp Goodbuy Gear Httpskidgear. CO,Clothing/Shoes,,
09/15/2023,09/13/2023,25.00,Debit,POS,POS,,,,,Transfer,Transfers,,
09/15/2023,09/13/2023,8.42,Debit,POS,POS,,,,,Starbucks,Restaurants/Dining,,
09/15/2023,09/14/2023,5.82,Debit,POS,POS,,,,,Panera Bread,Restaurants/Dining,,
09/15/2023,09/13/2023,33.08,Credit,Credit,Credit,,,,,The Container Store Refund,General Merchandise,,
09/14/2023,09/14/2023,1338.03,Debit,ACH Debit,ACH Debit,,,,,Best Egg Loan,Loans,9100001,
09/14/2023,09/13/2023,121.90,Debit,POS,POS,,,,,Pos Debit-    8678 8678 Sq *bhd Extensions Glen Burnie MD,Service Charges/Fees,,
09/14/2023,09/13/2023,37.09,Debit,POS,POS,,,,,Old Navy,Clothing/Shoes,,
09/14/2023,09/12/2023,12.18,Debit,POS,POS,,,,,Wendy's,Restaurants/Dining,,
09/14/2023,09/14/2023,15480.22,Credit,ACH Credit,ACH Credit,,,,,Microsoft Deposit,Deposits,11100001,
09/14/2023,09/13/2023,105.98,Credit,Credit,Credit,,,,,Old Navy Refund,Clothing/Shoes,,
09/14/2023,09/13/2023,39.21,Credit,Credit,Credit,,,,,Old Navy Refund,Clothing/Shoes,,
09/13/2023,09/12/2023,105.08,Debit,POS,POS,,,,,Debit- XX 8678 Edible.com Atlanta GA,Groceries,,
09/13/2023,09/12/2023,11.85,Debit,POS,POS,,,,,Target,General Merchandise,,
09/13/2023,09/12/2023,9.99,Debit,POS,POS,,,,,"Bruster's Ice Cream, Inc",Restaurants/Dining,,
09/13/2023,09/12/2023,8.09,Debit,POS,POS,,,,,Bruster's Ice Cream,Restaurants/Dining,,
09/12/2023,09/12/2023,79.99,Debit,ACH Debit,ACH Debit,,,,,Verizon,Telephone Services,3100003,
09/12/2023,09/11/2023,33.79,Debit,POS,POS,,,,,Debit- XX 6114 Shri Sai Kripa Httpstherango MD,Restaurants/Dining,,
09/12/2023,09/11/2023,33.10,Debit,POS,POS,,,,,Sam's Club,General Merchandise,,
09/12/2023,09/11/2023,26.40,Debit,POS,POS,,,,,USPS,Postage and Shipping,,
09/11/2023,09/08/2023,240.00,Debit,POS,POS,,,,,PayPal Transfer,Transfers,,
09/11/2023,09/09/2023,162.00,Debit,POS,POS,,,,,Patriot Center,Clothing/Shoes,,
09/11/2023,09/11/2023,61.40,Debit,POS,POS,,,,,Zazzle,General Merchandise,,
09/11/2023,09/10/2023,49.77,Debit,POS,POS,,,,,Ledo Pizza,Restaurants/Dining,,
09/11/2023,09/08/2023,44.70,Debit,POS,POS,,,,,Giant Food,Groceries,,
09/11/2023,09/08/2023,36.91,Debit,POS,POS,,,,,P. F. Chang's China Bistro,Restaurants/Dining,,
09/11/2023,09/09/2023,31.97,Debit,POS,POS,,,,,Pippos,Restaurants/Dining,,
09/11/2023,09/09/2023,28.00,Debit,POS,POS,,,,,Debit- XX 8678 Deggeller Foods In Palm City FL,Groceries,,
09/11/2023,09/09/2023,23.69,Debit,POS,POS,,,,,The Grill,Restaurants/Dining,,
09/11/2023,09/10/2023,19.06,Debit,POS,POS,,,,,Target,General Merchandise,,
09/11/2023,09/11/2023,10.13,Debit,POS,POS,,,,,Giant Food,Groceries,,
09/11/2023,09/08/2023,9.00,Debit,POS,POS,,,,,Pos Debit-    8678 8678 Pt Solutions Of Gl Glen Burnie MD,Service Charges/Fees,,
09/11/2023,09/08/2023,6.63,Debit,POS,POS,,,,,Starbucks,Restaurants/Dining,,
09/11/2023,09/08/2023,3.70,Debit,POS,POS,,,,,McDonald's,Restaurants/Dining,,
09/11/2023,09/07/2023,2.96,Debit,POS,POS,,,,,Chick-fil-A,Restaurants/Dining,,
09/08/2023,09/07/2023,504.00,Debit,POS,POS,,,,,Debit- XX 6114 Aacc-cashier's Off XX-2236 MD,Online Services,,
09/08/2023,09/07/2023,67.76,Debit,POS,POS,,,,,Harris Teeter,Groceries,,
09/07/2023,09/06/2023,117.66,Debit,POS,POS,,,,,Cengage Learning,Education,,
09/07/2023,09/06/2023,23.50,Debit,POS,POS,,,,,Sam's Club,General Merchandise,,
09/07/2023,09/06/2023,15.06,Debit,POS,POS,,,,,Chipotle Mexican Grill,Restaurants/Dining,,
09/07/2023,09/06/2023,12.67,Debit,POS,POS,,,,,aacc bookstore,Hobbies,,
09/07/2023,09/05/2023,11.08,Debit,POS,POS,,,,,Starbucks,Restaurants/Dining,,
09/07/2023,09/06/2023,9.14,Debit,POS,POS,,,,,Debit- XX 8678 Hawks Nest Grill A Arnold MD,Restaurants/Dining,,
09/07/2023,09/05/2023,2.96,Debit,POS,POS,,,,,Chick-fil-A,Restaurants/Dining,,
09/07/2023,09/07/2023,864.00,Credit,ACH Credit,ACH Credit,,,,,Deposit,Deposits,4100012,
09/06/2023,09/04/2023,76.80,Debit,POS,POS,,,,,Buffalo Wild Wings,Restaurants/Dining,,
09/06/2023,09/05/2023,39.99,Debit,POS,POS,,,,,LA Fitness,Personal Care,,
09/06/2023,09/04/2023,35.86,Debit,POS,POS,,,,,Hook & Reel,Restaurants/Dining,,
09/05/2023,09/05/2023,1957.35,Debit,ACH Debit,ACH Debit,,,,,Freedom Mortgage Home Loan/Mortgage,Mortgages,4100103,
09/05/2023,09/02/2023,933.45,Debit,POS,POS,,,,,La-Z-Boy,General Merchandise,,
09/05/2023,09/02/2023,739.88,Debit,POS,POS,,,,,Second Chance,General Merchandise,,
09/05/2023,09/01/2023,526.57,Debit,POS,POS,,,,,Old Navy,Clothing/Shoes,,
09/05/2023,09/02/2023,428.67,Debit,POS,POS,,,,,The Container Store,General Merchandise,,
09/05/2023,09/02/2023,319.54,Debit,POS,POS,,,,,The Container Store,General Merchandise,,
09/05/2023,09/03/2023,195.18,Debit,POS,POS,,,,,AT&T,Cable/Satellite Services,,
09/05/2023,09/02/2023,174.89,Debit,POS,POS,,,,,Babylist,Child/Dependent Expenses,,
09/05/2023,09/03/2023,119.47,Debit,POS,POS,,,,,Snuggle Me Organic,Child/Dependent Expenses,,
09/05/2023,09/02/2023,111.30,Debit,POS,POS,,,,,Dick's Sporting Goods,General Merchandise,,
09/05/2023,09/01/2023,70.22,Debit,POS,POS,,,,,P. F. Chang's China Bistro,Restaurants/Dining,,
09/05/2023,09/02/2023,37.45,Debit,POS,POS,,,,,Sam's Club,General Merchandise,,
09/05/2023,09/01/2023,36.17,Debit,POS,POS,,,,,Silver Moon Diner,Restaurants/Dining,,
09/05/2023,09/03/2023,30.00,Debit,POS,POS,,,,,Debit- XX 8678 Sq *diablo Doughnu Nottingham MD,Restaurants/Dining,,
09/05/2023,08/31/2023,27.00,Debit,POS,POS,,,,,Harney Fine Teas,Online Services,,
09/05/2023,09/02/2023,23.07,Debit,POS,POS,,,,,The Container Store,General Merchandise,,
09/05/2023,09/01/2023,21.67,Debit,POS,POS,,,,,Starbucks,Restaurants/Dining,,
09/05/2023,09/02/2023,20.64,Debit,POS,POS,,,,,The Container Store,General Merchandise,,
09/05/2023,09/03/2023,17.95,Debit,POS,POS,,,,,Walmart,General Merchandise,,
09/05/2023,08/31/2023,10.58,Debit,POS,POS,,,,,Debit- XX 8678 Hawks Nest Grill A Arnold MD,Restaurants/Dining,,
09/05/2023,09/01/2023,9.00,Debit,POS,POS,,,,,Pos Debit-    8678 8678 Pt Solutions Of Gl Glen Burnie MD,Service Charges/Fees,,
09/05/2023,09/04/2023,7.09,Debit,POS,POS,,,,,McDonald's,Restaurants/Dining,,
09/05/2023,09/03/2023,2.89,Debit,POS,POS,,,,,Giant Food,Groceries,,
09/05/2023,09/02/2023,2.49,Debit,POS,POS,,,,,Apple,Electronics,,
09/05/2023,09/02/2023,332.83,Credit,Credit,Credit,,,,,The Container Store Refund,General Merchandise,,
09/01/2023,09/01/2023,3481.48,Debit,ACH Debit,ACH Debit,,,,,Chase Credit Card Payment,Credit Card Payments,2100002,
09/01/2023,09/01/2023,1099.77,Debit,ACH Debit,ACH Debit,,,,,Apple Card Credit Card Payment,Credit Card Payments,12408508,
09/01/2023,08/31/2023,203.64,Debit,POS,POS,,,,,Harris Teeter,Groceries,,
09/01/2023,08/31/2023,31.75,Debit,POS,POS,,,,,aacc bookstore,Hobbies,,
09/01/2023,08/31/2023,23.43,Debit,POS,POS,,,,,Giant Food,Groceries,,
09/01/2023,09/01/2023,400.00,Debit,ATM,ATM,,,,,ATM/Cash Withdrawal,ATM/Cash Withdrawals,,
08/31/2023,08/31/2023,1.90,Credit,Credit,Credit,,,,,Investment Income/Cash,Investment Income,,
08/31/2023,08/31/2023,198.00,Debit,ACH Debit,ACH Debit,,,,,Baltimore Gas and Electric Company Utilities Payment,Utilities,9100001,
08/31/2023,08/31/2023,1000.00,Debit,Transfer,Transfer,,,,,Credit Card Payment,Credit Card Payments,,
08/31/2023,08/28/2023,56.84,Debit,POS,POS,,,,,U-Haul,Rent,,
08/31/2023,08/30/2023,46.61,Debit,POS,POS,,,,,Giant Food,Groceries,,
08/31/2023,08/30/2023,44.95,Debit,POS,POS,,,,,Amazon Marketplace,General Merchandise,,
08/31/2023,08/29/2023,36.75,Debit,POS,POS,,,,,7-Eleven,Groceries,,
08/31/2023,08/29/2023,7.94,Debit,POS,POS,,,,,Taco Bell,Restaurants/Dining,,
08/30/2023,08/29/2023,18.02,Debit,POS,POS,,,,,Giant Food,Groceries,,
08/30/2023,08/28/2023,9.00,Debit,POS,POS,,,,,Pos Debit-    8678 8678 Pt Solutions Of Gl Glen Burnie MD,Service Charges/Fees,,
08/30/2023,08/30/2023,3.87,Debit,POS,POS,,,,,Giant Food,Groceries,,
08/30/2023,08/30/2023,4852.12,Credit,ACH Credit,ACH Credit,,,,,Microsoft Deposit,Deposits,11100001,
08/29/2023,08/28/2023,540.00,Debit,POS,POS,,,,,Zelle Transfer,Transfers,,
08/29/2023,08/28/2023,52.09,Debit,POS,POS,,,,,Debit- XX 6114 Food At Fortunecoo Menufy.com KS,Groceries,,
08/29/2023,08/28/2023,38.00,Debit,POS,POS,,,,,Ledo Pizza,Restaurants/Dining,,
08/29/2023,08/28/2023,34.40,Debit,POS,POS,,,,,aacc bookstore,Hobbies,,
08/29/2023,08/27/2023,32.01,Debit,POS,POS,,,,,Naval Bagels,Restaurants/Dining,,
08/29/2023,08/28/2023,31.89,Debit,POS,POS,,,,,Office Depot,Office Supplies,,
08/29/2023,08/27/2023,21.14,Debit,POS,POS,,,,,Starbucks,Restaurants/Dining,,
08/29/2023,08/28/2023,18.09,Debit,POS,POS,,,,,Shell,Gasoline/Fuel,,
08/29/2023,08/28/2023,11.90,Debit,POS,POS,,,,,Debit- XX 6114 Aa County Landfill Severn MD,Utilities,,
08/28/2023,08/28/2023,616.54,Debit,ACH Debit,ACH Debit,,,,,New York Life Insurance Payment,Insurance,2100002,
08/28/2023,08/27/2023,250.00,Debit,POS,POS,,,,,Debit- XX 6114 Freestate Gun Rang Httpsfreestat MD,Online Services,,
08/28/2023,08/27/2023,108.45,Debit,POS,POS,,,,,Target,General Merchandise,,
08/28/2023,08/27/2023,53.48,Debit,POS,POS,,,,,Giant Food,Groceries,,
08/28/2023,08/26/2023,52.99,Debit,POS,POS,,,,,Debit- XX 8678 Hair Q Georgetown SC,Personal Care,,
08/28/2023,08/26/2023,24.72,Debit,POS,POS,,,,,CVS Pharmacy,Healthcare/Medical,,
08/28/2023,08/25/2023,24.33,Debit,POS,POS,,,,,Debit- XX 8678 Sq *carolina Natur Pawleys Islan SC,Groceries,,
08/28/2023,08/26/2023,22.18,Debit,POS,POS,,,,,Publix,Groceries,,
08/28/2023,08/28/2023,12.48,Debit,POS,POS,,,,,Giant Food,Groceries,,
08/28/2023,08/26/2023,5.83,Debit,POS,POS,,,,,Starbucks,Restaurants/Dining,,
08/25/2023,08/25/2023,1000.00,Debit,Transfer,Transfer,,,,,Credit Card Payment,Credit Card Payments,,
08/25/2023,08/24/2023,88.03,Debit,POS,POS,,,,,Cabana Cafe,Restaurants/Dining,,
08/25/2023,08/25/2023,61.99,Debit,POS,POS,,,,,Nintendo,Entertainment,,
08/25/2023,08/24/2023,23.30,Debit,POS,POS,,,,,Nintendo,Entertainment,,
08/24/2023,08/23/2023,384.02,Debit,POS,POS,,,,,Seatgeek,Entertainment,,
08/24/2023,08/23/2023,27.03,Debit,POS,POS,,,,,Publix,Groceries,,
08/23/2023,08/23/2023,537.47,Debit,ACH Debit,ACH Debit,,,,,Best Egg Loan,Loans,9100001,
08/22/2023,08/22/2023,300.00,Debit,ACH Debit,ACH Debit,,,,,Capital One Credit Card Payment,Credit Card Payments,5607361,
08/22/2023,08/21/2023,393.75,Debit,POS,POS,,,,,Debit- XX 6114 Alcove Eve* (2 Of Gabrielle@ghi MD,Online Services,,
08/22/2023,08/22/2023,309.05,Debit,POS,POS,,,,,Publix,Groceries,,
08/22/2023,08/21/2023,146.12,Debit,POS,POS,,,,,Walmart,General Merchandise,,
08/22/2023,08/20/2023,65.00,Debit,POS,POS,,,,,Pappas Restaurant,Restaurants/Dining,,
08/22/2023,08/21/2023,46.74,Debit,POS,POS,,,,,Cracker Barrel,Restaurants/Dining,,
08/22/2023,08/21/2023,41.40,Debit,POS,POS,,,,,BP Global,Gasoline/Fuel,,
08/22/2023,08/21/2023,4.76,Debit,POS,POS,,,,,Nintendo,Entertainment,,
08/22/2023,08/21/2023,3.80,Debit,POS,POS,,,,,Nintendo,Entertainment,,
08/21/2023,08/21/2023,7.00,Credit,Credit,Credit,,,,,ATM Rebate,Refunds/Adjustments,,
08/21/2023,08/21/2023,225.00,Debit,ACH Debit,ACH Debit,,,,,Venmo Transfer,Transfers,9100001,
08/21/2023,08/21/2023,33.00,Debit,ACH Debit,ACH Debit,,,,,Venmo Transfer,Transfers,9100001,
08/21/2023,08/21/2023,1250.00,Debit,POS,POS,,,,,Venmo Transfer,Transfers,,
08/21/2023,08/17/2023,160.00,Debit,POS,POS,,,,,Debit- XX 8678 Blvd *nail Haven Odenton MD,Personal Care,,
08/21/2023,08/20/2023,106.84,Debit,POS,POS,,,,,Sam's Club,General Merchandise,,
08/21/2023,08/18/2023,80.46,Debit,POS,POS,,,,,Target,General Merchandise,,
08/21/2023,08/18/2023,54.66,Debit,POS,POS,,,,,Sam's Club,General Merchandise,,
08/21/2023,08/19/2023,51.35,Debit,POS,POS,,,,,Dunkin' Donuts,Restaurants/Dining,,
08/21/2023,08/18/2023,42.80,Debit,POS,POS,,,,,Best Cleaners,Personal Care,,
08/21/2023,08/20/2023,20.00,Debit,POS,POS,,,,,Ledo Pizza,Restaurants/Dining,,
08/21/2023,08/20/2023,14.30,Debit,POS,POS,,,,,Sam's Club,General Merchandise,,
08/21/2023,08/20/2023,12.58,Debit,POS,POS,,,,,7-Eleven,Groceries,,
08/21/2023,08/18/2023,11.87,Debit,POS,POS,,,,,Target,General Merchandise,,
08/21/2023,08/18/2023,9.17,Debit,POS,POS,,,,,Chick-fil-A,Restaurants/Dining,,
08/21/2023,08/20/2023,8.85,Debit,POS,POS,,,,,Walmart,General Merchandise,,
08/21/2023,08/19/2023,7.99,Debit,POS,POS,,,,,Apple,Electronics,,
08/21/2023,08/21/2023,13587.00,Credit,Transfer,Transfer,,,,,Transfer,Transfers,,
08/18/2023,08/17/2023,152.64,Debit,POS,POS,,,,,Grammarly's,Online Services,,
08/18/2023,08/17/2023,31.60,Debit,POS,POS,,,,,Sam's Club,General Merchandise,,
08/18/2023,08/17/2023,6.72,Debit,POS,POS,,,,,Panera Bread,Restaurants/Dining,,
08/18/2023,08/18/2023,1750.00,Credit,Deposit,Deposit,,,,,Deposit,Deposits,,
08/17/2023,08/17/2023,98.75,Debit,ACH Debit,ACH Debit,,,,,Discover Bank Credit Card Payment,Credit Card Payments,9100001,
08/17/2023,08/17/2023,500.00,Debit,POS,POS,,,,,Venmo Transfer,Transfers,,
08/17/2023,08/16/2023,433.65,Debit,POS,POS,,,,,Debit- XX 8678 Sq *blue Iris Flow Catonsville MD,Restaurants/Dining,,
08/17/2023,08/16/2023,200.00,Debit,POS,POS,,,,,Zelle Transfer,Transfers,,
08/17/2023,08/16/2023,31.98,Debit,POS,POS,,,,,Bagels 'n Grinds,Restaurants/Dining,,
08/17/2023,08/16/2023,18.08,Debit,POS,POS,,,,,Chipotle Mexican Grill,Restaurants/Dining,,
08/16/2023,08/16/2023,900.00,Debit,ACH Debit,ACH Debit,,,,,Toyota,Automotive Expenses,2800008,
08/16/2023,08/15/2023,23.09,Debit,POS,POS,,,,,Gianni's Pizza,Restaurants/Dining,,
08/16/2023,08/15/2023,21.20,Debit,POS,POS,,,,,Debit- XX 6114 Pp*superstar Card Baltimore MD,Other Expenses,,
08/16/2023,08/15/2023,15.26,Debit,POS,POS,,,,,Bagels 'n Grinds,Restaurants/Dining,,
08/16/2023,08/15/2023,11.11,Debit,POS,POS,,,,,Bagels 'n Grinds,Restaurants/Dining,,
08/16/2023,08/15/2023,7.65,Debit,POS,POS,,,,,CVS Pharmacy,Healthcare/Medical,,
08/16/2023,08/16/2023,400.00,Debit,Debit,Debit,,,,,ATM/Cash Withdrawal,ATM/Cash Withdrawals,,
08/16/2023,08/16/2023,125.00,Debit,Debit,Debit,,,,,Payment by Check,Checks,,
08/15/2023,08/15/2023,1338.03,Debit,ACH Debit,ACH Debit,,,,,ACH Debit - Best Egg  Payment 9100001,,9100001,
08/14/2023,08/14/2023,49.99,Debit,ACH Debit,ACH Debit,,,,,Verizon,Telephone Services,3100003,
08/14/2023,08/12/2023,154.24,Debit,POS,POS,,,,,Costco,General Merchandise,,
08/14/2023,08/11/2023,94.34,Debit,POS,POS,,,,,Kate Spade,Clothing/Shoes,,
08/14/2023,08/11/2023,30.43,Debit,POS,POS,,,,,Sam's Club,General Merchandise,,
08/14/2023,08/13/2023,10.59,Debit,POS,POS,,,,,Nintendo,Entertainment,,
08/14/2023,08/12/2023,2.00,Debit,POS,POS,,,,,Premium Parking,Travel,,
08/14/2023,08/14/2023,4809.17,Credit,ACH Credit,ACH Credit,,,,,Microsoft Deposit,Deposits,11100001,
08/14/2023,08/14/2023,396.95,Credit,Deposit,Deposit,,,,,Deposit,Deposits,,
08/14/2023,08/11/2023,154.98,Credit,Credit,Credit,,,,,Old Navy Refund,Clothing/Shoes,,
08/11/2023,08/10/2023,5.71,Debit,POS,POS,,,,,Rita's,Restaurants/Dining,,
08/09/2023,08/07/2023,11.71,Debit,POS,POS,,,,,Starbucks,Restaurants/Dining,,
08/09/2023,08/08/2023,8.00,Debit,POS,POS,,,,,Premium Parking,Travel,,
08/09/2023,08/09/2023,6.88,Debit,POS,POS,,,,,Giant Food,Groceries,,
08/08/2023,08/06/2023,109.27,Debit,POS,POS,,,,,Debit- XX 6114 Wisecare Urgent Ca Pasadena MD,Healthcare/Medical,,
08/08/2023,08/06/2023,68.50,Debit,POS,POS,,,,,Debit- XX 6114 Tst* Conrads Crabs Parkville MD,Restaurants/Dining,,
08/08/2023,08/07/2023,23.03,Debit,POS,POS,,,,,Ledo Pizza,Restaurants/Dining,,
08/08/2023,08/07/2023,15.57,Debit,POS,POS,,,,,7-Eleven,Groceries,,
08/08/2023,08/07/2023,10.63,Debit,POS,POS,,,,,7-Eleven,Groceries,,
08/07/2023,08/07/2023,70.00,Debit,ACH Debit,ACH Debit,,,,,Venmo Transfer,Transfers,9100001,
08/07/2023,08/07/2023,10.00,Debit,ACH Debit,ACH Debit,,,,,Venmo Transfer,Transfers,9100001,
08/07/2023,08/04/2023,361.16,Debit,POS,POS,,,,,Sunglass Hut,Clothing/Shoes,,
08/07/2023,08/04/2023,341.21,Debit,POS,POS,,,,,Kate Spade,Clothing/Shoes,,
08/07/2023,08/04/2023,143.60,Debit,POS,POS,,,,,Old Navy,Clothing/Shoes,,
08/07/2023,08/04/2023,94.63,Debit,POS,POS,,,,,Target,General Merchandise,,
08/07/2023,08/04/2023,89.48,Debit,POS,POS,,,,,Debit- XX 8678 Ls Shepherdstown L XX9780 WV,Clothing/Shoes,,
08/07/2023,08/04/2023,50.88,Debit,POS,POS,,,,,Old Navy,Clothing/Shoes,,
08/07/2023,08/05/2023,39.99,Debit,POS,POS,,,,,LA Fitness,Personal Care,,
08/07/2023,08/06/2023,29.96,Debit,POS,POS,,,,,Popeyes Louisiana Kitchen,Restaurants/Dining,,
08/07/2023,08/04/2023,18.15,Debit,POS,POS,,,,,Sam's Club,General Merchandise,,
08/07/2023,08/03/2023,18.02,Debit,POS,POS,,,,,KELSEY'S,Restaurants/Dining,,
08/07/2023,08/06/2023,18.00,Debit,POS,POS,,,,,European Wax Center,Personal Care,,
08/07/2023,08/04/2023,16.00,Debit,POS,POS,,,,,Canton Car Wash,Automotive Expenses,,
08/07/2023,08/05/2023,15.71,Debit,POS,POS,,,,,Buffalo Wild Wings,Restaurants/Dining,,
08/07/2023,08/04/2023,11.91,Debit,POS,POS,,,,,Ulta Beauty,Personal Care,,
08/07/2023,08/05/2023,8.47,Debit,POS,POS,,,,,Pos Debit-    6114 6114 Franks Den Glen Burnie MD,Service Charges/Fees,,
08/07/2023,08/04/2023,5.35,Debit,POS,POS,,,,,Starbucks,Restaurants/Dining,,
08/07/2023,08/04/2023,3.49,Debit,POS,POS,,,,,Chick-fil-A,Restaurants/Dining,,
08/07/2023,08/04/2023,34.11,Credit,Credit,Credit,,,,,Old Navy Refund,Clothing/Shoes,,
08/04/2023,08/03/2023,205.54,Debit,POS,POS,,,,,Old Navy,Clothing/Shoes,,
08/04/2023,08/03/2023,195.18,Debit,POS,POS,,,,,AT&T,Cable/Satellite Services,,
08/04/2023,08/02/2023,45.00,Debit,POS,POS,,,,,Dell,Restaurants/Dining,,
08/04/2023,08/03/2023,35.20,Debit,POS,POS,,,,,Chili's,Restaurants/Dining,,
08/04/2023,08/03/2023,25.01,Debit,POS,POS,,,,,"Bruster's Ice Cream, Inc",Restaurants/Dining,,
08/04/2023,08/02/2023,13.78,Debit,POS,POS,,,,,Target,General Merchandise,,
08/04/2023,08/02/2023,0.92,Debit,POS,POS,,,,,Target,General Merchandise,,
08/03/2023,08/03/2023,1957.35,Debit,ACH Debit,ACH Debit,,,,,Freedom Mortgage Corporation Home Loan/Mortgage,Mortgages,4100103,
08/03/2023,08/03/2023,505.45,Debit,ACH Debit,ACH Debit,,,,,- Annearundelcctf Web Pmts XX2468,Rent,11192468,
08/03/2023,08/03/2023,501.32,Debit,ACH Debit,ACH Debit,,,,,Lowe's Credit Card Payment,Credit Card Payments,2100002,
08/03/2023,08/03/2023,250.00,Debit,POS,POS,,,,,Zelle Transfer,Transfers,,
08/03/2023,08/02/2023,43.44,Debit,POS,POS,,,,,Sam's Club,General Merchandise,,
08/03/2023,08/02/2023,20.16,Debit,POS,POS,,,,,Robeks,Restaurants/Dining,,
08/03/2023,08/02/2023,18.53,Debit,POS,POS,,,,,Debit- XX 6114 Chois Chicken & Tr Baltimore MD,Restaurants/Dining,,
08/03/2023,08/02/2023,4.55,Debit,POS,POS,,,,,Robeks,Restaurants/Dining,,
08/02/2023,08/02/2023,2000.00,Debit,ACH Debit,ACH Debit,,,,,Apple Card Credit Card Payment,Credit Card Payments,12408508,
08/02/2023,08/02/2023,450.00,Debit,ACH Debit,ACH Debit,,,,,Chase Credit Card Payment,Credit Card Payments,2100002,
08/02/2023,08/02/2023,100.00,Debit,ACH Debit,ACH Debit,,,,,Chase Credit Card Payment,Credit Card Payments,2100002,
08/02/2023,08/01/2023,95.39,Debit,POS,POS,,,,,Debit- XX 6114 K & G New Carrolto New Carrollto MD,Other Expenses,,
08/02/2023,08/01/2023,31.73,Debit,POS,POS,,,,,Men's Wearhouse,Clothing/Shoes,,
08/02/2023,08/01/2023,13.80,Debit,POS,POS,,,,,Rise Up Coffee,Restaurants/Dining,,
08/02/2023,08/01/2023,9.37,Debit,POS,POS,,,,,Bojangles' Famous Chicken 'n Biscuits,Restaurants/Dining,,
08/02/2023,08/02/2023,5.00,Debit,POS,POS,,,,,BP Global,Gasoline/Fuel,,
08/02/2023,08/02/2023,2.49,Debit,POS,POS,,,,,Apple,Electronics,,
08/01/2023,08/01/2023,198.00,Debit,ACH Debit,ACH Debit,,,,,Baltimore Gas and Electric Company Utilities Payment,Utilities,9100001,
08/01/2023,08/01/2023,500.00,Debit,Transfer,Transfer,,,,,Credit Card Payment,Credit Card Payments,,
08/01/2023,07/31/2023,400.00,Debit,POS,POS,,,,,Venmo Transfer,Transfers,,
08/01/2023,07/31/2023,222.97,Debit,POS,POS,,,,,Zazzle,General Merchandise,,
08/01/2023,07/31/2023,111.87,Debit,POS,POS,,,,,Popeyes Louisiana Kitchen,Restaurants/Dining,,
08/01/2023,07/31/2023,39.12,Debit,POS,POS,,,,,Dunkin' Donuts,Restaurants/Dining,,
08/01/2023,07/31/2023,27.54,Debit,POS,POS,,,,,Debit- XX 6114 Hiphop Baltimore MD,Restaurants/Dining,,
08/01/2023,07/31/2023,21.09,Debit,POS,POS,,,,,Dunkin' Donuts,Restaurants/Dining,,
08/01/2023,07/31/2023,20.05,Debit,POS,POS,,,,,Debit- XX 6114 Security Cmf Gwynn Oak MD US,Online Services,,
07/31/2023,07/31/2023,1.33,Credit,Credit,Credit,,,,,Interest,Interest,,
07/31/2023,07/30/2023,220.10,Debit,POS,POS,,,,,Halfmoon Yoga,Personal Care,,
07/31/2023,07/27/2023,135.00,Debit,POS,POS,,,,,Debit- XX 8678 Mva Eservices XX7299 MD,Online Services,,
07/31/2023,07/30/2023,109.00,Debit,POS,POS,,,,,Lakes Jam,Entertainment,,
07/31/2023,07/30/2023,51.00,Debit,POS,POS,,,,,Mi Pueblo,Groceries,,
07/31/2023,07/30/2023,37.00,Debit,POS,POS,,,,,Regal Cinemas,Entertainment,,
07/31/2023,07/30/2023,26.79,Debit,POS,POS,,,,,Regal Cinemas,Entertainment,,
07/31/2023,07/30/2023,2.75,Debit,POS,POS,,,,,McDonald's,Restaurants/Dining,,
07/31/2023,07/30/2023,2.20,Debit,Debit,Debit,,,,,Other Charges/Fees,Service Charges/Fees,,
07/28/2023,07/27/2023,122.11,Debit,POS,POS,,,,,Ulta Beauty,Personal Care,,
07/28/2023,07/27/2023,51.94,Debit,POS,POS,,,,,Sephora,Personal Care,,
07/28/2023,07/27/2023,41.72,Debit,POS,POS,,,,,Nordstrom Rack,Clothing/Shoes,,
07/28/2023,07/26/2023,18.49,Debit,POS,POS,,,,,Starbucks,Restaurants/Dining,,
07/28/2023,07/26/2023,7.73,Debit,POS,POS,,,,,Royal Farms,Groceries,,
07/28/2023,07/28/2023,10675.43,Credit,ACH Credit,ACH Credit,,,,,Microsoft Deposit,Deposits,11100001,
07/27/2023,07/26/2023,46.81,Debit,POS,POS,,,,,Target,General Merchandise,,
07/27/2023,07/25/2023,17.49,Debit,POS,POS,,,,,Love & Salt,Restaurants/Dining,,
07/27/2023,07/26/2023,11.79,Debit,POS,POS,,,,,Weis Markets,Groceries,,
07/27/2023,07/26/2023,9.00,Debit,POS,POS,,,,,Pos Debit-    8678 8678 Pt Solutions Of Gl Glen Burnie MD,Service Charges/Fees,,
07/27/2023,07/26/2023,6.46,Debit,POS,POS,,,,,Rita's,Restaurants/Dining,,
07/27/2023,07/25/2023,5.82,Debit,POS,POS,,,,,Auntie Anne's,Restaurants/Dining,,
07/27/2023,07/26/2023,24.38,Credit,Credit,Credit,,,,,Target Refund,General Merchandise,,
07/26/2023,07/26/2023,616.54,Debit,ACH Debit,ACH Debit,,,,,New York Life Insurance Payment,Insurance,2100002,
07/26/2023,07/25/2023,45.95,Debit,POS,POS,,,,,Sam's Club,General Merchandise,,
07/26/2023,07/25/2023,10.99,Debit,POS,POS,,,,,Tropical Smoothie Cafe,Restaurants/Dining,,
07/26/2023,07/25/2023,101.50,Debit,ATM,ATM,,,,,ATM/Cash Withdrawal,ATM/Cash Withdrawals,,
07/26/2023,07/25/2023,1.00,Debit,Debit,Debit,,,,,Other Charges/Fees,Service Charges/Fees,,
07/26/2023,07/26/2023,20.00,Credit,Credit,Credit,,,,,Zelle Transfer,Transfers,,
07/25/2023,07/25/2023,537.47,Debit,ACH Debit,ACH Debit,,,,,Best Egg Loan,Loans,9100001,
07/25/2023,07/25/2023,37.00,Debit,POS,POS,,,,,Regal Cinemas,Entertainment,,
07/25/2023,07/25/2023,37.00,Debit,POS,POS,,,,,Regal Cinemas,Entertainment,,
07/25/2023,07/24/2023,25.94,Debit,POS,POS,,,,,Regal Cinemas,Entertainment,,
07/24/2023,07/23/2023,42.41,Debit,POS,POS,,,,,Giant Food,Groceries,,
07/24/2023,07/22/2023,18.00,Debit,POS,POS,,,,,Gianni's Pizza,Restaurants/Dining,,
07/24/2023,07/21/2023,9.00,Debit,POS,POS,,,,,Pos Debit-    8678 8678 Pt Solutions Of Gl Glen Burnie MD,Service Charges/Fees,,
07/24/2023,07/20/2023,4.86,Debit,POS,POS,,,,,Chick-fil-A,Restaurants/Dining,,
07/24/2023,07/21/2023,23.50,Debit,ATM,ATM,,,,,ATM/Cash Withdrawal,ATM/Cash Withdrawals,,
07/24/2023,07/21/2023,1.00,Debit,Debit,Debit,,,,,Other Charges/Fees,Service Charges/Fees,,
07/21/2023,07/21/2023,9.00,Credit,Credit,Credit,,,,,ATM Rebate,Refunds/Adjustments,,
07/21/2023,07/20/2023,177.30,Debit,POS,POS,,,,,Debit- XX 8678 Tst* Conrads Crabs Nottingham MD,Restaurants/Dining,,
07/21/2023,07/20/2023,176.42,Debit,POS,POS,,,,,Harris Teeter,Groceries,,
07/21/2023,07/19/2023,27.77,Debit,POS,POS,,,,,Debit- XX 6114 Tst* Island Quizin Gwynn Oak MD,Restaurants/Dining,,
07/21/2023,07/19/2023,14.45,Debit,POS,POS,,,,,Chick-fil-A,Restaurants/Dining,,
07/20/2023,07/20/2023,700.00,Debit,Transfer,Transfer,,,,,Credit Card Payment,Credit Card Payments,,
07/20/2023,07/19/2023,41.75,Debit,POS,POS,,,,,Sam's Club,General Merchandise,,
07/20/2023,07/18/2023,20.10,Debit,POS,POS,,,,,Debit- XX 8678 Tst* Island Quizin Gwynn Oak MD,Restaurants/Dining,,
07/19/2023,07/18/2023,103.00,Debit,POS,POS,,,,,Debit- XX 8678 Sp Sun & Lace Httpssunlace. WI,Other Expenses,,
07/19/2023,07/18/2023,18.42,Debit,POS,POS,,,,,Giant Food,Groceries,,
07/19/2023,07/18/2023,10.48,Debit,POS,POS,,,,,CVS Pharmacy,Healthcare/Medical,,
07/19/2023,07/17/2023,8.11,Debit,POS,POS,,,,,Chick-fil-A,Restaurants/Dining,,
07/19/2023,07/18/2023,7.99,Debit,POS,POS,,,,,Apple,Electronics,,
07/19/2023,07/17/2023,6.00,Debit,POS,POS,,,,,Parking Authority-baltimore,Travel,,
07/18/2023,07/18/2023,900.00,Debit,ACH Debit,ACH Debit,,,,,Toyota,Automotive Expenses,2800008,
07/18/2023,07/18/2023,300.00,Debit,ACH Debit,ACH Debit,,,,,Capital One Credit Card Payment,Credit Card Payments,5607361,
07/18/2023,07/17/2023,40.72,Debit,POS,POS,,,,,Giant Food,Groceries,,
07/18/2023,07/16/2023,37.05,Debit,POS,POS,,,,,Georgia Peach,Restaurants/Dining,,
07/18/2023,07/17/2023,34.00,Debit,POS,POS,,,,,Pos Debit-    8678 8678 Pt Solutions Of Gl Glen Burnie MD,Service Charges/Fees,,
07/18/2023,07/17/2023,20.90,Debit,POS,POS,,,,,Rite Aid,Healthcare/Medical,,
07/18/2023,07/17/2023,200.00,Debit,ATM,ATM,,,,,ATM/Cash Withdrawal,ATM/Cash Withdrawals,,
07/17/2023,07/17/2023,600.00,Debit,ACH Debit,ACH Debit,,,,,Discover Bank Credit Card Payment,Credit Card Payments,9100001,
07/17/2023,07/17/2023,62.00,Debit,ACH Debit,ACH Debit,,,,,Venmo Transfer,Transfers,9100001,
07/17/2023,07/16/2023,200.00,Debit,POS,POS,,,,,Debit- XX 6114 Zelle*leslie Geat Visa Direct AZ US,Clothing/Shoes,,
07/17/2023,07/16/2023,112.46,Debit,POS,POS,,,,,Target,General Merchandise,,
07/17/2023,07/15/2023,62.34,Debit,POS,POS,,,,,Whole Foods Market,Groceries,,
07/17/2023,07/15/2023,59.08,Debit,POS,POS,,,,,Target,General Merchandise,,
07/17/2023,07/15/2023,48.50,Debit,POS,POS,,,,,Debit- XX 6114 Tst* Conrads Crabs Parkville MD,Restaurants/Dining,,
07/17/2023,07/13/2023,43.07,Debit,POS,POS,,,,,Debit- XX 6114 Greenspring Cafe Baltimore MD,Restaurants/Dining,,
07/17/2023,07/16/2023,35.85,Debit,POS,POS,,,,,Sam's Club,General Merchandise,,
07/17/2023,07/15/2023,20.00,Debit,POS,POS,,,,,European Wax Center,Personal Care,,
07/17/2023,07/15/2023,13.72,Debit,POS,POS,,,,,Debit- XX 8678 Sq *pure Green Col Columbia MD,Restaurants/Dining,,
07/17/2023,07/16/2023,12.18,Debit,POS,POS,,,,,Popeyes Louisiana Kitchen,Restaurants/Dining,,
07/17/2023,07/13/2023,11.44,Debit,POS,POS,,,,,Debit- XX 6114 Greenspring Cafe Baltimore MD,Restaurants/Dining,,
07/17/2023,07/16/2023,7.55,Debit,POS,POS,,,,,McDonald's,Restaurants/Dining,,
07/17/2023,07/17/2023,200.00,Debit,ATM,ATM,,,,,ATM/Cash Withdrawal,ATM/Cash Withdrawals,,
07/14/2023,07/14/2023,1338.03,Debit,ACH Debit,ACH Debit,,,,,Best Egg Loan,Loans,9100001,
07/14/2023,07/13/2023,35.46,Debit,POS,POS,,,,,Peking Court,Restaurants/Dining,,
07/14/2023,07/13/2023,14.00,Debit,POS,POS,,,,,Debit- XX 8678 Fsp*sinai Hospital Baltimore MD,Healthcare/Medical,,
07/14/2023,07/13/2023,5.00,Debit,POS,POS,,,,,Debit- XX 6114 Fsp*sinai Hospital Baltimore MD,Healthcare/Medical,,
07/14/2023,07/13/2023,4.00,Debit,POS,POS,,,,,Debit- XX 6114 Fsp*sinai Hospital Baltimore MD,Healthcare/Medical,,
07/13/2023,07/12/2023,136.01,Debit,POS,POS,,,,,Bella Roma,Restaurants/Dining,,
07/13/2023,07/12/2023,80.55,Debit,POS,POS,,,,,Target,General Merchandise,,
07/13/2023,07/11/2023,17.11,Debit,POS,POS,,,,,Chick-fil-A,Restaurants/Dining,,
07/13/2023,07/12/2023,16.64,Debit,POS,POS,,,,,Target,General Merchandise,,
07/13/2023,07/13/2023,12.37,Debit,POS,POS,,,,,Subway,Restaurants/Dining,,
07/13/2023,07/12/2023,10.86,Debit,POS,POS,,,,,Target,General Merchandise,,
07/13/2023,07/11/2023,10.00,Debit,POS,POS,,,,,Debit- XX 8678 Fsp*sinai Hospital Baltimore MD,Healthcare/Medical,,
07/13/2023,07/13/2023,9.49,Debit,POS,POS,,,,,Quickway Japanese,Restaurants/Dining,,
07/13/2023,07/11/2023,6.30,Debit,POS,POS,,,,,Chick-fil-A,Restaurants/Dining,,
07/13/2023,07/13/2023,2.49,Debit,POS,POS,,,,,Quickway Japanese,Restaurants/Dining,,
07/13/2023,07/12/2023,100.00,Debit,ATM,ATM,,,,,ATM/Cash Withdrawal,ATM/Cash Withdrawals,,
07/13/2023,07/13/2023,4809.18,Credit,ACH Credit,ACH Credit,,,,,Microsoft Deposit,Deposits,11100001,
07/12/2023,07/12/2023,49.99,Debit,ACH Debit,ACH Debit,,,,,Verizon,Telephone Services,3100003,
07/12/2023,07/11/2023,37.85,Debit,POS,POS,,,,,Sam's Club,General Merchandise,,
07/12/2023,07/11/2023,35.09,Debit,POS,POS,,,,,McDonald's,Restaurants/Dining,,
07/12/2023,07/11/2023,32.83,Debit,POS,POS,,,,,Target,General Merchandise,,
07/12/2023,07/11/2023,30.00,Debit,POS,POS,,,,,Ulta Beauty,Personal Care,,
07/12/2023,07/11/2023,11.20,Debit,POS,POS,,,,,Sandy Pony Donuts,Restaurants/Dining,,
07/12/2023,07/11/2023,10.74,Debit,POS,POS,,,,,Rise Up Coffee,Restaurants/Dining,,
07/11/2023,07/10/2023,53.59,Debit,POS,POS,,,,,Debit- XX 8678 Philadelphia Style Pikesville MD,Clothing/Shoes,,
07/11/2023,07/10/2023,40.81,Debit,POS,POS,,,,,Peking Court,Restaurants/Dining,,
07/11/2023,07/10/2023,32.89,Debit,POS,POS,,,,,Dunkin' Donuts,Restaurants/Dining,,
07/11/2023,07/10/2023,7.99,Debit,POS,POS,,,,,Dunkin' Donuts,Restaurants/Dining,,
07/11/2023,07/10/2023,7.37,Debit,POS,POS,,,,,McDonald's,Restaurants/Dining,,
07/11/2023,07/09/2023,6.68,Debit,POS,POS,,,,,Debit- XX 6114 Greenspring Cafe Baltimore MD,Restaurants/Dining,,
07/11/2023,07/09/2023,3.77,Debit,POS,POS,,,,,Debit- XX 6114 Greenspring Cafe Baltimore MD,Restaurants/Dining,,
07/10/2023,07/07/2023,125.00,Debit,POS,POS,,,,,Zelle Transfer,Transfers,,
07/10/2023,07/09/2023,60.00,Debit,POS,POS,,,,,Zelle Transfer,Transfers,,
07/10/2023,07/09/2023,41.61,Debit,POS,POS,,,,,Bella Roma,Restaurants/Dining,,
07/10/2023,07/08/2023,38.40,Debit,POS,POS,,,,,Chick-fil-A,Restaurants/Dining,,
07/10/2023,07/08/2023,22.88,Debit,POS,POS,,,,,Target,General Merchandise,,
07/10/2023,07/07/2023,22.27,Debit,POS,POS,,,,,Bella Roma,Restaurants/Dining,,
07/10/2023,07/07/2023,15.74,Debit,POS,POS,,,,,Target,General Merchandise,,
07/10/2023,07/08/2023,13.91,Debit,POS,POS,,,,,Subway,Restaurants/Dining,,
07/10/2023,07/08/2023,13.84,Debit,POS,POS,,,,,CVS Pharmacy,Healthcare/Medical,,
07/10/2023,07/09/2023,13.58,Debit,POS,POS,,,,,7-Eleven,Groceries,,
07/10/2023,07/07/2023,12.51,Debit,POS,POS,,,,,Rise Up Coffee,Restaurants/Dining,,
07/10/2023,07/07/2023,10.00,Debit,POS,POS,,,,,Debit- XX 6114 Fsp*sinai Hospital Baltimore MD,Healthcare/Medical,,
07/10/2023,07/07/2023,9.78,Debit,POS,POS,,,,,Panera Bread,Restaurants/Dining,,
07/10/2023,07/09/2023,9.41,Debit,POS,POS,,,,,Subway,Restaurants/Dining,,
07/10/2023,07/07/2023,9.00,Debit,POS,POS,,,,,Pos Debit-    8678 8678 Pt Solutions Of Gl Glen Burnie MD,Service Charges/Fees,,
07/10/2023,07/07/2023,8.67,Debit,POS,POS,,,,,McDonald's,Restaurants/Dining,,
07/07/2023,07/06/2023,794.99,Debit,POS,POS,,,,,Debit- XX 8678 Uppababy Uppababy.com MA,Child/Dependent Expenses,,
07/07/2023,07/06/2023,20.00,Debit,POS,POS,,,,,Rise Up Coffee,Restaurants/Dining,,
07/07/2023,07/05/2023,13.65,Debit,POS,POS,,,,,Debit- XX 8678 American Wings & P Baltimore MD,Restaurants/Dining,,
07/07/2023,07/05/2023,8.64,Debit,POS,POS,,,,,Starbucks,Restaurants/Dining,,
07/07/2023,07/07/2023,7.12,Debit,POS,POS,,,,,"Bruster's Ice Cream, Inc",Restaurants/Dining,,
07/07/2023,07/06/2023,5.39,Debit,POS,POS,,,,,McDonald's,Restaurants/Dining,,
07/07/2023,07/05/2023,1.25,Debit,POS,POS,,,,,Debit- XX 8678 American Wings & P Baltimore MD,Restaurants/Dining,,
07/07/2023,07/05/2023,1.00,Debit,POS,POS,,,,,Parking Authority-baltimore,Travel,,
07/07/2023,07/07/2023,605.52,Credit,Deposit,Deposit,,,,,Deposit,Deposits,,
07/06/2023,07/05/2023,41.50,Debit,POS,POS,,,,,BJ's Wholesale Club Gas,Gasoline/Fuel,,
07/06/2023,07/05/2023,39.99,Debit,POS,POS,,,,,LA Fitness,Personal Care,,
07/06/2023,07/06/2023,10.91,Debit,POS,POS,,,,,Debit- XX 8678 B1 Korean Bbq Baltimore MD,Restaurants/Dining,,
07/06/2023,07/05/2023,5.28,Debit,POS,POS,,,,,McDonald's,Restaurants/Dining,,
07/06/2023,07/06/2023,3191.82,Credit,ACH Credit,ACH Credit,,,,,Deposit,Deposits,4100012,
07/05/2023,07/05/2023,392.00,Debit,ACH Debit,ACH Debit,,,,,Chase Credit Card Payment,Credit Card Payments,2100002,
07/05/2023,07/05/2023,79.00,Debit,ACH Debit,ACH Debit,,,,,Chase Credit Card Payment,Credit Card Payments,2100002,
07/05/2023,07/05/2023,497.08,Debit,Transfer,Transfer,,,,,Credit Card Payment,Credit Card Payments,,
07/05/2023,07/03/2023,195.23,Debit,POS,POS,,,,,AT&T,Cable/Satellite Services,,
07/05/2023,07/04/2023,177.99,Debit,POS,POS,,,,,Hanna Andersson,Clothing/Shoes,,
07/05/2023,07/03/2023,34.86,Debit,POS,POS,,,,,Pos Debit-    6114 6114 Franks Den Glen Burnie MD,Service Charges/Fees,,
07/05/2023,07/04/2023,20.26,Debit,POS,POS,,,,,Giant Food,Groceries,,
07/05/2023,07/03/2023,14.59,Debit,POS,POS,,,,,Target,General Merchandise,,
07/05/2023,07/04/2023,11.69,Debit,POS,POS,,,,,Five Guys,Restaurants/Dining,,
07/05/2023,07/03/2023,10.91,Debit,POS,POS,,,,,Wendy's,Restaurants/Dining,,
07/05/2023,07/05/2023,1000.00,Credit,Transfer,Transfer,,,,,Transfer,Transfers,,
07/05/2023,07/03/2023,60.18,Credit,Credit,Credit,,,,,Target Refund,General Merchandise,,
07/05/2023,07/05/2023,3.00,Credit,Credit,Credit,,,,,Zelle Transfer,Transfers,,
07/03/2023,07/03/2023,1957.35,Debit,ACH Debit,ACH Debit,,,,,Freedom Mortgage Corporation Home Loan/Mortgage,Mortgages,4100103,
07/03/2023,07/03/2023,572.40,Debit,ACH Debit,ACH Debit,,,,,Apple Card Credit Card Payment,Credit Card Payments,12408508,
07/03/2023,07/03/2023,187.98,Debit,ACH Debit,ACH Debit,,,,,Baltimore Gas and Electric Company Utilities Payment,Utilities,9100001,
07/03/2023,06/30/2023,400.00,Debit,POS,POS,,,,,Venmo Transfer,Transfers,,
07/03/2023,07/02/2023,179.13,Debit,POS,POS,,,,,Debit- XX 8678 Sp Goodbuy Gear Httpskidgear. CO,Clothing/Shoes,,
07/03/2023,07/02/2023,112.60,Debit,POS,POS,,,,,Debit- XX 8678 Annearundelco-util XX-1144 MD,Utilities,,
07/03/2023,06/30/2023,68.01,Debit,POS,POS,,,,,Chili's,Restaurants/Dining,,
07/03/2023,07/02/2023,64.00,Debit,POS,POS,,,,,"Debit- XX 8678 Sp Newton Baby, In Staging.newto NY",Clothing/Shoes,,
07/03/2023,07/01/2023,58.86,Debit,POS,POS,,,,,Debit- XX 6114 Jacks Fine Food & Baltimore MD,Restaurants/Dining,,
07/03/2023,06/30/2023,43.46,Debit,POS,POS,,,,,Debit- XX 8678 Tst* B-all Thai Ll Baltimore MD,Restaurants/Dining,,
07/03/2023,07/02/2023,22.27,Debit,POS,POS,,,,,Target,General Merchandise,,
07/03/2023,07/02/2023,20.13,Debit,POS,POS,,,,,Giant Food,Groceries,,
07/03/2023,06/30/2023,18.00,Debit,POS,POS,,,,,Pos Debit-    8678 8678 Pt Solutions Of Gl Glen Burnie MD,Service Charges/Fees,,
07/03/2023,06/30/2023,17.90,Debit,POS,POS,,,,,Sam's Club,General Merchandise,,
07/03/2023,06/30/2023,11.35,Debit,POS,POS,,,,,Target,General Merchandise,,
07/03/2023,07/02/2023,2.49,Debit,POS,POS,,,,,Apple,Electronics,,
06/30/2023,06/30/2023,0.62,Credit,Credit,Credit,,,,,Interest,Interest,,
06/30/2023,06/29/2023,19.28,Debit,POS,POS,,,,,Giant Food,Groceries,,
06/29/2023,06/27/2023,45.40,Debit,POS,POS,,,,,Debit- XX 6114 Tst* The Olive Tre Glen Burnie MD,Restaurants/Dining,,
06/29/2023,06/28/2023,43.97,Debit,POS,POS,,,,,Rangoli Restaurant,Restaurants/Dining,,
06/29/2023,06/28/2023,15.00,Debit,POS,POS,,,,,Ledo Pizza,Restaurants/Dining,,
06/29/2023,06/28/2023,11.58,Debit,POS,POS,,,,,Krispy Kreme,Restaurants/Dining,,
06/29/2023,06/29/2023,4809.18,Credit,ACH Credit,ACH Credit,,,,,Microsoft Deposit,Deposits,11100001,
06/28/2023,06/27/2023,93.97,Debit,POS,POS,,,,,Target,General Merchandise,,
06/28/2023,06/27/2023,4.58,Debit,POS,POS,,,,,Target,General Merchandise,,
06/28/2023,06/27/2023,0.92,Debit,POS,POS,,,,,Target,General Merchandise,,
06/27/2023,06/26/2023,40.68,Debit,POS,POS,,,,,Giant Food,Groceries,,
06/27/2023,06/26/2023,24.98,Debit,POS,POS,,,,,Rangoli Restaurant,Restaurants/Dining,,
06/27/2023,06/26/2023,22.92,Debit,POS,POS,,,,,Harris Teeter,Groceries,,
06/27/2023,06/26/2023,3.17,Debit,POS,POS,,,,,Popeyes Louisiana Kitchen,Restaurants/Dining,,
06/27/2023,06/26/2023,2.75,Debit,POS,POS,,,,,McDonald's,Restaurants/Dining,,
06/26/2023,06/26/2023,616.54,Debit,ACH Debit,ACH Debit,,,,,New York Life Insurance Payment,Insurance,2100002,
06/26/2023,06/26/2023,20.00,Debit,ACH Debit,ACH Debit,,,,,Venmo Transfer,Transfers,9100001,
06/26/2023,06/24/2023,36.75,Debit,POS,POS,,,,,Sam's Club,General Merchandise,,
06/26/2023,06/24/2023,28.41,Debit,POS,POS,,,,,Five Guys,Restaurants/Dining,,
06/26/2023,06/25/2023,19.00,Debit,POS,POS,,,,,Debit- XX 6114 Mali Thai Glen Burnie MD,Restaurants/Dining,,
06/26/2023,06/25/2023,12.04,Debit,POS,POS,,,,,"Bruster's Ice Cream, Inc",Restaurants/Dining,,
06/26/2023,06/23/2023,9.86,Debit,POS,POS,,,,,Five Guys,Restaurants/Dining,,
06/26/2023,06/24/2023,9.71,Debit,POS,POS,,,,,McDonald's,Restaurants/Dining,,
06/26/2023,06/23/2023,7.31,Debit,POS,POS,,,,,Starbucks,Restaurants/Dining,,
06/26/2023,06/22/2023,3.38,Debit,POS,POS,,,,,Safeway,Groceries,,
06/26/2023,06/26/2023,1000.00,Credit,Transfer,Transfer,,,,,Transfer,Transfers,,
06/23/2023,06/23/2023,537.47,Debit,ACH Debit,ACH Debit,,,,,Best Egg Loan,Loans,9100001,
06/23/2023,06/22/2023,75.00,Debit,POS,POS,,,,,Zelle Transfer,Transfers,,
06/23/2023,06/22/2023,21.16,Debit,POS,POS,,,,,The Home Depot,Home Improvement,,
06/23/2023,06/23/2023,13.04,Debit,POS,POS,,,,,Giant Food,Groceries,,
06/23/2023,06/22/2023,9.49,Debit,POS,POS,,,,,Yum's Asian Bistro,Restaurants/Dining,,
06/23/2023,06/21/2023,5.71,Debit,POS,POS,,,,,Chick-fil-A,Restaurants/Dining,,
06/23/2023,06/22/2023,5.70,Debit,POS,POS,,,,,McDonald's,Restaurants/Dining,,
06/22/2023,06/21/2023,20.00,Debit,POS,POS,,,,,Debit- XX 8678 Chynnea Marie Beau Chynneamarieb MD,Clothing/Shoes,,
06/22/2023,06/21/2023,203.50,Debit,ATM,ATM,,,,,ATM/Cash Withdrawal,ATM/Cash Withdrawals,,
06/22/2023,06/21/2023,43.50,Debit,ATM,ATM,,,,,ATM/Cash Withdrawal,ATM/Cash Withdrawals,,
06/22/2023,06/21/2023,1.00,Debit,Debit,Debit,,,,,Other Charges/Fees,Service Charges/Fees,,
06/22/2023,06/21/2023,1.00,Debit,Debit,Debit,,,,,Other Charges/Fees,Service Charges/Fees,,
